key,orig_grp_acoustic,orig_grp_register,orig_grp_rhythm,orig_grp_structure,orig_grp_texture,orig_grp_tonal,orig_harmonicity_mean,orig_polyphony_mean,orig_polyphony_rate,orig_roughness_p90,orig_tension_peaks,orig_total,shift_grp_acoustic,shift_grp_register,shift_grp_rhythm,shift_grp_structure,shift_grp_texture,shift_grp_tonal,shift_harmonicity_mean,shift_polyphony_mean,shift_polyphony_rate,shift_roughness_p90,shift_tension_peaks,shift_total,status
C0000,13.8,100.0,53.2,100.0,100.0,58.1,0.5521,2.16,0.507,0.0171,13,70.1,100.0,100.0,53.2,100.0,66.7,58.1,0.6419,2.31,1.0,0.0085,90,74.7,ok
C0001,98.4,100.0,55.0,100.0,66.7,75.6,0.6674,2.21,1.0,0.0105,20,76.7,100.0,100.0,55.0,100.0,89.3,75.6,0.6104,2.66,0.771,0.009,14,80.7,ok
C0002,87.5,99.3,100.0,100.0,72.5,100.0,0.7401,2.25,0.935,0.0037,18,89.1,100.0,99.3,100.0,100.0,70.1,100.0,0.6778,3.95,0.958,0.0053,49,90.2,ok
C0003,100.0,83.3,50.2,100.0,86.4,91.9,0.6472,1.47,0.368,0.0055,36,78.2,100.0,83.3,50.2,100.0,73.3,91.9,0.6551,2.08,0.927,0.0049,32,76.0,ok
C0004,85.9,100.0,88.0,81.3,85.4,51.1,0.7515,1.64,0.204,0.0113,11,80.3,55.3,100.0,88.0,85.5,69.7,51.1,0.542,3.89,0.962,0.0096,17,74.4,ok
C0005,100.0,86.7,100.0,50.0,96.7,59.8,0.6373,2.49,0.698,0.0084,248,84.9,100.0,86.7,100.0,50.0,81.0,59.8,0.6114,3.12,0.852,0.007,410,82.2,ok
C0006,100.0,100.0,100.0,100.0,97.9,100.0,0.6682,2.22,0.687,0.0045,16,97.3,100.0,100.0,100.0,100.0,68.2,100.0,0.6018,4.0,0.977,0.0061,66,92.3,ok
C0007,100.0,100.0,95.7,100.0,89.9,83.6,0.6727,1.54,0.349,0.0085,32,91.8,100.0,100.0,95.7,100.0,100.0,83.6,0.6592,1.95,0.646,0.0053,92,93.5,ok
C0008,100.0,83.3,60.4,100.0,94.9,75.6,0.6697,1.64,0.474,0.007,54,79.9,100.0,83.3,60.4,100.0,73.1,75.6,0.6733,2.13,0.929,0.0052,57,76.2,ok
C0009,100.0,100.0,100.0,100.0,85.9,95.3,0.6932,1.46,0.376,0.0054,47,94.0,100.0,100.0,100.0,100.0,99.5,95.3,0.6899,1.73,0.648,0.0051,76,96.3,ok
C0010,100.0,93.3,55.2,56.9,47.2,53.9,0.7383,1.2,0.067,0.005,7,66.7,100.0,93.3,55.2,77.7,60.9,53.9,0.6591,1.21,0.18,0.0069,51,71.1,ok
C0011,100.0,100.0,96.2,100.0,100.0,66.2,0.6011,2.08,0.659,0.0079,61,90.6,96.4,100.0,96.2,100.0,75.7,66.2,0.591,2.76,0.904,0.0065,47,86.0,ok
C0012,67.5,88.9,100.0,100.0,93.3,66.7,0.5566,2.48,0.732,0.0073,36,83.8,69.9,88.9,100.0,100.0,70.1,66.7,0.5594,3.14,0.958,0.0065,70,80.2,ok
C0013,100.0,68.9,100.0,100.0,68.9,68.6,0.6784,1.35,0.188,0.0073,13,83.5,97.4,68.9,100.0,100.0,68.3,68.6,0.5922,3.6,0.976,0.0067,40,83.1,ok
C0014,84.6,100.0,89.4,100.0,73.7,82.6,0.577,3,0.923,0.0053,27,86.1,100.0,100.0,89.4,100.0,76.4,82.6,0.6138,3.63,0.897,0.0054,41,88.3,ok
C0015,50.0,100.0,100.0,100.0,100.0,80.5,0.5094,2.5,0.622,0.0078,37,86.9,54.5,100.0,100.0,100.0,74.5,80.5,0.5411,3.12,0.915,0.0055,73,83.2,ok
C0016,100.0,100.0,61.3,100.0,82.0,89.7,0.63,3.66,0.842,0.0076,57,80.0,100.0,100.0,61.3,100.0,71.1,89.7,0.6221,4.08,0.949,0.0075,59,78.2,ok
C0017,100.0,100.0,89.4,100.0,100.0,83.6,0.6439,2.29,0.631,0.0073,78,92.2,100.0,100.0,89.4,100.0,76.0,83.6,0.637,2.83,0.901,0.0067,94,88.1,ok
C0018,34.4,100.0,78.7,91.7,100.0,80.9,0.5749,2.2,0.451,0.0135,10,81.3,100.0,100.0,78.7,100.0,100.0,80.9,0.6778,1.77,0.442,0.0061,47,90.0,ok
C0019,100.0,55.4,100.0,100.0,80.9,54.3,0.7184,2.61,0.853,0.0068,28,81.7,89.1,55.4,100.0,100.0,79.6,54.3,0.6443,3.23,0.866,0.0111,81,80.2,ok
C0020,11.6,100.0,63.7,70.8,62.7,83.8,1.0,1.2,0.2,0.0017,5,64.5,58.3,100.0,63.7,100.0,66.7,83.8,0.8006,2,1.0,0.0023,30,73.7,ok
C0021,100.0,100.0,100.0,62.5,93.9,92.0,0.617,1.62,0.435,0.0066,3,91.4,100.0,100.0,100.0,82.5,90.2,92.0,0.64,2.09,0.762,0.0059,110,92.8,ok
C0022,,,,,,,,,,,,,,,,,,,,,,,,,no_notes
C0023,100.0,96.6,100.0,0.0,100.0,79.8,0.6307,1.74,0.477,0.0062,498,84.0,100.0,96.6,100.0,0.0,76.7,79.8,0.6128,2.41,0.894,0.006,823,80.0,ok
C0024,100.0,100.0,100.0,100.0,88.4,74.7,0.6883,3,0.779,0.01,26,92.8,100.0,100.0,100.0,100.0,67.8,74.7,0.6059,4.71,0.981,0.008,50,89.3,ok
C0025,100.0,86.7,98.3,90.0,100.0,66.0,0.6872,1.9,0.633,0.0057,104,88.8,100.0,86.7,98.3,92.5,73.4,66.0,0.7084,2.67,0.926,0.0049,102,84.5,ok
C0026,85.4,100.0,55.0,100.0,69.0,100.0,0.7095,1.24,0.237,0.0036,45,79.2,85.4,100.0,55.0,100.0,79.6,100.0,0.7102,1.87,0.866,0.0036,53,81.0,ok
C0027,81.2,100.0,86.1,100.0,88.4,81.0,0.6576,1.51,0.427,0.0034,24,85.9,95.8,100.0,86.1,100.0,74.1,81.0,0.6324,2.56,0.919,0.0041,52,85.2,ok
C0028,87.5,99.0,100.0,100.0,72.5,100.0,0.7401,2.25,0.935,0.0037,18,89.1,100.0,99.0,100.0,100.0,70.1,100.0,0.6807,3.96,0.958,0.0054,55,90.2,ok
C0029,100.0,93.3,100.0,100.0,96.1,65.1,0.6456,2.66,0.704,0.0094,92,91.6,100.0,93.3,100.0,67.5,76.8,65.1,0.6088,3.14,0.893,0.0069,122,85.0,ok
C0030,100.0,100.0,94.0,100.0,78.4,100.0,0.6849,4.97,0.877,0.0099,23,91.0,100.0,100.0,94.0,100.0,73.4,100.0,0.6496,5.52,0.926,0.0098,26,90.2,ok
C0031,82.5,100.0,92.8,100.0,87.1,45.2,0.5744,2.39,0.792,0.0063,63,82.9,71.9,100.0,92.8,68.8,86.5,45.2,0.5618,2.6,0.798,0.0067,121,78.4,ok
C0032,100.0,72.2,100.0,100.0,79.4,69.7,0.6961,2.17,0.704,0.0049,48,85.9,95.8,72.2,100.0,78.8,81.6,69.7,0.7224,2.05,0.683,0.0041,113,83.6,ok
C0033,100.0,100.0,100.0,50.0,84.0,70.4,0.6502,2.79,0.822,0.0094,211,87.4,99.2,100.0,100.0,50.0,69.7,70.4,0.5944,3.87,0.962,0.0077,223,84.9,ok
C0034,71.4,100.0,100.0,100.0,100.0,64.0,0.5612,2.15,0.635,0.0084,66,86.0,73.3,100.0,100.0,87.5,86.3,64.0,0.5635,2.68,0.8,0.0069,106,82.6,ok
C0035,89.6,100.0,100.0,100.0,77.7,87.0,0.6447,2.25,0.884,0.0038,23,89.7,100.0,100.0,100.0,100.0,71.6,87.0,0.6051,4.06,0.944,0.0056,61,89.9,ok
C0036,100.0,100.0,100.0,100.0,99.6,94.4,0.6083,2.41,0.67,0.0079,54,95.8,100.0,100.0,100.0,100.0,73.5,94.4,0.6126,3.4,0.925,0.0074,61,91.4,ok
C0037,84.8,100.0,96.7,100.0,66.7,100.0,0.5772,3.38,1.0,0.0082,18,85.2,100.0,100.0,96.7,100.0,67.1,100.0,0.6023,4.2,0.988,0.0055,29,87.1,ok
C0038,85.2,100.0,98.2,100.0,92.3,49.6,0.5777,2.45,0.741,0.0057,50,87.3,90.1,100.0,98.2,100.0,75.6,49.6,0.5835,2.92,0.905,0.0056,52,85.0,ok
C0039,100.0,100.0,100.0,100.0,84.4,100.0,0.6055,2.67,0.819,0.0056,28,94.5,100.0,100.0,100.0,100.0,68.1,100.0,0.6416,4.14,0.978,0.0053,77,91.7,ok
C0040,97.9,100.0,80.5,100.0,78.3,97.7,0.6842,1.31,0.31,0.0042,27,86.8,95.8,100.0,80.5,100.0,66.7,97.7,0.6753,2,1.0,0.0041,19,84.5,ok
C0041,100.0,100.0,90.3,100.0,74.6,78.9,0.6526,3.57,0.914,0.0077,86,87.1,100.0,100.0,90.3,50.0,68.3,78.9,0.616,4.62,0.976,0.0067,144,80.9,ok
C0042,50.0,100.0,42.4,100.0,91.9,73.9,0.6971,1.58,0.355,0.0139,96,75.0,100.0,100.0,42.4,100.0,83.5,73.9,0.7153,2.29,0.827,0.0102,47,79.5,ok
C0043,53.1,100.0,77.6,100.0,66.9,94.0,0.6824,2.83,0.99,0.0134,35,79.5,100.0,100.0,77.6,100.0,74.7,94.0,0.6467,3.48,0.913,0.0068,59,86.5,ok
C0044,78.2,50.0,100.0,100.0,100.0,59.9,0.5749,2.42,0.567,0.0107,12,82.1,50.0,50.0,100.0,100.0,72.4,59.9,0.5344,4.07,0.936,0.0054,68,74.1,ok
C0045,58.2,43.3,100.0,58.3,66.7,100.0,0.5455,2.88,1.0,0.0087,2,72.8,98.7,43.3,100.0,100.0,100.0,100.0,0.5938,2.52,0.571,0.0061,14,87.5,ok
C0046,100.0,100.0,100.0,100.0,89.2,100.0,0.6604,2.52,0.772,0.0064,47,95.6,100.0,100.0,100.0,100.0,68.4,100.0,0.6285,4.14,0.975,0.0059,85,92.1,ok
C0047,100.0,100.0,94.2,90.5,98.3,65.1,0.7288,2.94,0.683,0.0062,21,89.3,100.0,100.0,94.2,90.5,73.2,65.1,0.7064,3.96,0.928,0.0062,37,85.1,ok
C0048,100.0,66.7,100.0,50.0,87.8,5.6,0.6158,3.34,0.785,0.0072,438,74.8,95.5,66.7,100.0,50.0,81.3,5.6,0.5899,3.65,0.849,0.0075,448,73.1,ok
C0049,100.0,100.0,55.0,100.0,66.7,74.9,0.6628,2.16,1.0,0.0104,20,76.8,100.0,100.0,55.0,100.0,89.4,74.9,0.6035,2.62,0.77,0.009,14,80.7,ok
C0050,50.0,100.0,53.1,54.2,66.7,64.4,0.8651,5.53,1.0,0.0012,1,65.0,100.0,100.0,53.1,100.0,66.7,64.4,0.8581,3.28,1.0,0.0055,61,75.6,ok
C0051,100.0,100.0,100.0,71.2,77.2,89.5,0.6888,2.79,0.889,0.0072,119,87.6,100.0,100.0,100.0,50.0,66.7,89.5,0.641,3.96,1.0,0.006,189,83.6,ok
C0052,90.6,82.7,88.6,100.0,73.1,73.8,0.7073,3.28,0.929,0.011,68,84.8,100.0,82.7,88.6,100.0,66.9,73.8,0.6412,4.52,0.99,0.0086,64,84.8,ok
C0053,18.2,66.7,82.3,100.0,79.7,65.8,0.5574,3.71,0.865,0.0142,32,70.9,26.6,66.7,82.3,100.0,74.0,65.8,0.5236,4.51,0.92,0.0119,38,70.9,ok
C0054,100.0,75.0,100.0,100.0,100.0,71.8,0.6831,2.06,0.551,0.0084,18,89.7,50.0,75.0,100.0,100.0,83.5,71.8,0.6171,2.71,0.827,0.0139,86,81.0,ok
C0055,100.0,100.0,100.0,50.0,100.0,100.0,0.838,1.99,0.653,0.0043,0,92.0,100.0,100.0,100.0,100.0,67.4,100.0,0.6784,3.34,0.985,0.0058,76,91.6,ok
C0056,96.9,100.0,100.0,50.0,100.0,80.4,0.5916,2.29,0.629,0.0087,433,90.8,83.7,100.0,100.0,50.0,78.6,80.4,0.5759,3.22,0.875,0.008,602,85.6,ok
C0057,100.0,100.0,40.0,50.0,100.0,93.5,0.7383,2.5,0.5,0.0058,0,76.6,100.0,100.0,40.0,100.0,72.0,93.5,0.6484,1.96,0.94,0.0045,30,76.9,ok
C0058,100.0,100.0,62.0,100.0,98.0,92.0,0.7089,1.7,0.6,0.0062,33,87.7,100.0,100.0,62.0,100.0,68.5,92.0,0.6238,2.86,0.974,0.0079,43,82.7,ok
C0059,87.5,100.0,82.8,85.9,87.6,54.8,0.7564,1.86,0.18,0.0112,12,80.7,52.4,100.0,82.8,85.9,69.8,54.8,0.5386,4.07,0.961,0.009,20,73.5,ok
C0060,100.0,100.0,96.4,95.8,100.0,97.1,0.631,1.85,0.564,0.0098,11,95.6,100.0,100.0,96.4,100.0,85.7,97.1,0.676,1.99,0.806,0.0056,82,93.6,ok
C0061,100.0,70.0,95.0,50.0,78.7,43.7,0.6462,3.72,0.874,0.0089,666,77.6,100.0,70.0,95.0,50.0,74.8,43.7,0.6217,3.98,0.912,0.0087,813,76.9,ok
C0062,100.0,94.4,45.1,99.1,89.9,70.0,0.7065,1.54,0.538,0.0049,28,77.1,100.0,94.4,45.1,99.1,67.9,70.0,0.7216,1.98,0.98,0.0044,31,73.4,ok
C0063,100.0,100.0,55.0,100.0,66.7,78.3,0.6824,2.2,1.0,0.0101,20,77.2,100.0,100.0,55.0,100.0,89.3,78.3,0.6212,2.65,0.771,0.009,14,81.0,ok
C0064,83.1,100.0,96.3,58.3,100.0,41.6,0.5751,2,0.4,0.0045,2,81.3,100.0,100.0,96.3,87.5,75.5,41.6,0.6207,2.64,0.906,0.0058,9,82.1,ok
C0065,85.3,100.0,100.0,100.0,100.0,80.3,0.5778,2.14,0.63,0.0079,20,91.1,87.5,100.0,100.0,100.0,91.9,80.3,0.5804,2.72,0.745,0.0072,57,89.9,ok
C0066,74.4,100.0,100.0,100.0,100.0,63.3,0.5648,2.13,0.635,0.0081,85,86.3,76.5,100.0,100.0,85.0,86.3,63.3,0.5673,2.67,0.8,0.007,108,82.7,ok
C0067,93.7,100.0,100.0,50.0,100.0,71.7,0.6422,2.48,0.638,0.0108,478,88.7,100.0,100.0,100.0,50.0,85.7,71.7,0.6323,2.82,0.806,0.0094,633,87.0,ok
C0068,75.0,100.0,100.0,100.0,96.5,59.0,0.8456,1.92,0.7,0.0031,48,87.1,97.9,100.0,100.0,100.0,73.1,59.0,0.635,2.69,0.929,0.0042,77,85.8,ok
C0069,100.0,100.0,100.0,94.1,62.7,73.6,0.6299,1.25,0.178,0.0063,23,85.6,100.0,100.0,100.0,94.1,89.9,73.6,0.6933,1.93,0.765,0.0045,68,90.3,ok
C0070,65.4,100.0,68.2,20.8,91.4,86.1,0.5541,1.57,0.3,0.0094,5,75.4,50.0,100.0,68.2,50.0,75.7,86.1,0.5352,2.93,0.904,0.0092,13,73.9,ok
C0071,97.9,100.0,100.0,100.0,95.2,87.9,0.6437,2.35,0.713,0.0042,27,93.8,100.0,100.0,100.0,100.0,66.7,87.9,0.6276,4.48,1.0,0.0053,66,89.2,ok
C0072,100.0,100.0,100.0,100.0,100.0,80.2,0.7018,1.79,0.537,0.0092,60,96.1,100.0,100.0,100.0,50.0,80.1,80.2,0.6381,2.51,0.861,0.0066,153,87.6,ok
C0073,100.0,100.0,78.5,100.0,87.3,56.2,0.6198,2.61,0.79,0.0074,52,84.0,100.0,100.0,78.5,100.0,82.7,56.2,0.601,2.94,0.835,0.0071,42,83.2,ok
C0074,92.0,33.3,48.8,83.3,51.0,93.1,0.5858,1.13,0.13,0.0045,8,63.6,70.8,33.3,48.8,100.0,74.3,93.1,0.6134,2.04,0.917,0.0029,24,66.7,ok
C0075,100.0,100.0,90.5,100.0,100.0,45.2,0.6792,2.26,0.592,0.0103,78,87.1,100.0,100.0,90.5,73.8,86.6,45.2,0.6597,2.74,0.797,0.0076,117,82.2,ok
C0076,38.1,41.7,94.1,50.0,80.1,10.4,0.5476,3.45,0.779,0.0118,307,60.6,35.6,41.7,94.1,50.0,75.1,10.4,0.5372,3.6,0.828,0.0114,294,59.5,ok
C0077,97.9,100.0,100.0,100.0,76.7,79.9,0.6584,2.79,0.894,0.0042,17,90.9,100.0,100.0,100.0,100.0,69.8,79.9,0.642,3.99,0.961,0.0052,73,90.0,ok
C0078,70.8,79.5,94.2,100.0,75.0,82.1,0.6979,1.27,0.275,0.0029,16,81.4,83.3,79.5,94.2,100.0,66.7,82.1,0.7081,2,1.0,0.0035,20,81.5,ok
C0079,100.0,68.3,71.2,0.0,93.3,47.3,0.6157,2.46,0.732,0.0069,2024,68.6,75.4,68.3,71.2,0.0,66.7,47.3,0.566,3.66,1.0,0.0071,2124,61.1,ok
C0080,80.7,100.0,100.0,100.0,86.9,100.0,0.5723,2.46,0.794,0.0046,20,93.6,100.0,100.0,100.0,100.0,69.3,100.0,0.621,4.24,0.966,0.0058,63,92.9,ok
C0081,100.0,100.0,93.9,58.8,100.0,63.0,0.6856,2.28,0.659,0.0089,129,86.8,100.0,100.0,93.9,50.0,94.8,63.0,0.649,2.62,0.717,0.0089,152,85.1,ok
C0082,100.0,45.9,46.8,100.0,88.9,73.3,0.6655,1.52,0.43,0.0054,16,71.2,91.7,45.9,46.8,100.0,66.7,73.3,0.6718,2.06,1.0,0.0039,44,66.4,ok
C0083,50.0,82.8,76.4,100.0,34.5,84.4,0.8159,1.01,0.01,0.0016,32,69.6,92.9,82.8,76.4,100.0,82.5,84.4,0.5868,2.65,0.837,0.0069,25,82.9,ok
C0084,100.0,100.0,93.8,91.7,66.7,96.9,0.7053,3.92,1.0,0.0065,10,89.2,93.8,100.0,93.8,100.0,66.7,96.9,0.7636,6.01,1.0,0.004,14,89.3,ok
C0085,100.0,100.0,98.7,100.0,75.7,82.8,0.5977,3.49,0.904,0.0084,29,89.0,100.0,100.0,98.7,100.0,66.7,82.8,0.6118,3.99,1.0,0.0077,53,87.5,ok
C0086,100.0,86.7,98.7,100.0,90.4,52.4,0.6521,2.6,0.76,0.007,18,87.0,100.0,86.7,98.7,100.0,92.2,52.4,0.6052,2.77,0.742,0.0056,81,87.3,ok
C0087,100.0,73.3,100.0,94.8,98.3,73.2,0.6512,2.53,0.683,0.0098,44,89.7,100.0,73.3,100.0,94.8,72.9,73.2,0.638,3.76,0.931,0.0086,81,85.3,ok
C0088,93.8,100.0,100.0,100.0,100.0,100.0,0.6291,1.88,0.609,0.004,32,97.0,71.1,100.0,100.0,100.0,68.8,100.0,0.5608,4.26,0.971,0.0044,30,89.0,ok
C0089,100.0,83.3,54.4,100.0,90.9,95.1,0.6455,1.56,0.455,0.0055,34,80.2,100.0,83.3,54.4,100.0,67.5,95.1,0.6544,2.14,0.984,0.0047,40,76.2,ok
C0090,100.0,100.0,100.0,100.0,100.0,76.7,0.6386,2.1,0.604,0.0086,47,95.5,100.0,100.0,100.0,100.0,89.3,76.7,0.6145,2.44,0.771,0.0079,69,93.7,ok
C0091,43.2,61.7,97.4,30.5,73.0,47.2,0.5797,6.42,0.93,0.0132,128,64.7,22.8,61.7,97.4,31.7,68.0,47.2,0.5536,7.08,0.979,0.0131,127,61.6,ok
C0092,92.2,100.0,100.0,100.0,87.0,76.6,0.6765,2.44,0.793,0.0109,58,90.8,98.6,100.0,100.0,100.0,67.5,76.6,0.5936,4.14,0.984,0.0087,58,88.2,ok
C0093,89.1,96.7,100.0,100.0,78.2,100.0,0.6807,2.99,0.879,0.0111,27,88.8,100.0,96.7,100.0,100.0,71.6,100.0,0.6432,3.94,0.944,0.0067,78,89.0,ok
C0094,100.0,100.0,100.0,100.0,100.0,77.4,0.6079,2.03,0.622,0.01,81,94.9,80.5,100.0,100.0,50.0,78.6,77.4,0.5721,2.94,0.875,0.0068,238,83.9,ok
C0095,11.6,80.0,40.0,100.0,75.9,70.7,1.0,1.9,0.902,0.0187,68,61.5,85.9,80.0,40.0,100.0,67.6,70.7,0.7991,2.81,0.983,0.0113,39,68.9,ok
C0096,100.0,100.0,89.4,98.6,100.0,62.2,0.6079,2.35,0.586,0.0081,75,89.9,100.0,100.0,89.4,98.6,70.1,62.2,0.6143,3.17,0.958,0.0065,90,84.8,ok
C0097,100.0,100.0,42.5,95.8,71.5,82.1,0.7929,1.95,0.945,0.008,11,75.8,100.0,100.0,42.5,100.0,87.4,82.1,0.6747,1.49,0.33,0.0065,25,79.0,ok
C0098,100.0,40.0,100.0,83.3,65.5,95.4,0.6064,1.28,0.189,0.01,8,78.8,100.0,40.0,100.0,100.0,100.0,95.4,0.6083,2.04,0.494,0.0088,24,86.4,ok
C0099,100.0,50.0,89.4,83.3,99.3,95.3,0.7335,1.8,0.673,0.0073,8,83.0,100.0,50.0,89.4,100.0,86.9,95.3,0.6734,2.83,0.794,0.0058,30,82.6,ok
C0100,100.0,100.0,100.0,87.5,66.7,98.7,0.719,5.62,1.0,0.0099,9,86.1,100.0,100.0,100.0,100.0,66.7,98.7,0.7144,5.53,1.0,0.0099,18,87.4,ok
C0101,100.0,100.0,100.0,100.0,94.3,98.5,0.6458,2.88,0.722,0.0073,43,95.3,100.0,100.0,100.0,100.0,72.3,98.5,0.6335,3.81,0.937,0.0067,78,91.5,ok
C0102,84.4,100.0,95.1,100.0,53.7,86.6,0.6828,1.2,0.123,0.0114,35,83.5,100.0,100.0,95.1,100.0,74.8,86.6,0.6676,2.63,0.912,0.0062,86,88.9,ok
C0103,62.5,100.0,58.7,100.0,55.5,62.5,0.698,1.17,0.151,0.0025,14,71.4,100.0,100.0,58.7,91.2,77.1,62.5,0.6336,2.1,0.89,0.0063,103,78.7,ok
C0104,95.8,100.0,100.0,100.0,74.6,94.4,0.6126,2.66,0.914,0.0041,18,92.7,100.0,100.0,100.0,100.0,70.4,94.4,0.6186,4.06,0.955,0.0057,58,92.5,ok
C0105,100.0,100.0,54.7,52.5,100.0,48.2,0.7913,1.83,0.532,0.0101,134,76.5,100.0,100.0,54.7,50.0,91.1,48.2,0.705,2.34,0.753,0.0074,221,74.8,ok
C0106,64.1,83.3,55.7,100.0,95.2,83.9,0.6479,2.66,0.713,0.0127,68,77.5,100.0,83.3,55.7,58.8,80.7,83.9,0.6383,2.78,0.855,0.0088,129,75.1,ok
C0107,83.3,94.9,67.8,87.5,74.0,94.6,0.6483,1.27,0.267,0.0035,9,79.9,68.8,94.9,67.8,100.0,91.1,94.6,0.678,1.75,0.753,0.0028,35,82.3,ok
C0108,75.1,100.0,79.3,100.0,94.8,2.7,0.5898,2.36,0.717,0.0117,34,73.9,100.0,100.0,79.3,50.0,87.4,2.7,0.6076,2.74,0.789,0.0101,247,70.6,ok
C0109,100.0,100.0,100.0,50.0,100.0,56.6,0.6675,2.29,0.599,0.007,160,86.9,100.0,100.0,100.0,56.2,77.9,56.6,0.6066,2.92,0.882,0.0065,131,83.8,ok
C0110,81.2,100.0,49.0,100.0,48.6,62.9,0.6914,1.15,0.101,0.0034,58,69.5,100.0,100.0,49.0,100.0,70.4,62.9,0.6829,2.02,0.955,0.0051,68,75.5,ok
C0111,45.1,100.0,100.0,64.5,79.9,86.3,0.5429,2.81,0.863,0.0111,24,79.5,50.0,100.0,100.0,64.5,72.8,86.3,0.5341,3.62,0.932,0.0103,29,78.9,ok
C0112,75.0,100.0,100.0,100.0,74.8,99.6,0.7173,2.41,0.912,0.0031,16,90.3,100.0,100.0,100.0,100.0,70.0,99.6,0.6001,3.58,0.959,0.0056,79,92.5,ok
C0113,57.8,53.3,100.0,100.0,75.7,40.9,0.736,4.03,0.904,0.0131,30,73.3,100.0,53.3,100.0,100.0,66.7,40.9,0.606,6.31,0.995,0.0085,22,76.7,ok
C0114,100.0,98.1,100.0,33.3,96.5,72.8,0.6449,1.67,0.412,0.0084,371,86.7,100.0,98.1,100.0,33.3,72.7,72.8,0.6269,2.63,0.933,0.0063,491,82.7,ok
C0115,89.0,100.0,95.5,91.7,89.4,89.0,0.5822,1.53,0.461,0.0045,10,90.2,100.0,100.0,95.5,100.0,97.0,89.0,0.6266,1.68,0.529,0.0043,74,93.6,ok
C0116,0.0,100.0,100.0,94.1,33.3,72.8,0.0,1,0.0,0.0,12,68.9,79.1,100.0,100.0,94.1,85.8,72.8,0.5704,2.68,0.805,0.006,20,87.2,ok
C0117,100.0,100.0,94.6,50.0,71.7,0.0,0.7775,1.51,0.384,0.0044,470,73.4,91.7,100.0,94.6,50.0,70.7,0.0,0.7267,1.49,0.408,0.0039,993,72.2,ok
C0118,100.0,100.0,51.4,62.7,84.0,84.9,0.7064,3.25,0.822,0.0055,17,73.8,100.0,100.0,51.4,62.7,83.8,84.9,0.7089,3.3,0.824,0.0055,25,73.7,ok
C0119,100.0,76.7,100.0,98.8,96.0,59.7,0.6322,2.69,0.705,0.0104,97,87.2,94.3,76.7,100.0,50.0,76.8,59.7,0.5885,3.39,0.893,0.0081,152,78.3,ok
C0120,100.0,100.0,100.0,100.0,83.8,100.0,0.7569,1.42,0.362,0.0066,39,94.0,100.0,100.0,100.0,100.0,88.2,100.0,0.6612,1.97,0.781,0.0045,80,94.7,ok
C0121,78.1,100.0,69.9,70.8,100.0,55.8,0.6381,2.47,0.448,0.0118,5,77.6,72.7,100.0,69.9,100.0,66.7,55.8,0.5628,3.11,0.992,0.006,54,74.3,ok
C0122,70.3,80.0,93.6,100.0,100.0,55.0,0.7068,2.24,0.65,0.0123,44,83.6,100.0,80.0,93.6,100.0,73.2,55.0,0.6268,2.86,0.928,0.0081,91,82.6,ok
C0123,100.0,66.7,86.0,62.7,67.4,92.4,0.6645,3.81,0.985,0.0058,6,74.2,100.0,66.7,86.0,87.7,66.7,92.4,0.6517,3.92,1.0,0.0057,13,76.6,ok
C0124,80.2,61.7,100.0,50.0,86.3,52.0,0.5717,3.28,0.8,0.0072,432,77.7,81.5,61.7,100.0,50.0,82.4,52.0,0.5733,3.39,0.838,0.0072,456,77.2,ok
C0125,100.0,61.0,100.0,100.0,70.8,82.7,0.6658,5.02,0.952,0.0059,47,82.9,100.0,61.0,100.0,100.0,68.0,82.7,0.6696,5.16,0.979,0.0054,45,82.5,ok
C0126,100.0,100.0,100.0,100.0,100.0,100.0,0.6634,2.03,0.529,0.0043,34,97.7,100.0,100.0,100.0,100.0,66.7,100.0,0.6222,3.98,0.997,0.0086,58,92.0,ok
C0127,97.9,100.0,100.0,100.0,95.9,97.5,0.6464,2.64,0.706,0.0042,36,97.0,100.0,100.0,100.0,100.0,66.7,97.5,0.6437,4.46,0.996,0.0055,68,92.3,ok
C0128,81.9,100.0,96.7,50.0,100.0,53.5,0.5737,2.14,0.502,0.0092,243,82.8,100.0,100.0,96.7,50.0,87.0,53.5,0.5986,2.48,0.793,0.0073,385,82.8,ok
C0129,100.0,100.0,94.8,100.0,96.0,80.8,0.7108,1.66,0.519,0.0075,84,92.7,100.0,100.0,94.8,100.0,73.2,80.8,0.6867,2.24,0.928,0.0059,66,88.8,ok
C0130,100.0,48.3,100.0,50.0,93.4,51.0,0.6048,2.67,0.731,0.0084,150,78.6,97.7,48.3,100.0,50.0,76.8,51.0,0.5926,3.18,0.893,0.0076,165,75.6,ok
C0131,79.5,86.7,87.6,100.0,84.3,100.0,0.5709,3.14,0.82,0.0052,31,89.0,77.9,86.7,87.6,100.0,67.6,100.0,0.569,4.7,0.983,0.0064,45,86.0,ok
C0132,87.6,100.0,100.0,100.0,35.4,83.9,0.5805,1.05,0.018,0.0052,24,82.1,100.0,100.0,100.0,100.0,69.0,83.9,0.6819,2.17,0.969,0.0046,44,89.2,ok
C0133,79.2,100.0,100.0,100.0,98.9,100.0,0.7431,2.32,0.677,0.0033,38,93.3,100.0,100.0,100.0,100.0,67.6,100.0,0.6146,4.27,0.983,0.0055,65,90.4,ok
C0134,58.4,65.5,97.9,80.5,68.3,64.5,0.9123,1.3,0.205,0.0026,23,75.1,100.0,65.5,97.9,80.5,87.0,64.5,0.6554,2.07,0.793,0.0052,64,83.3,ok
C0135,100.0,100.0,100.0,83.3,97.5,82.2,0.6609,1.69,0.477,0.0054,8,92.3,100.0,100.0,100.0,100.0,66.7,82.2,0.7473,2.62,1.0,0.0046,38,88.7,ok
C0136,100.0,40.0,29.4,65.9,66.7,99.3,0.6727,3.47,0.996,0.0063,30,57.1,100.0,40.0,29.4,65.9,66.7,99.3,0.6583,3.64,1.0,0.0066,38,57.1,ok
C0137,100.0,100.0,70.0,100.0,96.8,60.5,0.6516,1.99,0.697,0.005,56,83.4,100.0,100.0,70.0,100.0,66.7,60.5,0.6306,2.58,1.0,0.0047,42,78.2,ok
C0138,100.0,87.8,97.3,100.0,40.3,84.6,0.8494,1.06,0.06,0.0069,34,80.9,100.0,87.8,97.3,100.0,80.6,84.6,0.663,1.86,0.856,0.0067,67,87.8,ok
C0139,68.8,100.0,100.0,100.0,100.0,93.8,0.7397,2.08,0.656,0.0028,15,93.5,100.0,100.0,100.0,100.0,67.2,93.8,0.6061,3.83,0.987,0.006,41,91.7,ok
C0140,50.0,83.3,40.0,77.7,73.1,70.3,0.7938,1.6,0.116,0.0146,16,61.9,100.0,83.3,40.0,72.7,66.7,70.3,0.7167,2.19,0.999,0.0071,100,66.3,ok
C0141,100.0,91.2,99.3,100.0,84.6,100.0,0.6374,2.21,0.817,0.0061,21,91.0,100.0,91.2,99.3,100.0,76.1,100.0,0.5975,2.95,0.9,0.0061,27,89.5,ok
C0142,100.0,86.0,60.3,92.5,100.0,77.1,0.7131,1.75,0.569,0.0055,102,81.6,97.8,86.0,60.3,75.0,68.0,77.1,0.5927,3.39,0.979,0.0053,116,74.1,ok
C0143,100.0,100.0,100.0,92.7,100.0,15.8,0.6833,1.84,0.387,0.0076,29,84.2,100.0,100.0,100.0,92.7,90.2,15.8,0.6457,2.43,0.762,0.008,57,82.5,ok
C0144,100.0,100.0,100.0,19.8,100.0,90.8,0.6521,2.0,0.591,0.0077,143,89.0,100.0,100.0,100.0,19.8,93.3,90.8,0.6426,2.15,0.732,0.0063,229,87.8,ok
C0145,83.6,96.7,100.0,70.0,83.1,68.8,0.5757,2.88,0.831,0.0079,120,82.9,77.2,96.7,100.0,50.0,76.1,68.8,0.5681,3.37,0.9,0.0075,173,78.9,ok
C0146,100.0,100.0,89.9,100.0,83.8,79.4,0.6396,2.6,0.824,0.0052,29,86.0,100.0,100.0,89.9,100.0,83.9,79.4,0.6421,2.87,0.823,0.0052,48,86.1,ok
C0147,0.0,23.4,86.1,66.7,66.7,73.2,1.1716,2,1.0,0.0002,4,56.8,0.0,23.4,86.1,100.0,66.7,73.2,1.1716,2,1.0,0.0002,38,60.2,ok
C0148,97.7,100.0,94.9,50.0,91.5,81.9,0.5925,2.91,0.749,0.0075,159,84.9,83.2,100.0,94.9,50.0,80.0,81.9,0.5753,3.54,0.862,0.0067,203,81.2,ok
C0149,100.0,100.0,100.0,100.0,75.8,80.7,0.6186,4.33,0.903,0.0089,18,89.1,96.2,100.0,100.0,100.0,75.7,80.7,0.5908,5.12,0.904,0.009,26,88.6,ok
C0150,92.6,100.0,100.0,100.0,75.5,70.7,0.5865,3.45,0.906,0.0096,59,89.3,71.2,100.0,100.0,100.0,73.2,70.7,0.561,4.4,0.928,0.0088,67,86.4,ok
C0151,95.3,65.0,95.7,100.0,70.3,99.1,0.6273,5.87,0.956,0.0107,55,86.1,91.4,65.0,95.7,100.0,67.8,99.1,0.5851,7.2,0.981,0.0092,41,85.2,ok
C0152,100.0,100.0,100.0,100.0,86.6,98.7,0.6957,2.59,0.797,0.0057,70,93.2,100.0,100.0,100.0,100.0,70.9,98.7,0.6838,3.44,0.951,0.0052,40,90.5,ok
C0153,52.1,100.0,100.0,100.0,81.1,96.9,0.5512,2.94,0.851,0.0111,66,87.7,100.0,100.0,100.0,57.5,66.7,96.9,0.598,3.51,0.996,0.0088,130,86.6,ok
C0154,100.0,100.0,100.0,100.0,80.5,100.0,0.6075,2.72,0.857,0.0056,37,93.7,100.0,100.0,100.0,100.0,68.1,100.0,0.6412,4.14,0.978,0.0053,79,91.6,ok
C0155,100.0,100.0,100.0,50.0,85.6,61.6,0.671,2.93,0.807,0.0085,144,85.5,100.0,100.0,100.0,50.0,73.6,61.6,0.6321,3.51,0.924,0.0072,174,83.5,ok
C0156,91.7,91.0,100.0,100.0,66.7,100.0,0.8806,2.24,1.0,0.0039,43,88.5,100.0,91.0,100.0,100.0,66.7,100.0,0.6161,4.04,1.0,0.0057,71,89.5,ok
C0157,42.0,83.3,27.7,50.0,66.7,83.0,0.5858,2,1.0,0.0009,0,58.2,56.9,83.3,27.7,100.0,35.3,83.0,0.5439,1.03,0.017,0.005,46,59.7,ok
C0158,100.0,100.0,71.3,100.0,84.7,78.2,0.6759,2.9,0.816,0.0102,40,81.4,100.0,100.0,71.3,100.0,89.4,78.2,0.6377,2.96,0.77,0.0086,70,82.2,ok
C0159,100.0,98.0,69.7,100.0,91.9,93.1,0.6642,1.9,0.745,0.0058,21,87.3,100.0,98.0,69.7,100.0,71.2,93.1,0.6467,2.18,0.948,0.0057,33,83.8,ok
C0160,82.0,100.0,100.0,100.0,89.8,92.7,0.5739,2.69,0.766,0.0063,35,93.5,100.0,100.0,100.0,100.0,66.7,92.7,0.6352,4.78,1.0,0.0063,51,91.7,ok
C0161,97.7,46.7,52.6,83.6,32.9,59.0,0.5925,1.15,0.109,0.0046,16,60.5,100.0,46.7,52.6,83.6,54.1,59.0,0.6035,1.29,0.23,0.0062,29,64.3,ok
C0162,89.9,99.6,40.0,75.0,78.3,80.0,0.5858,1.31,0.308,0.0042,6,72.4,87.5,99.6,40.0,100.0,72.2,80.0,0.6303,1.97,0.938,0.0037,34,73.7,ok
C0163,51.2,50.0,99.7,62.5,66.7,100.0,0.9093,2.44,1.0,0.0022,3,72.5,100.0,50.0,99.7,91.7,66.7,100.0,0.7478,2.91,1.0,0.0044,10,81.2,ok
C0164,85.4,82.7,99.3,79.2,89.5,80.4,0.6195,2.08,0.769,0.0036,7,83.4,91.7,82.7,99.3,100.0,68.0,80.4,0.684,2.14,0.979,0.0039,40,82.6,ok
C0165,100.0,100.0,80.0,100.0,91.7,86.1,0.6758,1.86,0.747,0.0102,29,90.8,98.2,100.0,80.0,100.0,82.2,86.1,0.5932,2.89,0.84,0.0086,40,89.0,ok
C0166,100.0,100.0,94.4,100.0,79.7,94.9,0.7408,3.42,0.865,0.0062,38,87.8,100.0,100.0,94.4,55.0,78.1,94.9,0.7321,4.04,0.88,0.0062,132,83.0,ok
C0167,97.9,100.0,100.0,100.0,73.6,100.0,0.7231,2.58,0.924,0.0042,14,93.4,100.0,100.0,100.0,100.0,69.2,100.0,0.6165,3.99,0.967,0.0056,78,92.9,ok
C0168,100.0,100.0,100.0,50.0,100.0,65.2,0.6144,2.25,0.614,0.0104,136,89.2,100.0,100.0,100.0,50.0,83.0,65.2,0.6092,2.83,0.832,0.0081,219,86.3,ok
C0169,95.0,100.0,100.0,98.8,91.3,84.8,0.5893,2.81,0.751,0.0073,97,93.5,100.0,100.0,100.0,50.0,72.4,84.8,0.5999,3.87,0.936,0.0063,138,85.9,ok
C0170,79.7,100.0,82.4,91.7,100.0,85.2,0.7483,2.26,0.642,0.0117,10,86.8,100.0,100.0,82.4,100.0,69.1,85.2,0.6318,3.53,0.968,0.0069,35,84.8,ok
C0171,50.0,75.0,100.0,100.0,87.7,68.2,0.745,2.43,0.786,0.0201,43,81.6,85.8,75.0,100.0,100.0,72.0,68.2,0.5784,3.87,0.94,0.0071,70,83.2,ok
C0172,62.5,100.0,100.0,86.5,99.5,100.0,0.7424,1.73,0.553,0.0025,18,90.8,100.0,100.0,100.0,86.5,68.1,100.0,0.6247,3.41,0.978,0.0054,78,90.0,ok
C0173,93.8,100.0,100.0,100.0,91.1,100.0,0.6719,2.46,0.753,0.004,22,95.7,100.0,100.0,100.0,100.0,66.7,100.0,0.6164,4.14,1.0,0.0058,61,92.3,ok
C0174,63.9,100.0,100.0,100.0,83.3,94.2,0.5523,3.2,0.829,0.009,23,90.6,100.0,100.0,100.0,100.0,67.9,94.2,0.6205,3.97,0.98,0.005,70,92.3,ok
C0175,68.8,72.2,100.0,100.0,98.2,94.5,0.733,2.37,0.684,0.0028,18,88.6,100.0,72.2,100.0,68.8,73.2,94.5,0.6389,2.58,0.928,0.0049,121,84.8,ok
C0176,50.0,100.0,72.1,79.2,100.0,81.9,0.5039,1.84,0.455,0.0048,7,80.8,100.0,100.0,72.1,100.0,100.0,81.9,0.6751,1.77,0.449,0.0062,64,88.9,ok
C0177,76.1,100.0,100.0,65.6,80.3,99.1,0.5693,2.32,0.859,0.0042,10,87.5,100.0,100.0,100.0,74.0,66.7,99.1,0.6398,4.01,0.994,0.0059,46,88.9,ok
C0178,100.0,100.0,100.0,91.7,79.3,91.9,0.6076,2.87,0.868,0.0045,10,89.6,91.7,100.0,100.0,100.0,68.7,91.9,0.6145,3.08,0.972,0.0039,14,87.7,ok
C0179,100.0,82.5,66.6,50.0,66.7,64.3,0.8549,5,1.0,0.0063,0,69.7,100.0,82.5,66.6,100.0,100.0,64.3,0.6146,2.04,0.312,0.0063,30,80.5,ok
C0180,66.7,83.1,41.8,70.8,73.1,57.7,0.7929,1.26,0.263,0.0027,5,62.8,75.0,83.1,41.8,100.0,77.8,57.7,0.6512,1.88,0.883,0.0031,44,67.6,ok
C0181,83.4,100.0,100.0,100.0,93.7,94.2,0.5755,3.24,0.728,0.007,25,93.1,75.3,100.0,100.0,100.0,70.7,94.2,0.5658,3.88,0.953,0.0071,54,88.2,ok
C0182,78.1,100.0,54.4,95.8,77.9,56.3,0.726,1.41,0.239,0.0118,11,75.6,100.0,100.0,54.4,100.0,86.1,56.3,0.5967,2.14,0.802,0.0057,71,80.0,ok
C0183,100.0,100.0,96.6,58.8,74.6,74.8,0.6467,3.61,0.914,0.0063,129,82.5,100.0,100.0,96.6,50.0,67.3,74.8,0.6125,4.21,0.986,0.0056,214,80.4,ok
C0184,67.4,100.0,100.0,100.0,79.7,94.0,0.5564,2.44,0.865,0.005,33,90.1,100.0,100.0,100.0,100.0,68.3,94.0,0.6156,4.36,0.976,0.0061,72,92.1,ok
C0185,76.6,93.4,51.1,83.3,95.5,68.3,0.865,1.65,0.466,0.0119,8,75.7,100.0,93.4,51.1,100.0,78.2,68.3,0.6183,2.24,0.879,0.007,86,77.2,ok
C0186,100.0,40.0,86.0,95.5,59.0,51.3,0.6919,1.2,0.168,0.0096,26,71.7,100.0,40.0,86.0,95.5,66.8,51.3,0.6856,2.07,0.991,0.0069,27,73.0,ok
C0187,100.0,100.0,100.0,50.0,100.0,35.6,0.6315,2.47,0.604,0.0076,140,82.4,100.0,100.0,100.0,50.0,86.6,35.6,0.6166,2.93,0.797,0.0077,187,80.1,ok
C0188,100.0,100.0,87.6,100.0,83.7,73.6,0.6647,3.26,0.825,0.0072,34,86.4,100.0,100.0,87.6,100.0,66.7,73.6,0.6246,4.23,0.993,0.0066,38,83.5,ok
C0189,100.0,100.0,100.0,100.0,100.0,92.5,0.6565,1.95,0.568,0.0077,28,96.4,100.0,100.0,100.0,100.0,86.0,92.5,0.6533,2.15,0.803,0.0052,83,94.0,ok
C0190,100.0,100.0,99.7,88.8,89.4,70.2,0.654,1.53,0.33,0.0053,105,89.9,100.0,100.0,99.7,80.0,68.4,70.2,0.6292,2.54,0.975,0.0046,112,85.4,ok
C0191,100.0,100.0,100.0,100.0,100.0,96.3,0.6692,1.84,0.513,0.0066,50,96.8,100.0,100.0,100.0,93.8,67.0,96.3,0.6269,3.61,0.989,0.0061,101,90.6,ok
C0192,100.0,89.1,58.3,100.0,46.1,74.2,0.6584,1.12,0.092,0.0066,23,73.5,89.0,89.1,58.3,100.0,68.9,74.2,0.5822,2.77,0.97,0.0055,23,76.1,ok
C0193,100.0,100.0,100.0,50.0,58.3,89.5,0.7394,5.79,0.999,0.0066,191,82.8,100.0,100.0,100.0,50.0,58.3,89.5,0.7369,6.09,0.999,0.0063,171,82.8,ok
C0194,64.6,100.0,100.0,100.0,100.0,92.0,0.7507,2.35,0.642,0.0026,20,91.6,100.0,100.0,100.0,87.5,67.1,92.0,0.6334,3.76,0.988,0.0053,106,89.0,ok
C0195,56.2,86.3,45.6,100.0,49.9,74.1,0.7929,1.12,0.125,0.0022,13,65.3,81.2,86.3,45.6,100.0,71.4,74.1,0.6517,1.95,0.946,0.0034,38,71.9,ok
C0196,84.7,61.7,100.0,50.0,84.4,54.2,0.5771,3.26,0.819,0.0073,511,78.3,83.6,61.7,100.0,50.0,76.0,54.2,0.5757,3.57,0.901,0.0073,559,76.7,ok
C0197,87.5,96.5,100.0,100.0,87.8,78.5,0.7215,2.73,0.785,0.0037,43,90.5,100.0,96.5,100.0,100.0,66.7,78.5,0.6189,4.38,0.997,0.0053,85,88.4,ok
C0198,50.0,80.0,94.8,50.0,82.2,26.8,0.6371,3.42,0.84,0.0137,156,70.8,100.0,80.0,94.8,50.0,73.8,26.8,0.6102,4.14,0.922,0.0096,172,75.4,ok
C0199,69.8,50.0,100.0,100.0,100.0,57.3,0.5723,2.31,0.568,0.0111,13,80.8,50.0,50.0,100.0,100.0,71.5,57.3,0.5314,4.13,0.945,0.006,61,73.6,ok
C0200,43.1,83.3,84.7,100.0,100.0,51.8,0.9199,1.92,0.663,0.002,25,76.6,100.0,83.3,84.7,100.0,87.2,51.8,0.6435,2.8,0.791,0.0054,73,81.2,ok
C0201,61.7,100.0,100.0,100.0,100.0,29.3,0.5497,2.22,0.662,0.0074,31,82.4,57.6,100.0,100.0,100.0,81.2,29.3,0.5447,3.03,0.85,0.0064,42,78.7,ok
C0202,100.0,96.7,100.0,50.0,96.3,84.1,0.5998,2.65,0.702,0.008,149,88.1,94.9,96.7,100.0,50.0,79.0,84.1,0.5892,3.14,0.871,0.0074,161,84.6,ok
C0203,72.7,100.0,41.9,100.0,72.4,95.7,0.5628,3.16,0.936,0.0059,16,73.1,100.0,100.0,41.9,91.7,85.9,95.7,0.7056,3.13,0.804,0.0059,10,77.8,ok
C0204,100.0,100.0,100.0,41.5,100.0,96.6,0.776,1.93,0.642,0.0071,8,90.0,100.0,100.0,100.0,45.7,73.8,96.6,0.7026,2.56,0.922,0.005,9,86.0,ok
C0205,95.8,100.0,100.0,100.0,100.0,95.9,0.6667,1.85,0.656,0.0041,44,96.0,100.0,100.0,100.0,100.0,67.1,95.9,0.6649,3.78,0.988,0.0058,86,90.9,ok
C0206,100.0,100.0,100.0,100.0,97.9,44.0,0.632,2.94,0.687,0.0098,82,91.0,90.0,100.0,100.0,95.0,68.6,44.0,0.5834,4.43,0.973,0.0078,100,84.4,ok
C0207,91.7,100.0,100.0,100.0,81.2,100.0,0.7088,2.47,0.85,0.0039,14,93.6,100.0,100.0,100.0,100.0,67.6,100.0,0.6079,4.15,0.983,0.006,50,92.3,ok
C0208,100.0,100.0,100.0,100.0,93.4,71.0,0.7943,1.61,0.354,0.0103,38,92.3,100.0,100.0,100.0,100.0,66.7,71.0,0.706,4.33,0.996,0.0086,29,87.7,ok
C0209,84.4,100.0,100.0,100.0,86.2,70.7,0.6802,2.5,0.801,0.0114,58,86.6,100.0,100.0,100.0,100.0,72.0,70.7,0.6733,3.62,0.94,0.0079,89,86.1,ok
C0210,68.6,90.0,94.8,62.5,74.3,44.8,0.5579,3.92,0.917,0.0092,3,73.6,100.0,90.0,94.8,100.0,91.6,44.8,0.649,2.33,0.748,0.0067,33,84.1,ok
C0211,83.3,40.0,45.7,100.0,41.5,76.3,0.6047,1.11,0.057,0.0035,20,59.2,60.4,40.0,45.7,95.8,66.7,76.3,0.6247,2.06,1.0,0.0024,11,60.3,ok
C0212,53.1,90.0,100.0,100.0,89.9,52.3,0.6348,1.54,0.34,0.0134,20,82.2,100.0,90.0,100.0,100.0,74.6,52.3,0.6256,2.78,0.914,0.0082,28,85.1,ok
C0213,78.5,100.0,100.0,78.8,96.0,38.6,0.5697,2.5,0.705,0.0079,113,82.9,77.4,100.0,100.0,50.0,72.8,38.6,0.5684,3.37,0.932,0.0073,145,75.9,ok
C0214,100.0,83.3,100.0,100.0,100.0,74.6,0.7179,1.8,0.629,0.0089,48,90.5,100.0,83.3,100.0,100.0,70.4,74.6,0.6385,2.9,0.955,0.0066,48,85.5,ok
C0215,77.0,100.0,100.0,91.7,84.4,72.3,0.5878,2.69,0.819,0.0035,10,87.9,100.0,100.0,100.0,100.0,69.8,72.3,0.6158,4.03,0.961,0.0057,49,89.0,ok
C0216,84.8,41.7,30.9,100.0,100.0,0.0,0.5772,2.26,0.584,0.0084,40,59.1,65.8,41.7,30.9,100.0,99.0,0.0,0.5545,2.51,0.676,0.0096,43,56.7,ok
C0217,67.2,56.7,100.0,50.0,89.3,28.3,0.7361,2.61,0.771,0.0125,147,71.3,100.0,56.7,100.0,50.0,74.5,28.3,0.6646,3.54,0.915,0.0084,272,72.7,ok
C0218,89.6,83.3,92.4,70.8,95.1,52.7,0.7838,2.57,0.714,0.0038,5,79.8,100.0,83.3,92.4,100.0,86.5,52.7,0.6531,2.81,0.798,0.0054,78,82.5,ok
C0219,100.0,41.7,58.4,100.0,87.3,42.8,0.6342,2.77,0.79,0.0093,68,71.4,85.9,41.7,58.4,100.0,84.8,42.8,0.5785,3.11,0.815,0.0082,68,69.3,ok
C0220,79.3,97.5,100.0,72.7,82.2,68.9,0.5706,4.03,0.84,0.0063,13,84.7,53.7,97.5,100.0,72.7,75.9,68.9,0.5401,4.34,0.902,0.0063,26,80.6,ok
C0222,75.6,50.0,100.0,50.0,85.3,2.6,0.5662,3.21,0.81,0.01,209,67.9,50.0,50.0,100.0,50.0,72.7,2.6,0.5243,4.25,0.933,0.0084,271,62.7,ok
C0223,100.0,100.0,74.9,88.2,98.5,37.5,0.6223,2.63,0.681,0.0084,33,82.4,93.5,100.0,74.9,88.2,88.1,37.5,0.5875,3.02,0.782,0.0079,34,79.9,ok
C0224,100.0,100.0,100.0,63.7,93.4,70.4,0.6258,2.76,0.731,0.0083,125,88.6,100.0,100.0,100.0,50.0,75.5,70.4,0.6147,3.48,0.906,0.0075,189,84.2,ok
C0225,58.6,93.8,62.8,100.0,67.2,98.2,0.5459,4.05,0.987,0.0058,17,71.9,61.9,93.8,62.8,100.0,66.9,98.2,0.5499,3.86,0.99,0.0057,32,72.3,ok
C0226,56.0,83.3,49.5,70.8,95.5,65.1,0.9586,2.19,0.71,0.0033,5,69.1,100.0,83.3,49.5,83.3,95.4,65.1,0.7945,2.42,0.711,0.0044,8,75.6,ok
C0227,100.0,100.0,94.1,100.0,96.0,83.8,0.7541,1.66,0.426,0.0055,21,91.6,100.0,100.0,94.1,100.0,66.7,83.8,0.736,3.88,0.997,0.0068,35,86.6,ok
C0228,100.0,100.0,100.0,100.0,88.1,89.8,0.7274,2.64,0.782,0.0087,31,93.4,100.0,100.0,100.0,100.0,72.9,89.8,0.6081,3.89,0.931,0.0075,86,90.8,ok
C0229,100.0,90.4,57.6,83.3,100.0,88.1,0.8063,2.04,0.352,0.0071,8,83.2,91.7,90.4,57.6,100.0,80.6,88.1,0.6334,2.09,0.856,0.0039,18,80.6,ok
C0230,87.5,100.0,100.0,100.0,100.0,90.8,0.7089,1.97,0.583,0.0037,40,94.5,100.0,100.0,100.0,100.0,67.6,90.8,0.6434,3.63,0.983,0.0061,86,90.5,ok
C0231,72.9,100.0,40.0,50.0,66.7,100.0,0.8787,2,1.0,0.003,0,68.0,100.0,100.0,40.0,100.0,91.4,100.0,0.6414,1.57,0.571,0.0057,24,80.5,ok
C0232,100.0,100.0,88.2,100.0,74.1,18.1,0.6385,2.84,0.919,0.0078,27,78.3,72.3,100.0,88.2,100.0,67.1,18.1,0.5623,4.22,0.988,0.0076,41,73.8,ok
C0233,99.5,100.0,100.0,85.4,99.1,100.0,0.5947,2.04,0.675,0.007,38,94.8,100.0,100.0,100.0,85.4,67.5,100.0,0.6379,3.92,0.984,0.0062,67,89.5,ok
C0234,100.0,96.7,74.0,61.3,65.8,66.0,0.6698,1.42,0.131,0.0078,11,76.1,100.0,96.7,74.0,65.5,68.6,66.0,0.6533,3.28,0.973,0.0065,65,77.0,ok
C0235,100.0,33.1,39.7,86.8,96.0,79.8,0.6547,1.66,0.56,0.0051,12,68.7,100.0,33.1,39.7,86.8,74.9,79.8,0.6499,2,0.911,0.0051,12,65.1,ok
C0236,100.0,100.0,100.0,62.5,80.5,99.4,0.6438,2.37,0.857,0.0057,3,89.8,100.0,100.0,100.0,100.0,89.3,99.4,0.6539,2.55,0.771,0.0048,30,95.1,ok
C0237,90.6,100.0,100.0,58.3,93.9,83.4,0.6873,2.47,0.726,0.011,2,86.7,100.0,100.0,100.0,100.0,80.9,83.4,0.648,2.97,0.853,0.006,26,89.8,ok
C0238,100.0,100.0,100.0,50.0,88.2,64.9,0.6251,2.61,0.781,0.0089,403,86.6,100.0,100.0,100.0,50.0,73.0,64.9,0.6004,3.12,0.93,0.0081,557,84.0,ok
C0239,100.0,100.0,100.0,100.0,88.4,100.0,0.6732,1.51,0.338,0.0078,82,95.3,100.0,100.0,100.0,100.0,72.1,100.0,0.6499,2.64,0.939,0.008,76,92.5,ok
C0240,100.0,100.0,100.0,0.0,100.0,98.9,0.6219,1.96,0.556,0.006,193,86.9,100.0,100.0,100.0,0.0,80.1,98.9,0.6293,2.59,0.861,0.0056,224,83.5,ok
C0241,100.0,100.0,58.7,79.2,88.4,80.2,0.7911,1.51,0.514,0.008,7,80.2,100.0,100.0,58.7,100.0,89.9,80.2,0.6966,1.54,0.366,0.0065,23,82.6,ok
C0242,71.5,90.0,100.0,50.0,87.6,51.3,0.5613,3.14,0.787,0.0058,31,79.1,50.0,90.0,100.0,50.0,77.5,51.3,0.528,3.82,0.886,0.0057,43,74.8,ok
C0243,93.8,100.0,97.7,100.0,94.0,85.3,0.7487,1.85,0.725,0.004,60,91.2,89.6,100.0,97.7,100.0,75.6,85.3,0.7268,2.1,0.905,0.0038,84,87.6,ok
C0244,79.2,100.0,100.0,100.0,73.4,80.9,0.6572,3.37,0.926,0.0033,17,88.1,100.0,100.0,100.0,100.0,69.8,80.9,0.6456,3.66,0.961,0.0071,52,90.0,ok
C0245,100.0,75.2,44.8,53.6,49.8,88.5,0.765,1.24,0.072,0.0065,68,62.4,100.0,75.2,44.8,53.6,69.0,88.5,0.6358,2.42,0.969,0.0097,76,65.7,ok
C0246,100.0,96.7,100.0,12.5,86.5,65.9,0.6168,2.79,0.798,0.0083,988,82.8,96.6,96.7,100.0,12.5,74.2,65.9,0.5913,3.24,0.918,0.0074,1040,80.3,ok
C0247,100.0,100.0,100.0,100.0,75.6,68.9,0.6175,3.15,0.905,0.008,74,88.5,81.0,100.0,100.0,100.0,66.7,68.9,0.5727,4.29,0.997,0.0059,70,84.7,ok
C0248,100.0,97.3,100.0,100.0,92.9,69.5,0.6347,1.6,0.444,0.0053,75,91.8,98.2,97.3,100.0,50.0,96.5,69.5,0.5931,2.44,0.7,0.0068,155,87.1,ok
C0249,93.8,100.0,94.1,100.0,70.2,74.3,0.6987,3.18,0.957,0.004,61,86.3,95.8,100.0,94.1,86.2,89.2,74.3,0.6169,3.13,0.772,0.0041,107,88.3,ok
C0250,100.0,91.0,89.4,100.0,86.0,81.6,0.782,3.64,0.803,0.0079,23,86.2,100.0,91.0,89.4,100.0,84.3,81.6,0.7355,4.09,0.82,0.0058,51,85.9,ok
C0251,100.0,80.0,66.5,50.0,83.6,62.2,0.6624,3.07,0.826,0.0085,505,74.4,100.0,80.0,66.5,50.0,76.7,62.2,0.668,3.25,0.894,0.0076,717,73.2,ok
C0252,86.6,96.7,100.0,100.0,98.3,59.9,0.5793,2.04,0.683,0.0081,67,90.1,100.0,96.7,100.0,50.0,77.0,59.9,0.6225,2.94,0.891,0.0073,136,83.0,ok
C0253,85.4,62.9,81.4,100.0,81.3,77.1,0.6615,1.37,0.369,0.0036,22,78.7,83.3,62.9,81.4,100.0,70.9,77.1,0.6838,1.95,0.951,0.0035,42,76.7,ok
C0254,50.0,43.3,83.1,4.2,99.9,0.0,0.4451,2.33,0.667,0.0049,1,53.3,50.0,43.3,83.1,33.3,99.9,0.0,0.4473,2.33,0.667,0.0049,8,56.3,ok
C0255,100.0,50.0,100.0,100.0,100.0,49.2,0.6268,2.3,0.615,0.0096,46,83.9,94.3,50.0,100.0,100.0,84.9,49.2,0.5885,3.2,0.814,0.0088,74,80.7,ok
C0256,100.0,100.0,100.0,100.0,71.1,86.1,0.7058,1.35,0.207,0.0088,43,90.1,90.7,100.0,100.0,100.0,74.8,86.1,0.5842,2.97,0.912,0.005,57,89.6,ok
C0257,100.0,72.3,79.4,79.2,97.3,99.1,0.6544,2,0.692,0.0071,7,85.0,100.0,72.3,79.4,100.0,66.7,99.1,0.631,2.46,1.0,0.0069,20,81.9,ok
C0258,87.5,36.7,100.0,66.7,66.7,68.5,0.6558,3.56,1.0,0.0037,4,73.1,100.0,36.7,100.0,100.0,82.2,68.5,0.6594,2.98,0.84,0.0054,14,80.6,ok
C0259,88.0,100.0,100.0,50.0,100.0,65.2,0.581,1.99,0.646,0.0085,139,86.4,100.0,100.0,100.0,50.0,95.1,65.2,0.6,2.29,0.714,0.0058,237,87.0,ok
C0260,100.0,100.0,96.4,100.0,85.2,96.0,0.689,3.03,0.811,0.0088,39,92.3,100.0,100.0,96.4,100.0,69.0,96.0,0.6695,3.34,0.969,0.008,49,89.5,ok
C0261,100.0,100.0,88.4,91.7,66.7,85.2,0.6417,4.26,1.0,0.0056,10,80.8,100.0,100.0,88.4,83.3,66.7,85.2,0.6473,4.84,1.0,0.0054,8,79.9,ok
C0262,81.3,100.0,100.0,50.0,97.2,59.0,0.6523,2.3,0.693,0.0116,395,85.6,100.0,100.0,100.0,50.0,90.2,59.0,0.6171,2.6,0.762,0.0091,609,86.7,ok
C0263,100.0,100.0,81.8,100.0,100.0,86.7,0.658,2.1,0.649,0.0049,32,90.1,100.0,100.0,81.8,100.0,79.8,86.7,0.6276,2.45,0.864,0.0043,34,86.6,ok
C0264,99.9,85.2,100.0,100.0,91.4,67.3,0.5952,1.57,0.452,0.0059,22,89.4,100.0,85.2,100.0,100.0,80.0,67.3,0.6206,2.23,0.862,0.0052,50,87.5,ok
C0265,87.5,91.7,100.0,100.0,77.5,76.8,0.5964,4.25,0.886,0.0112,57,87.2,95.3,91.7,100.0,100.0,70.8,76.8,0.6138,5.08,0.952,0.0107,69,87.0,ok
C0266,100.0,100.0,84.0,83.3,98.2,69.8,0.6333,2.39,0.684,0.0056,8,88.1,100.0,100.0,84.0,100.0,67.7,69.8,0.7968,2.45,0.982,0.0058,79,84.6,ok
C0267,96.9,100.0,91.7,83.3,86.9,93.0,0.7255,2.25,0.794,0.0106,8,88.3,100.0,100.0,91.7,100.0,68.0,93.0,0.7227,2.39,0.979,0.0075,18,87.2,ok
C0268,100.0,96.7,100.0,50.0,100.0,76.4,0.6843,2.19,0.628,0.0093,371,89.1,100.0,96.7,100.0,50.0,76.9,76.4,0.6012,3.21,0.892,0.0082,441,85.1,ok
C0269,100.0,100.0,48.8,86.8,90.4,85.2,0.6916,1.55,0.396,0.0058,16,79.9,100.0,100.0,48.8,86.8,71.6,85.2,0.6457,2.44,0.944,0.0059,19,76.7,ok
C0270,99.7,100.0,94.9,50.0,80.9,73.8,0.5949,3.53,0.853,0.0072,219,82.7,89.4,100.0,94.9,50.0,66.9,73.8,0.5827,4.25,0.99,0.0062,204,79.1,ok
C0271,100.0,69.0,77.2,1.0,96.2,45.7,0.6346,2.05,0.703,0.0065,1551,70.8,69.4,69.0,77.2,1.0,66.7,45.7,0.5588,3.65,0.996,0.007,1830,62.1,ok
C0272,77.7,90.0,100.0,50.0,83.2,23.7,0.5687,3.29,0.83,0.0074,163,76.5,63.6,90.0,100.0,50.0,78.4,23.7,0.5519,3.71,0.877,0.0073,184,74.0,ok
C0273,98.4,77.6,88.1,91.2,77.7,55.4,0.6119,3.13,0.884,0.0105,103,80.9,90.9,77.6,88.1,71.2,76.2,55.4,0.5845,2.94,0.899,0.008,119,77.7,ok
C0274,100.0,100.0,100.0,100.0,67.9,73.5,0.6397,1.27,0.214,0.0053,26,87.5,91.7,100.0,100.0,100.0,83.9,73.5,0.6921,2.01,0.823,0.0039,64,89.2,ok
C0275,84.8,100.0,100.0,100.0,99.0,83.4,0.5772,2.26,0.676,0.0084,51,91.0,89.3,100.0,100.0,100.0,72.0,83.4,0.5825,3.09,0.94,0.0074,60,87.0,ok
C0276,100.0,80.0,100.0,100.0,100.0,85.0,0.5976,2.08,0.524,0.0104,51,92.4,87.2,80.0,100.0,100.0,83.1,85.0,0.5801,2.85,0.831,0.0065,81,88.1,ok
C0277,100.0,91.7,40.3,48.7,57.3,57.1,0.8787,1.17,0.167,0.0043,1,63.7,95.8,91.7,40.3,94.5,75.1,57.1,0.6489,1.91,0.91,0.0041,19,70.8,ok
C0278,100.0,100.0,92.3,50.0,83.9,85.7,0.6495,3.47,0.823,0.0078,185,83.4,100.0,100.0,92.3,50.0,67.4,85.7,0.6268,4.34,0.985,0.0072,236,80.6,ok
C0279,100.0,83.3,100.0,42.1,66.7,92.3,0.6717,3.73,1.0,0.0064,10,81.5,100.0,83.3,100.0,50.5,68.1,92.3,0.6705,3.88,0.978,0.0061,17,82.6,ok
C0280,100.0,100.0,59.7,100.0,60.6,60.8,0.6759,1.19,0.186,0.007,29,76.3,100.0,100.0,59.7,100.0,84.7,60.8,0.6618,2.11,0.816,0.0053,77,80.3,ok
C0281,100.0,80.0,100.0,50.0,96.3,22.9,0.6386,2.93,0.702,0.0083,237,79.5,100.0,80.0,100.0,50.0,88.0,22.9,0.6181,3.18,0.783,0.008,257,78.1,ok
C0282,2.1,9.3,100.0,75.0,99.9,55.8,1.1159,1.92,0.667,0.002,6,59.0,50.0,9.3,100.0,100.0,68.4,55.8,1.0334,2.23,0.975,0.0058,16,61.9,ok
C0283,85.4,96.7,100.0,100.0,96.9,100.0,0.6591,2.39,0.696,0.0036,31,94.6,100.0,96.7,100.0,100.0,66.7,100.0,0.6079,4.57,0.992,0.0051,63,91.2,ok
C0284,78.1,80.0,71.0,100.0,100.0,65.7,0.628,1.92,0.429,0.0118,39,80.2,84.4,80.0,71.0,100.0,96.8,65.7,0.6795,2.25,0.697,0.0114,49,80.4,ok
C0285,89.1,56.7,100.0,66.7,100.0,93.0,0.5823,1.99,0.603,0.007,4,84.2,100.0,56.7,100.0,100.0,90.4,93.0,0.6171,2.36,0.76,0.0061,16,87.2,ok
C0286,100.0,100.0,98.7,100.0,97.3,91.7,0.6929,2.22,0.692,0.0097,94,94.3,100.0,100.0,98.7,50.0,73.6,91.7,0.6556,2.89,0.924,0.0091,149,85.1,ok
C0287,100.0,100.0,100.0,100.0,100.0,89.6,0.6748,1.81,0.471,0.0097,59,97.2,100.0,100.0,100.0,50.0,79.7,89.6,0.6001,2.75,0.865,0.0093,167,88.6,ok
C0288,100.0,53.3,100.0,91.8,68.4,44.3,0.6211,2.57,0.975,0.007,13,77.0,100.0,53.3,100.0,91.8,69.0,44.3,0.609,2.88,0.969,0.0061,25,77.1,ok
C0289,100.0,100.0,100.0,100.0,91.9,54.6,0.6918,1.58,0.398,0.0072,48,89.9,100.0,100.0,100.0,100.0,81.4,54.6,0.6129,2.41,0.848,0.0059,83,88.1,ok
C0290,68.3,100.0,77.1,100.0,87.2,61.5,0.5575,2.64,0.791,0.0081,48,79.3,50.0,100.0,77.1,100.0,67.4,61.5,0.515,3.46,0.985,0.0082,52,73.7,ok
C0291,62.5,56.7,100.0,100.0,86.0,94.0,0.6451,3.01,0.803,0.0128,58,82.1,64.1,56.7,100.0,100.0,84.4,94.0,0.6448,3.19,0.819,0.0127,62,82.0,ok
C0292,83.3,83.0,100.0,53.2,83.3,84.2,0.71,1.41,0.41,0.0035,26,80.1,79.2,83.0,100.0,53.2,71.6,84.2,0.7029,1.94,0.944,0.0033,34,77.7,ok
C0293,100.0,100.0,89.4,100.0,83.5,100.0,0.6125,2.9,0.827,0.0073,29,89.2,100.0,100.0,89.4,100.0,72.1,100.0,0.6051,3.47,0.939,0.0077,30,87.2,ok
C0294,100.0,100.0,96.0,100.0,95.5,95.3,0.6455,1.65,0.506,0.0055,16,93.2,100.0,100.0,96.0,100.0,92.2,95.3,0.6052,2.36,0.742,0.0056,19,92.7,ok
C0295,100.0,100.0,100.0,100.0,100.0,77.1,0.5953,2.09,0.548,0.0083,14,93.6,100.0,100.0,100.0,100.0,81.6,77.1,0.64,2.84,0.846,0.0064,41,90.5,ok
C0296,100.0,100.0,100.0,100.0,76.3,70.8,0.6119,2.87,0.898,0.0078,27,90.6,100.0,100.0,100.0,100.0,82.2,70.8,0.6289,3.73,0.84,0.0074,79,91.6,ok
C0297,100.0,96.7,96.6,94.8,94.9,63.1,0.7041,2.33,0.716,0.0099,58,89.9,100.0,96.7,96.6,44.8,85.8,63.1,0.631,3.07,0.805,0.0085,148,83.3,ok
C0298,90.2,61.4,80.3,91.7,91.4,74.8,0.5836,1.57,0.413,0.0066,10,79.1,97.9,61.4,80.3,100.0,100.0,74.8,0.6235,1.79,0.653,0.0042,89,82.4,ok
C0299,100.0,100.0,84.9,100.0,80.5,98.4,0.6043,2.68,0.857,0.0062,19,88.0,100.0,100.0,84.9,100.0,67.5,98.4,0.6022,3.05,0.984,0.0058,23,85.8,ok
C0300,100.0,100.0,100.0,100.0,76.1,58.3,0.6096,5.06,0.9,0.0097,21,87.1,97.1,100.0,100.0,100.0,67.5,58.3,0.5919,5.84,0.984,0.0102,54,85.3,ok
C0301,91.9,100.0,93.8,100.0,80.3,75.0,0.5856,2.7,0.859,0.0079,80,88.9,89.3,100.0,93.8,100.0,77.9,75.0,0.5825,2.8,0.882,0.0081,82,88.2,ok
C0302,100.0,67.4,89.3,0.0,93.3,54.0,0.6303,2.22,0.732,0.007,1491,73.5,75.0,67.4,89.3,0.0,66.7,54.0,0.5655,3.64,0.994,0.0073,1807,66.0,ok
C0303,100.0,100.0,89.5,100.0,71.2,62.5,0.6683,1.34,0.212,0.0097,14,83.5,100.0,100.0,89.5,100.0,76.7,62.5,0.6391,2.21,0.894,0.0047,47,84.5,ok
C0304,100.0,100.0,100.0,100.0,85.7,83.8,0.6217,3.15,0.806,0.0089,57,91.7,100.0,100.0,100.0,100.0,66.7,83.8,0.6275,4.38,0.997,0.0072,70,88.5,ok
C0305,100.0,100.0,96.9,90.0,74.7,85.9,0.6526,3.94,0.913,0.0069,69,88.0,100.0,100.0,96.9,85.0,67.4,85.9,0.6357,4.41,0.985,0.0062,100,86.3,ok
C0306,100.0,75.6,78.7,60.5,67.8,94.9,0.6992,3.89,0.981,0.0068,6,74.5,100.0,75.6,78.7,81.3,66.7,94.9,0.68,4,1.0,0.0069,11,76.4,ok
C0307,100.0,100.0,100.0,100.0,71.8,74.8,0.61,2.37,0.942,0.0098,13,89.6,86.3,100.0,100.0,100.0,100.0,74.8,0.579,2.49,0.56,0.0087,46,92.7,ok
C0308,100.0,100.0,100.0,100.0,77.5,100.0,0.608,2.68,0.886,0.0049,35,94.2,100.0,100.0,100.0,100.0,66.7,100.0,0.6522,4.57,0.997,0.0054,66,92.4,ok
C0309,100.0,80.0,87.7,50.0,92.8,53.4,0.6925,2.72,0.736,0.0085,414,79.5,100.0,80.0,87.7,50.0,84.7,53.4,0.6522,3.03,0.816,0.0077,544,78.2,ok
C0310,69.6,87.7,76.2,100.0,74.0,93.3,0.9046,1.27,0.267,0.003,20,79.8,87.5,87.7,76.2,100.0,70.4,93.3,0.764,1.95,0.955,0.0037,34,81.3,ok
C0311,90.6,76.7,100.0,100.0,100.0,67.6,0.6864,2.33,0.601,0.011,30,87.4,100.0,76.7,100.0,100.0,87.7,67.6,0.6557,2.86,0.786,0.0086,70,86.4,ok
C0312,100.0,100.0,100.0,50.0,100.0,59.4,0.6552,2.38,0.589,0.0064,184,86.7,100.0,100.0,100.0,50.0,78.8,59.4,0.5977,3.4,0.873,0.0062,202,83.1,ok
C0313,100.0,100.0,100.0,50.0,100.0,76.3,0.605,2.15,0.606,0.0078,831,89.7,88.8,100.0,100.0,50.0,80.7,76.3,0.5819,2.84,0.855,0.0077,751,85.1,ok
C0314,100.0,100.0,85.5,100.0,72.7,82.1,0.6189,1.46,0.173,0.0078,12,87.3,96.4,100.0,85.5,100.0,75.8,82.1,0.591,2.59,0.903,0.0063,20,87.4,ok
C0315,100.0,100.0,98.7,100.0,79.4,99.1,0.6283,3.95,0.867,0.0098,23,92.1,100.0,100.0,98.7,100.0,77.5,99.1,0.6203,4.26,0.886,0.0096,25,91.8,ok
C0316,100.0,66.7,59.8,87.5,92.1,0.0,0.6712,2.66,0.743,0.0069,9,69.2,100.0,66.7,59.8,100.0,69.8,0.0,0.5956,4.07,0.961,0.0077,20,66.7,ok
C0317,85.9,96.7,95.9,50.0,100.0,46.3,0.6182,2.04,0.586,0.0113,152,81.9,100.0,96.7,95.9,50.0,81.0,46.3,0.6224,2.48,0.852,0.0056,154,80.3,ok
C0318,97.9,100.0,80.0,100.0,84.5,90.6,0.6798,1.82,0.818,0.0042,15,88.8,91.7,100.0,80.0,100.0,89.4,90.6,0.6824,1.53,0.526,0.0039,34,88.9,ok
C0319,100.0,75.6,80.0,50.0,100.0,62.2,0.5961,1.88,0.628,0.0074,232,80.0,50.0,75.6,80.0,50.0,68.8,62.2,0.5165,3.37,0.971,0.0053,179,68.7,ok
C0320,100.0,100.0,100.0,100.0,100.0,94.9,0.6317,2.28,0.661,0.0089,54,96.1,100.0,100.0,100.0,90.0,79.9,94.9,0.6493,2.43,0.863,0.0085,104,91.7,ok
C0321,95.8,92.9,89.4,100.0,70.2,92.2,0.6698,3.2,0.957,0.0041,43,86.9,100.0,92.9,89.4,100.0,70.3,92.2,0.6047,3.78,0.956,0.0046,95,87.4,ok
C0322,87.7,80.0,100.0,98.8,87.8,39.2,0.5806,3.7,0.785,0.0102,97,82.6,50.0,80.0,100.0,50.0,82.0,39.2,0.5355,4.18,0.842,0.0096,144,72.1,ok
C0323,100.0,100.0,100.0,100.0,86.3,65.7,0.5987,3.31,0.8,0.0102,16,90.2,96.8,100.0,100.0,100.0,80.2,65.7,0.5915,3.8,0.86,0.0088,44,88.8,ok
C0324,87.5,100.0,100.0,50.0,97.9,76.1,0.6405,2.55,0.687,0.0112,241,88.6,100.0,100.0,100.0,50.0,77.6,76.1,0.6183,2.86,0.885,0.0104,621,86.7,ok
C0325,100.0,100.0,92.3,99.1,77.5,60.7,0.7287,3.33,0.886,0.0076,26,84.4,100.0,100.0,92.3,99.1,78.4,60.7,0.6623,4.34,0.877,0.0069,37,84.6,ok
C0326,92.0,100.0,53.5,75.0,78.3,83.0,0.5858,1.31,0.308,0.0043,6,77.3,87.5,100.0,53.5,100.0,72.2,83.0,0.6302,1.97,0.938,0.0037,36,78.3,ok
C0327,100.0,100.0,100.0,98.8,95.5,87.3,0.651,1.65,0.382,0.0097,97,96.0,96.1,100.0,100.0,50.0,82.7,87.3,0.5906,2.75,0.835,0.0089,164,88.4,ok
C0328,100.0,100.0,100.0,53.8,73.3,92.8,0.6224,3.54,0.927,0.0068,133,85.4,96.2,100.0,100.0,50.0,66.7,92.8,0.5908,4.32,0.997,0.0057,148,83.4,ok
C0329,47.5,50.0,29.4,96.8,66.7,26.5,0.9023,2,1.0,0.0012,32,43.9,48.0,50.0,29.4,96.8,66.7,26.5,0.901,2,1.0,0.0012,50,43.9,ok
C0330,100.0,100.0,100.0,100.0,96.5,60.1,0.6047,2.56,0.7,0.0072,51,90.4,100.0,100.0,100.0,100.0,71.7,60.1,0.603,3.47,0.943,0.0069,92,86.2,ok
C0331,77.0,90.5,98.7,95.8,100.0,53.9,0.5679,1.82,0.288,0.0097,11,85.0,100.0,90.5,98.7,100.0,72.5,53.9,0.6594,2.24,0.935,0.0054,94,83.5,ok
C0332,87.5,100.0,100.0,94.1,100.0,77.2,0.7491,1.98,0.606,0.0112,36,90.4,70.1,100.0,100.0,94.1,66.7,77.2,0.5597,4.97,0.993,0.0098,24,82.7,ok
C0333,81.8,100.0,98.1,30.7,81.6,94.7,0.5736,2.77,0.846,0.0088,3,82.4,60.7,100.0,98.1,51.5,98.9,94.7,0.5485,2.95,0.677,0.0077,8,85.0,ok
C0334,0.0,100.0,47.9,87.7,33.3,97.5,0.0,1,0.0,0.0,17,59.8,100.0,100.0,47.9,87.7,100.0,97.5,0.6919,2.01,0.5,0.007,20,83.0,ok
C0335,83.3,100.0,100.0,91.7,82.8,72.0,0.5958,2.65,0.834,0.0035,10,88.3,100.0,100.0,100.0,100.0,70.0,72.0,0.6186,3.99,0.959,0.0057,51,88.9,ok
C0336,72.7,70.0,94.0,100.0,74.5,0.0,0.5627,5.33,0.915,0.0096,38,71.8,76.6,70.0,94.0,100.0,69.9,0.0,0.5674,6.16,0.96,0.0098,26,71.5,ok
C0337,99.6,100.0,100.0,100.0,98.1,72.1,0.5948,2.26,0.685,0.0087,37,93.3,69.0,100.0,100.0,100.0,73.1,72.1,0.5584,3.13,0.929,0.0073,42,85.4,ok
C0338,100.0,100.0,100.0,50.0,90.4,51.4,0.6647,1.55,0.436,0.0056,169,82.9,100.0,100.0,100.0,50.0,87.4,51.4,0.631,2.09,0.789,0.0049,232,82.4,ok
C0339,100.0,100.0,89.4,98.6,100.0,62.2,0.6079,2.35,0.586,0.0081,75,89.9,100.0,100.0,89.4,98.6,70.1,62.2,0.6143,3.17,0.958,0.0065,86,84.8,ok
C0340,100.0,66.7,88.2,36.5,96.0,65.4,0.6108,1.66,0.362,0.0059,272,77.8,100.0,66.7,88.2,36.5,67.4,65.4,0.6212,1.32,0.188,0.0059,641,73.0,ok
C0341,100.0,100.0,20.0,91.7,99.9,81.3,0.6716,2.17,0.667,0.0091,10,76.6,95.8,100.0,20.0,100.0,67.6,81.3,0.5903,3.67,0.983,0.0097,44,71.5,ok
C0342,100.0,100.0,59.1,70.8,100.0,93.1,0.6009,1.88,0.562,0.007,5,83.5,95.2,100.0,59.1,100.0,80.5,93.1,0.5896,2.24,0.857,0.0058,24,82.6,ok
C0344,93.5,63.3,86.4,100.0,82.2,0.0,0.5875,4.36,0.84,0.0101,19,73.5,50.0,63.3,86.4,100.0,67.4,0.0,0.5246,6.0,0.985,0.0097,26,65.8,ok
C0345,76.2,100.0,100.0,100.0,83.1,75.9,0.5669,3.49,0.831,0.0085,60,88.7,60.6,100.0,100.0,97.5,85.3,75.9,0.5483,3.71,0.81,0.0081,98,87.0,ok
C0346,92.2,100.0,100.0,50.0,100.0,64.5,0.6168,2.24,0.608,0.0109,139,88.2,100.0,100.0,100.0,50.0,81.8,64.5,0.6112,2.83,0.844,0.008,207,86.0,ok
C0347,59.4,100.0,95.6,68.8,88.0,89.5,0.6318,3.22,0.783,0.013,121,82.7,82.8,100.0,95.6,50.0,69.0,89.5,0.6114,4.1,0.969,0.0115,148,80.4,ok
C0348,100.0,100.0,100.0,50.0,92.4,76.1,0.673,1.59,0.394,0.0073,278,88.0,100.0,100.0,100.0,50.0,93.5,76.1,0.6352,2.16,0.73,0.0065,384,88.2,ok
C0349,100.0,100.0,100.0,100.0,100.0,96.6,0.7354,2.33,0.635,0.0058,22,95.2,100.0,100.0,100.0,100.0,82.0,96.6,0.7033,2.85,0.842,0.0047,54,92.1,ok
C0350,75.0,100.0,94.7,100.0,89.4,100.0,0.6612,1.53,0.338,0.012,17,91.3,100.0,100.0,94.7,100.0,86.6,100.0,0.6418,2.16,0.797,0.0051,83,93.8,ok
C0351,100.0,100.0,42.9,100.0,87.9,80.2,0.7101,1.5,0.469,0.005,13,79.4,100.0,100.0,42.9,100.0,81.1,80.2,0.7012,1.89,0.851,0.0046,28,78.2,ok
C0352,100.0,100.0,89.4,100.0,100.0,98.4,0.6514,1.79,0.506,0.0058,18,91.8,100.0,100.0,89.4,100.0,66.7,98.4,0.7033,2.9,1.0,0.0058,42,86.1,ok
C0353,70.8,100.0,38.3,79.9,89.9,76.2,0.7306,1.54,0.537,0.0029,11,70.8,70.8,100.0,38.3,84.1,66.7,76.2,0.7409,2,1.0,0.0029,14,67.3,ok
C0354,100.0,100.0,91.7,100.0,72.0,88.9,0.601,3.09,0.94,0.0052,34,89.0,100.0,100.0,91.7,100.0,74.3,88.9,0.6029,3.68,0.917,0.0063,66,89.4,ok
C0355,92.2,99.0,100.0,95.9,73.5,61.5,0.6688,4.31,0.925,0.0109,46,86.1,100.0,99.0,100.0,95.9,66.7,61.5,0.6399,5.05,1.0,0.0103,79,85.9,ok
C0356,68.6,66.7,100.0,100.0,66.7,88.9,0.5579,3.49,1.0,0.0101,12,79.5,56.5,66.7,100.0,100.0,66.7,88.9,0.5434,4.1,1.0,0.0079,18,78.1,ok
C0357,100.0,100.0,100.0,50.0,100.0,74.1,0.6094,2.49,0.624,0.0088,360,89.7,100.0,100.0,100.0,50.0,83.2,74.1,0.6135,2.9,0.83,0.0077,594,86.8,ok
C0358,85.4,94.1,86.9,95.8,79.8,95.7,0.7069,1.34,0.344,0.0036,11,85.4,79.2,94.1,86.9,100.0,77.4,95.7,0.6924,1.89,0.887,0.0033,23,84.7,ok
C0359,100.0,100.0,93.0,100.0,83.9,53.9,0.6141,2.87,0.823,0.0086,41,88.5,93.4,100.0,93.0,96.2,78.3,53.9,0.5874,3.25,0.878,0.0074,99,86.4,ok
C0360,86.5,88.3,95.2,100.0,83.8,1.8,0.5792,4.95,0.824,0.009,36,78.3,67.6,88.3,95.2,100.0,78.6,1.8,0.5567,5.54,0.875,0.0066,41,75.1,ok
C0361,89.4,100.0,100.0,95.8,89.4,29.4,0.5827,2.58,0.77,0.0075,11,85.4,100.0,100.0,100.0,100.0,66.8,29.4,0.6037,3.62,0.991,0.0075,39,83.2,ok
C0362,100.0,100.0,100.0,50.0,100.0,100.0,0.7689,1.97,0.636,0.0076,0,92.0,100.0,100.0,100.0,100.0,66.7,100.0,0.6654,4.02,1.0,0.0069,21,91.4,ok
C0363,59.6,41.7,100.0,96.2,100.0,56.7,0.5472,2.17,0.498,0.0103,99,79.7,100.0,41.7,100.0,50.0,91.7,56.7,0.5985,2.54,0.747,0.0084,170,78.4,ok
C0364,100.0,100.0,88.6,100.0,100.0,45.1,0.6439,2.24,0.55,0.009,86,87.6,100.0,100.0,88.6,88.8,72.5,45.1,0.6567,2.91,0.935,0.0083,105,81.8,ok
C0365,70.4,100.0,89.4,100.0,66.7,44.0,0.5824,5.01,1.0,0.0116,62,77.8,58.1,100.0,89.4,85.0,66.7,44.0,0.5454,5.35,1.0,0.0085,108,74.8,ok
C0366,100.0,40.0,48.9,58.2,73.9,83.3,0.7159,3.79,0.921,0.0046,16,59.8,100.0,40.0,48.9,58.2,66.7,83.3,0.7117,4.06,1.0,0.0047,24,58.6,ok
C0367,100.0,100.0,100.0,100.0,86.7,70.4,0.6763,2.91,0.796,0.0057,15,92.0,100.0,100.0,100.0,100.0,88.4,70.4,0.6354,2.94,0.779,0.007,57,92.3,ok
C0368,100.0,63.3,100.0,50.0,100.0,51.8,0.6055,2.08,0.415,0.0061,18,80.8,100.0,63.3,100.0,37.5,87.2,51.8,0.6184,2.78,0.791,0.0076,9,77.3,ok
C0369,83.3,88.9,52.0,100.0,99.9,59.4,0.6446,1.82,0.667,0.0035,88,72.0,89.6,88.9,52.0,100.0,69.6,59.4,0.6514,2.09,0.963,0.0038,91,67.6,ok
C0370,78.1,100.0,100.0,59.4,99.7,93.1,0.6223,1.84,0.669,0.0118,8,89.3,100.0,100.0,100.0,76.0,81.0,93.1,0.6334,2.51,0.852,0.0068,18,90.4,ok
C0371,0.0,71.7,61.0,100.0,33.3,62.5,0.0,1,0.0,0.0,21,56.2,100.0,71.7,61.0,100.0,82.8,62.5,0.6812,1.4,0.395,0.0043,52,76.5,ok
C0372,100.0,77.8,89.4,96.4,75.1,96.2,0.6084,3.52,0.91,0.0046,27,83.2,98.8,77.8,89.4,96.4,67.1,96.2,0.5939,4.31,0.988,0.0046,35,81.7,ok
C0373,100.0,100.0,65.1,100.0,38.2,85.7,0.7034,1.06,0.042,0.0045,42,76.7,92.2,100.0,65.1,100.0,67.2,85.7,0.586,2.78,0.987,0.0051,61,80.7,ok
C0374,100.0,86.5,80.0,56.2,97.5,76.2,0.6677,1.69,0.454,0.0061,131,83.0,100.0,86.5,80.0,50.0,78.7,76.2,0.6016,3.11,0.874,0.006,212,79.2,ok
C0375,87.5,43.3,47.0,100.0,83.8,98.0,0.5972,1.42,0.34,0.0037,14,71.4,91.7,43.3,47.0,100.0,66.7,98.0,0.6151,2.37,1.0,0.0039,16,69.0,ok
C0376,100.0,72.2,89.4,100.0,66.7,93.0,0.8137,3.45,1.0,0.0073,12,82.6,100.0,72.2,89.4,100.0,66.7,93.0,0.713,4.56,1.0,0.0072,14,82.6,ok
C0377,100.0,83.3,75.8,100.0,90.9,94.9,0.642,1.56,0.451,0.0055,34,84.8,100.0,83.3,75.8,100.0,66.9,94.9,0.6523,2.15,0.99,0.0047,52,80.7,ok
C0378,100.0,100.0,61.2,100.0,98.0,92.1,0.7064,1.7,0.601,0.0056,34,87.5,100.0,100.0,61.2,100.0,68.5,92.1,0.6238,2.87,0.974,0.0089,52,82.5,ok
C0379,100.0,88.9,91.6,27.1,71.6,53.7,0.685,1.41,0.185,0.0093,4,72.6,100.0,88.9,91.6,27.1,68.8,53.7,0.6623,2.31,0.971,0.0093,4,72.1,ok
C0380,100.0,86.8,73.2,60.7,89.4,76.4,0.631,2.07,0.77,0.0091,9,78.9,100.0,86.8,73.2,73.2,83.0,76.4,0.6236,2.19,0.832,0.006,17,79.1,ok
C0381,100.0,100.0,75.9,100.0,87.8,90.0,0.686,2.01,0.785,0.0075,34,87.9,100.0,100.0,75.9,100.0,67.1,90.0,0.6291,2.96,0.988,0.0071,41,84.3,ok
C0382,90.6,100.0,98.8,100.0,93.7,41.4,0.6069,2.62,0.728,0.011,72,86.1,73.7,100.0,98.8,100.0,74.5,41.4,0.5639,3.56,0.915,0.0081,81,80.8,ok
C0383,86.6,96.7,100.0,100.0,98.3,59.9,0.5793,2.04,0.683,0.0081,67,90.1,100.0,96.7,100.0,50.0,77.0,59.9,0.6225,2.94,0.891,0.0073,136,83.0,ok
C0384,87.5,56.7,94.0,100.0,73.7,54.4,0.6714,5.62,0.923,0.0112,95,77.9,100.0,56.7,94.0,100.0,68.8,54.4,0.6167,6.59,0.971,0.0082,92,78.6,ok
C0385,71.9,76.7,100.0,100.0,95.6,45.3,0.6437,2.46,0.709,0.0122,72,84.1,80.1,76.7,100.0,100.0,71.3,45.3,0.5716,4.12,0.947,0.0078,71,80.9,ok
C0386,100.0,100.0,100.0,100.0,100.0,79.6,0.8388,1.78,0.593,0.0048,61,95.7,100.0,100.0,100.0,58.8,80.1,79.6,0.6764,2.31,0.861,0.0046,129,88.1,ok
C0387,100.0,72.1,50.6,78.2,71.9,100.0,0.6899,3.65,0.941,0.0068,20,71.6,100.0,72.1,50.6,78.2,66.7,100.0,0.6661,4.07,1.0,0.0068,26,70.7,ok
C0388,100.0,100.0,56.1,100.0,86.4,80.9,0.6994,1.47,0.465,0.005,50,82.1,100.0,100.0,56.1,100.0,87.5,80.9,0.6758,2.27,0.788,0.0057,71,82.3,ok
C0389,100.0,100.0,67.3,100.0,75.2,52.6,0.6591,3.07,0.909,0.0071,31,75.0,100.0,100.0,67.3,100.0,76.2,52.6,0.631,3.11,0.899,0.0071,54,75.1,ok
C0390,100.0,100.0,78.3,100.0,100.0,96.7,0.6723,1.96,0.617,0.0089,28,92.5,100.0,100.0,78.3,100.0,66.9,96.7,0.6334,2.85,0.99,0.0056,52,86.8,ok
C0391,50.0,100.0,97.6,91.7,100.0,40.7,0.8221,1.9,0.467,0.0146,10,82.4,76.6,100.0,97.6,100.0,70.8,40.7,0.6559,3.35,0.952,0.0119,81,81.5,ok
C0392,70.4,66.7,100.0,70.8,100.0,95.3,0.56,1.86,0.5,0.0066,5,84.7,81.7,66.7,100.0,100.0,71.2,95.3,0.5735,2.54,0.948,0.0064,27,84.2,ok
C0393,100.0,98.2,100.0,100.0,96.5,82.7,0.6581,1.67,0.356,0.0074,94,94.4,100.0,98.2,100.0,50.0,84.6,82.7,0.6294,2.49,0.817,0.0065,295,87.3,ok
C0394,100.0,100.0,60.0,54.2,77.2,83.3,0.6349,3.56,0.889,0.0075,1,77.2,100.0,100.0,60.0,100.0,82.2,83.3,0.6663,2.22,0.84,0.005,19,82.8,ok
C0395,100.0,100.0,63.0,100.0,96.0,71.8,0.6951,1.66,0.518,0.0073,46,84.8,100.0,100.0,63.0,100.0,74.6,71.8,0.6772,2.22,0.914,0.0052,50,81.2,ok
C0396,100.0,100.0,79.0,100.0,76.4,72.8,0.8732,2.6,0.897,0.0089,42,80.7,100.0,100.0,79.0,100.0,70.7,72.8,0.7252,3.64,0.953,0.0071,61,79.7,ok
C0397,100.0,100.0,81.0,7.5,63.5,65.9,0.6617,1.23,0.194,0.0067,130,73.7,100.0,100.0,81.0,0.0,76.2,65.9,0.632,2.24,0.899,0.0052,420,75.0,ok
C0398,71.9,83.3,72.8,100.0,100.0,30.8,0.7408,2.23,0.516,0.0122,39,77.0,70.1,83.3,72.8,100.0,68.7,30.8,0.5596,4.07,0.972,0.0073,63,71.5,ok
C0399,100.0,100.0,100.0,79.2,75.1,64.7,0.6068,3.42,0.91,0.0067,7,86.1,93.5,100.0,100.0,100.0,66.7,64.7,0.5875,4.31,1.0,0.0078,20,86.0,ok
C0400,100.0,100.0,100.0,100.0,79.1,59.2,0.6736,3.01,0.87,0.009,86,88.1,100.0,100.0,100.0,78.8,67.2,59.2,0.6972,3.44,0.987,0.0074,113,83.9,ok
C0401,59.6,100.0,100.0,100.0,86.1,77.2,0.5471,2.63,0.802,0.0046,32,84.2,66.9,100.0,100.0,100.0,71.5,77.2,0.5559,3.85,0.945,0.0063,45,82.6,ok
C0402,53.0,100.0,100.0,20.8,96.8,20.7,0.9468,2.03,0.697,0.0122,5,71.3,100.0,100.0,100.0,50.0,66.7,20.7,0.7153,3.07,0.992,0.0075,16,74.7,ok
C0403,100.0,100.0,100.0,100.0,74.2,39.8,0.664,3.59,0.918,0.0067,47,84.8,100.0,100.0,100.0,83.8,71.0,39.8,0.7197,3.28,0.95,0.0079,109,82.6,ok
C0404,95.3,100.0,70.9,41.7,70.0,86.6,0.6575,1.28,0.228,0.0107,116,77.3,100.0,100.0,70.9,16.7,93.5,86.6,0.6396,1.98,0.73,0.0081,291,79.3,ok
C0405,100.0,100.0,99.1,0.0,99.5,72.0,0.6338,1.73,0.516,0.005,203,83.0,100.0,100.0,99.1,0.0,88.0,72.0,0.64,2.1,0.783,0.0051,333,81.0,ok
C0406,50.3,33.3,34.6,100.0,66.7,54.2,0.5634,2.8,0.995,0.0032,21,50.5,38.5,33.3,34.6,100.0,66.7,54.2,0.5418,3.08,1.0,0.0035,41,49.1,ok
C0407,100.0,100.0,100.0,100.0,77.3,79.0,0.6326,4.29,0.888,0.0088,17,89.1,100.0,100.0,100.0,100.0,75.7,79.0,0.6032,5.06,0.904,0.0088,26,88.8,ok
C0408,100.0,100.0,100.0,75.0,76.6,69.2,0.8906,2.2,0.895,0.008,6,86.2,100.0,100.0,100.0,100.0,73.4,69.2,0.6534,2.93,0.926,0.0061,47,88.2,ok
C0409,71.3,83.3,74.2,100.0,80.7,68.0,0.5611,3.74,0.855,0.0044,82,78.5,88.0,83.3,74.2,100.0,80.4,68.0,0.581,3.58,0.858,0.005,79,80.5,ok
C0410,53.1,50.0,96.2,50.0,86.8,82.1,0.6545,2.69,0.795,0.0134,165,75.3,100.0,50.0,96.2,50.0,77.5,82.1,0.6177,3.51,0.886,0.0099,193,79.3,ok
C0411,100.0,100.0,99.9,100.0,100.0,0.0,0.6441,2.87,0.58,0.0089,44,85.1,100.0,100.0,99.9,100.0,97.0,0.0,0.596,3.35,0.695,0.0104,70,84.6,ok
C0412,100.0,80.0,100.0,100.0,100.0,64.6,0.6875,2.55,0.623,0.0076,67,90.5,100.0,80.0,100.0,50.0,78.4,64.6,0.604,3.19,0.877,0.0071,196,81.7,ok
C0413,79.2,100.0,60.0,83.3,55.8,95.6,0.7881,1.16,0.158,0.0033,8,75.6,87.5,100.0,60.0,100.0,77.0,95.6,0.6575,1.93,0.891,0.0037,65,81.9,ok
C0414,71.2,100.0,56.4,100.0,35.5,93.7,0.5858,1.02,0.019,0.0033,17,71.7,100.0,100.0,56.4,100.0,66.7,93.7,0.6876,2,1.0,0.0045,25,80.4,ok
C0415,46.9,32.3,76.1,54.3,100.0,98.8,0.5255,1.91,0.553,0.0106,3,68.4,88.4,32.3,76.1,87.7,96.3,98.8,0.5815,2.21,0.702,0.0081,11,76.1,ok
C0416,100.0,70.0,100.0,50.0,91.2,85.5,0.6047,2.92,0.752,0.0069,239,84.4,100.0,70.0,100.0,50.0,86.6,85.5,0.6052,3.08,0.797,0.0069,229,83.7,ok
C0417,100.0,73.4,92.1,100.0,96.5,70.2,0.643,1.67,0.541,0.008,34,86.4,100.0,73.4,92.1,100.0,71.3,70.2,0.6354,2.44,0.947,0.0055,45,82.2,ok
C0418,74.1,100.0,96.7,100.0,92.5,83.2,0.5644,3.08,0.739,0.0079,55,90.7,73.6,100.0,96.7,100.0,84.0,83.2,0.5638,3.55,0.822,0.008,63,89.2,ok
C0419,100.0,75.0,100.0,100.0,100.0,71.1,0.6913,2.13,0.596,0.008,28,89.9,50.0,75.0,100.0,100.0,84.2,71.1,0.6207,2.71,0.821,0.0142,79,81.2,ok
C0420,100.0,100.0,66.7,100.0,79.3,100.0,0.7816,1.33,0.302,0.0071,24,86.8,87.5,100.0,66.7,100.0,92.4,100.0,0.7028,1.87,0.74,0.0037,83,87.5,ok
C0421,79.2,100.0,57.8,86.8,91.4,89.2,0.7294,1.57,0.566,0.0033,29,78.7,81.2,100.0,57.8,86.8,78.6,89.2,0.7245,1.88,0.875,0.0034,33,76.8,ok
C0422,23.4,89.2,40.1,54.2,100.0,55.5,0.5165,2.11,0.556,0.0121,1,62.1,100.0,89.2,40.1,100.0,79.9,55.5,0.6238,1.96,0.863,0.0059,20,72.5,ok
C0423,84.5,100.0,100.0,100.0,100.0,65.9,0.5868,1.99,0.559,0.0039,19,90.8,100.0,100.0,100.0,100.0,72.2,65.9,0.6163,3.33,0.938,0.0059,20,87.9,ok
C0424,76.6,98.9,40.0,71.7,100.0,64.5,0.7998,1.87,0.633,0.0119,10,70.0,100.0,98.9,40.0,80.0,80.3,64.5,0.6167,1.95,0.859,0.0081,39,70.3,ok
C0425,75.3,100.0,66.4,96.4,93.8,0.0,0.5659,3.52,0.727,0.0104,39,71.7,98.5,100.0,66.4,96.4,97.3,0.0,0.5935,3.52,0.692,0.0097,49,75.1,ok
C0426,95.8,99.6,100.0,100.0,77.7,99.8,0.7264,2.19,0.884,0.0041,18,91.1,100.0,99.6,100.0,100.0,70.1,99.8,0.6795,3.92,0.958,0.0053,55,90.3,ok
C0427,100.0,100.0,100.0,100.0,90.8,83.3,0.6398,1.56,0.285,0.0104,37,93.4,89.9,100.0,100.0,100.0,75.3,83.3,0.5833,2.95,0.908,0.0049,55,89.6,ok
C0428,91.7,100.0,100.0,100.0,88.9,84.7,0.7006,1.52,0.481,0.0039,22,91.0,100.0,100.0,100.0,100.0,70.9,84.7,0.6989,2.68,0.951,0.0058,23,89.0,ok
C0429,42.0,96.7,100.0,58.3,84.3,22.6,0.5858,1.43,0.429,0.0011,2,72.5,62.4,96.7,100.0,50.0,100.0,22.6,0.5505,2.42,0.603,0.0083,167,76.7,ok
C0430,100.0,100.0,100.0,84.4,100.0,96.2,0.7069,2.03,0.663,0.0071,62,94.8,100.0,100.0,100.0,51.9,88.2,96.2,0.6669,2.46,0.781,0.0051,122,89.5,ok
C0431,100.0,100.0,89.4,100.0,66.7,72.8,0.7613,5.88,1.0,0.0047,55,83.3,100.0,100.0,89.4,87.5,66.7,72.8,0.7325,5.53,1.0,0.0048,106,82.0,ok
C0432,100.0,100.0,89.4,94.5,100.0,63.9,0.6058,2.34,0.589,0.0073,88,89.7,100.0,100.0,89.4,94.5,70.3,63.9,0.6141,3.16,0.956,0.0062,83,84.7,ok
C0433,100.0,100.0,89.0,100.0,85.7,80.9,0.6018,3.17,0.806,0.0097,24,89.2,100.0,100.0,89.0,100.0,87.8,80.9,0.6227,2.73,0.785,0.008,39,89.5,ok
C0434,100.0,48.6,100.0,66.7,82.3,100.0,0.6507,1.39,0.338,0.0103,4,83.3,100.0,48.6,100.0,95.8,71.6,100.0,0.6034,2.77,0.944,0.0069,11,84.4,ok
C0435,100.0,75.9,49.4,100.0,66.7,89.1,0.6137,2.15,0.995,0.0071,15,73.4,100.0,75.9,49.4,100.0,66.7,89.1,0.6325,2.09,0.995,0.0063,29,73.4,ok
C0436,67.9,66.7,100.0,50.0,82.1,25.7,0.557,3.82,0.841,0.0081,373,72.7,50.0,66.7,100.0,50.0,68.9,25.7,0.5171,5.29,0.97,0.0081,369,68.3,ok
C0437,63.2,100.0,89.4,83.3,66.7,79.2,0.5514,3.94,1.0,0.0073,8,77.0,53.1,100.0,89.4,100.0,66.7,79.2,0.5394,4.36,1.0,0.0056,21,77.5,ok
C0438,100.0,100.0,97.9,100.0,91.9,97.3,0.6724,1.58,0.458,0.0056,18,92.7,85.4,100.0,97.9,100.0,89.7,97.3,0.6775,1.83,0.767,0.0036,26,90.6,ok
C0439,97.9,80.0,43.3,52.3,68.9,51.4,0.8235,1.24,0.236,0.0042,12,65.5,100.0,80.0,43.3,52.3,87.4,51.4,0.7578,1.49,0.465,0.0058,24,68.9,ok
C0440,100.0,100.0,50.8,70.8,80.0,84.0,0.6431,2.7,0.862,0.0059,82,74.6,100.0,100.0,50.8,20.8,73.5,84.0,0.6466,2.96,0.925,0.0056,144,68.4,ok
C0441,100.0,100.0,100.0,50.0,88.5,82.3,0.6278,2.5,0.778,0.008,288,89.5,100.0,100.0,100.0,50.0,83.9,82.3,0.6501,2.66,0.823,0.0078,410,88.7,ok
C0442,0.0,50.0,32.1,63.5,16.7,94.3,0.0,1,0.0,0.0,4,43.5,0.0,50.0,32.1,96.8,16.7,94.3,0.0,1,0.0,0.0,19,46.9,ok
C0443,79.2,100.0,73.8,62.5,50.5,70.5,0.8086,1.13,0.126,0.0033,38,73.0,85.4,100.0,73.8,12.5,83.9,70.5,0.6572,1.82,0.823,0.0036,180,74.3,ok
C0444,91.9,94.4,100.0,100.0,100.0,100.0,0.5857,1.78,0.593,0.0085,33,95.8,89.2,94.4,100.0,100.0,75.9,100.0,0.5824,2.6,0.902,0.0058,39,91.4,ok
C0445,100.0,100.0,100.0,100.0,100.0,90.5,0.7073,1.86,0.563,0.0098,16,96.3,100.0,100.0,100.0,100.0,78.4,90.5,0.6315,2.47,0.877,0.0065,49,92.7,ok
C0446,100.0,94.3,56.6,100.0,80.8,51.4,0.6201,1.36,0.309,0.0059,65,77.9,100.0,94.3,56.6,50.0,85.4,51.4,0.636,2.21,0.809,0.0069,174,73.6,ok
C0447,100.0,91.7,100.0,100.0,100.0,77.2,0.6441,2.9,0.657,0.0098,71,93.7,96.9,91.7,100.0,58.8,75.7,77.2,0.6403,3.77,0.904,0.0106,129,85.0,ok
C0448,100.0,58.3,100.0,62.5,100.0,13.2,0.6418,2.5,0.619,0.0092,126,77.3,100.0,58.3,100.0,50.0,77.2,13.2,0.6358,3.05,0.889,0.0076,150,72.2,ok
C0449,100.0,100.0,100.0,100.0,82.6,85.6,0.6485,1.42,0.275,0.005,87,92.8,100.0,100.0,100.0,100.0,89.5,85.6,0.6283,2.28,0.769,0.0049,59,94.0,ok
C0450,100.0,100.0,91.6,58.3,92.9,96.9,0.6052,1.6,0.35,0.0068,2,88.9,97.8,100.0,91.6,100.0,81.7,96.9,0.5927,2.2,0.845,0.0056,39,91.0,ok
C0451,100.0,100.0,92.0,100.0,98.8,23.4,0.6306,2.4,0.678,0.0092,57,85.0,80.8,100.0,92.0,100.0,78.2,23.4,0.5724,3.35,0.879,0.0091,95,79.2,ok
C0452,100.0,86.7,100.0,100.0,100.0,59.4,0.6013,2.02,0.436,0.0067,19,90.7,78.1,86.7,100.0,100.0,71.6,59.4,0.6126,3.14,0.944,0.0118,71,83.3,ok
C0453,100.0,100.0,91.7,100.0,100.0,76.6,0.7587,2.11,0.622,0.0054,17,92.5,100.0,100.0,91.7,92.5,68.6,76.6,0.6263,2.74,0.973,0.0054,102,86.4,ok
C0454,50.0,45.0,97.1,63.7,86.0,65.1,0.6509,3.59,0.803,0.0167,125,72.9,60.6,45.0,97.1,81.2,73.5,65.1,0.5856,4.91,0.925,0.0124,111,73.9,ok
C0455,100.0,100.0,68.4,52.3,80.7,75.9,0.6819,3.1,0.855,0.008,17,76.5,100.0,100.0,68.4,52.3,70.9,75.9,0.6705,3.3,0.951,0.0075,37,74.9,ok
C0456,100.0,50.0,87.8,79.2,93.9,98.5,0.6184,1.62,0.524,0.0058,7,83.2,100.0,50.0,87.8,100.0,66.7,98.5,0.6458,3.02,1.0,0.0047,12,80.7,ok
C0457,50.0,98.7,60.0,54.2,91.4,83.5,0.8787,1.75,0.75,0.0009,1,73.6,100.0,98.7,60.0,100.0,73.1,83.5,0.6547,1.93,0.929,0.0046,21,81.1,ok
C0458,50.0,80.0,99.0,66.2,85.7,81.6,0.654,2.93,0.806,0.0143,123,80.3,75.9,80.0,99.0,100.0,71.7,81.6,0.5666,4.04,0.943,0.0095,92,84.4,ok
C0459,50.0,100.0,52.8,58.3,42.3,82.1,0.7929,1.08,0.077,0.0018,2,64.7,91.7,100.0,52.8,100.0,76.5,82.1,0.6525,1.9,0.896,0.0039,32,79.7,ok
C0460,100.0,92.2,100.0,100.0,84.3,86.0,0.6928,1.43,0.39,0.0049,24,89.3,100.0,92.2,100.0,100.0,82.7,86.0,0.6585,2.07,0.835,0.0052,64,89.0,ok
C0461,100.0,100.0,100.0,100.0,100.0,81.1,0.6793,2.83,0.653,0.0069,26,94.8,100.0,100.0,100.0,100.0,66.7,81.1,0.6034,3.84,0.998,0.0057,43,89.1,ok
C0462,100.0,100.0,61.0,95.8,80.8,93.2,0.6855,1.36,0.318,0.0065,11,83.8,98.7,100.0,61.0,100.0,81.5,93.2,0.5938,3.27,0.847,0.0064,30,84.2,ok
C0463,100.0,38.9,66.3,95.8,100.0,70.8,0.6705,2.06,0.554,0.0081,11,73.2,100.0,38.9,66.3,100.0,100.0,70.8,0.6482,2.17,0.569,0.0081,26,73.6,ok
C0464,81.2,100.0,62.1,100.0,65.7,80.0,0.6085,1.22,0.217,0.0034,72,76.5,79.2,100.0,62.1,100.0,66.7,80.0,0.6932,2.2,0.995,0.0033,96,76.5,ok
C0465,100.0,100.0,60.1,100.0,46.0,83.4,0.7895,1.15,0.078,0.0051,26,76.7,100.0,100.0,60.1,100.0,80.1,83.4,0.6245,2.21,0.861,0.005,81,82.5,ok
C0466,77.1,94.4,59.6,100.0,39.4,90.3,0.8658,1.05,0.052,0.0032,26,72.1,89.6,94.4,59.6,100.0,68.1,90.3,0.6723,2.0,0.978,0.0038,84,78.4,ok
C0467,100.0,100.0,86.5,50.0,87.1,72.6,0.684,3.2,0.792,0.0063,162,79.5,100.0,100.0,86.5,50.0,70.6,72.6,0.6443,4.04,0.954,0.0066,176,76.7,ok
C0468,100.0,86.7,95.8,100.0,87.7,44.9,0.7264,2.57,0.786,0.0062,61,84.7,100.0,86.7,95.8,100.0,97.1,44.9,0.6113,2.79,0.694,0.0065,83,86.3,ok
C0469,100.0,66.7,100.0,100.0,81.1,43.1,0.6025,3.47,0.851,0.0079,79,83.2,73.2,66.7,100.0,100.0,70.0,43.1,0.5633,4.41,0.959,0.0063,81,78.2,ok
C0470,100.0,100.0,100.0,100.0,74.4,58.0,0.6035,5.0,0.916,0.0094,24,86.9,92.6,100.0,100.0,100.0,66.7,58.0,0.5865,5.77,0.995,0.0099,54,84.7,ok
C0471,61.1,100.0,100.0,100.0,83.5,68.5,0.5489,3.01,0.827,0.0088,19,84.2,50.0,100.0,100.0,100.0,71.0,68.5,0.5292,3.73,0.95,0.0084,23,80.7,ok
C0472,87.4,100.0,100.0,76.4,84.8,60.9,0.5803,3.59,0.815,0.0078,17,86.5,70.8,100.0,100.0,76.4,69.1,60.9,0.5605,4.44,0.968,0.0077,24,81.9,ok
C0473,100.0,72.0,87.1,38.5,93.7,81.6,0.6293,2.24,0.728,0.0066,516,81.2,82.4,72.0,87.1,38.5,66.7,81.6,0.5743,3.57,0.992,0.0068,704,74.5,ok
C0474,100.0,92.0,98.0,100.0,100.0,64.3,0.6652,1.84,0.525,0.0069,48,91.2,100.0,92.0,98.0,100.0,68.6,64.3,0.5956,3.32,0.973,0.0063,58,85.9,ok
C0475,100.0,100.0,100.0,0.0,96.0,64.0,0.6232,1.66,0.444,0.0076,382,82.6,100.0,100.0,100.0,0.0,80.7,64.0,0.6042,2.42,0.855,0.0068,506,80.0,ok
C0476,100.0,100.0,100.0,100.0,85.7,83.8,0.6217,3.15,0.806,0.0089,57,91.7,100.0,100.0,100.0,100.0,66.7,83.8,0.6275,4.38,0.997,0.0072,70,88.5,ok
C0477,100.0,100.0,100.0,100.0,88.4,83.2,0.6128,3.26,0.779,0.0088,47,92.0,100.0,100.0,100.0,100.0,69.9,83.2,0.6042,4.21,0.96,0.0072,53,88.9,ok
C0478,100.0,100.0,89.4,100.0,98.3,85.2,0.6398,2.37,0.683,0.0074,74,92.1,100.0,100.0,89.4,100.0,74.7,85.2,0.6369,2.88,0.913,0.0069,80,88.1,ok
C0479,100.0,94.4,44.2,99.1,64.3,68.8,0.6588,1.21,0.209,0.0055,29,73.0,100.0,94.4,44.2,99.1,88.0,68.8,0.7172,1.78,0.783,0.0046,27,77.0,ok
C0480,100.0,100.0,93.7,50.0,87.1,79.7,0.6382,2.49,0.792,0.0085,193,85.5,84.4,100.0,93.7,50.0,80.7,79.7,0.5767,3.06,0.855,0.0085,251,82.5,ok
C0481,100.0,100.0,100.0,100.0,96.1,74.7,0.6835,1.87,0.704,0.0057,42,91.6,100.0,100.0,100.0,100.0,68.0,74.7,0.6311,2.87,0.979,0.0047,42,86.8,ok
C0482,100.0,100.0,100.0,100.0,95.7,78.4,0.6177,2.72,0.708,0.0083,35,94.3,100.0,100.0,100.0,100.0,73.3,78.4,0.5966,3.35,0.927,0.0081,50,90.5,ok
C0483,100.0,100.0,75.3,91.2,79.3,67.2,0.639,1.4,0.256,0.0072,103,83.6,82.2,100.0,75.3,65.0,82.9,67.2,0.5741,2.67,0.833,0.0065,124,79.4,ok
C0484,100.0,80.2,99.3,100.0,75.5,58.4,0.621,1.31,0.262,0.009,76,84.9,100.0,80.2,99.3,100.0,77.8,58.4,0.6103,2.44,0.883,0.008,82,85.3,ok
C0485,81.2,93.1,83.2,100.0,64.8,79.1,0.6616,1.22,0.209,0.0034,24,81.3,100.0,93.1,83.2,100.0,66.9,79.1,0.6113,2.61,0.99,0.0058,45,83.9,ok
C0486,,,,,,,,,,,,,,,,,,,,,,,,,no_notes
C0487,100.0,77.7,91.2,50.0,84.8,56.2,0.6363,1.44,0.408,0.0068,256,79.0,78.1,77.7,91.2,50.0,72.4,56.2,0.5692,2.63,0.936,0.0062,228,74.2,ok
C0488,100.0,62.2,100.0,100.0,67.0,69.2,0.6615,4.34,0.989,0.0067,18,79.4,100.0,62.2,100.0,100.0,66.7,69.2,0.6649,4.43,1.0,0.0067,12,79.4,ok
C0489,100.0,33.0,81.2,79.2,86.9,87.5,0.7672,1.48,0.365,0.0059,7,75.8,100.0,33.0,81.2,100.0,76.0,87.5,0.6664,1.98,0.901,0.0049,37,76.1,ok
C0490,100.0,87.4,95.0,100.0,89.9,70.2,0.6342,2.08,0.765,0.0052,63,89.9,100.0,87.4,95.0,100.0,72.0,70.2,0.6126,2.86,0.94,0.0059,57,86.9,ok
C0491,100.0,100.0,49.4,100.0,94.1,75.6,0.6997,2.92,0.724,0.0054,44,77.5,100.0,100.0,49.4,100.0,92.5,75.6,0.7033,2.94,0.739,0.0054,38,77.2,ok
C0492,100.0,100.0,89.4,88.0,89.3,73.8,0.5966,2.38,0.771,0.0085,10,88.1,99.1,100.0,89.4,88.0,85.8,73.8,0.5942,2.92,0.805,0.0085,10,87.4,ok
C0493,81.2,92.2,78.5,100.0,65.5,78.2,0.6503,1.23,0.211,0.0034,24,80.3,100.0,92.2,78.5,100.0,66.7,78.2,0.6064,2.62,0.995,0.0063,46,82.8,ok
C0494,67.5,82.0,76.2,100.0,74.0,93.7,0.9046,1.27,0.267,0.0029,18,78.8,79.2,82.0,76.2,100.0,70.4,93.7,0.7672,1.95,0.955,0.0033,36,79.5,ok
C0495,100.0,100.0,89.4,100.0,100.0,86.1,0.6258,2.31,0.629,0.0065,54,92.5,100.0,100.0,89.4,100.0,74.6,86.1,0.6364,2.82,0.914,0.0061,85,88.2,ok
C0496,100.0,83.3,50.4,100.0,90.9,94.4,0.6429,1.56,0.459,0.0055,34,79.2,100.0,83.3,50.4,100.0,66.9,94.4,0.6532,2.15,0.99,0.0047,40,75.1,ok
C0497,89.1,96.7,98.7,100.0,86.4,41.5,0.6232,6.26,0.799,0.0111,22,84.4,100.0,96.7,98.7,100.0,68.0,41.5,0.6265,4.18,0.979,0.0081,69,82.6,ok
C0498,86.9,73.3,100.0,100.0,84.0,61.9,0.5797,4.68,0.822,0.009,46,85.6,65.3,73.3,100.0,100.0,81.6,61.9,0.5539,5.05,0.846,0.0093,57,82.6,ok
C0500,11.6,100.0,68.0,75.0,58.2,88.7,1.0,1.17,0.174,0.0017,6,66.1,58.3,100.0,68.0,100.0,67.5,88.7,0.7951,1.98,0.984,0.0023,27,75.7,ok
C0501,97.7,100.0,36.8,91.7,44.6,48.0,0.5925,1.14,0.071,0.0061,10,64.8,79.2,100.0,36.8,100.0,76.2,48.0,0.7332,1.29,0.277,0.0033,40,68.9,ok
C0502,94.8,66.7,100.0,83.3,60.4,84.3,0.5891,1.23,0.167,0.007,8,80.6,100.0,66.7,100.0,100.0,71.0,84.3,0.6118,2.92,0.95,0.0045,20,84.7,ok
C0503,83.3,72.2,77.5,100.0,100.0,90.6,0.6415,1.76,0.6,0.0035,18,84.0,83.3,72.2,77.5,100.0,77.2,90.6,0.6453,2.08,0.889,0.0035,37,80.1,ok
C0504,100.0,100.0,73.0,100.0,100.0,78.9,0.6626,2.23,0.624,0.0068,28,87.4,100.0,100.0,73.0,100.0,73.0,78.9,0.6452,2.74,0.93,0.0065,25,82.8,ok
C0505,100.0,100.0,100.0,91.7,92.2,97.1,0.6295,2.52,0.742,0.0052,10,94.0,100.0,100.0,100.0,100.0,100.0,97.1,0.6365,2.66,0.66,0.0051,24,96.2,ok
C0506,94.8,83.3,91.0,91.7,55.5,91.0,0.5891,1.18,0.147,0.0077,10,82.2,100.0,83.3,91.0,100.0,80.9,91.0,0.6209,2.21,0.853,0.0054,32,88.0,ok
C0507,100.0,100.0,96.8,100.0,100.0,97.5,0.8317,1.74,0.656,0.0099,17,94.8,100.0,100.0,96.8,100.0,100.0,97.5,0.7164,1.87,0.595,0.0055,84,94.8,ok
C0508,100.0,79.8,82.7,77.5,100.0,62.0,0.6371,2.17,0.591,0.0063,114,84.7,78.5,79.8,82.7,50.0,69.0,62.0,0.5697,3.47,0.969,0.0061,169,74.0,ok
C0509,100.0,100.0,100.0,85.0,98.2,5.0,0.6995,2.08,0.684,0.0062,82,82.0,50.0,100.0,100.0,53.8,100.0,5.0,0.5055,2.58,0.647,0.0058,121,73.2,ok
C0510,93.8,92.4,80.0,100.0,82.3,68.8,0.6222,1.39,0.368,0.004,44,83.3,100.0,92.4,80.0,100.0,71.2,68.8,0.6214,2.45,0.948,0.0047,60,82.1,ok
C0511,100.0,100.0,35.4,100.0,52.2,92.2,0.6816,1.19,0.114,0.0073,37,74.7,68.8,100.0,35.4,100.0,66.7,92.2,0.5581,3.66,1.0,0.0072,63,73.5,ok
C0512,100.0,89.7,80.0,95.0,78.1,73.5,0.6139,3.72,0.88,0.007,100,83.1,89.4,89.7,80.0,50.0,87.9,73.5,0.5827,4.0,0.784,0.0072,205,79.0,ok
C0513,100.0,83.3,53.2,100.0,88.9,90.4,0.6583,1.52,0.409,0.0055,36,79.1,100.0,83.3,53.2,100.0,70.7,90.4,0.6643,2.1,0.953,0.0049,41,76.0,ok
C0514,100.0,85.1,80.0,15.6,81.8,72.0,0.6509,1.38,0.322,0.006,136,76.3,86.6,85.1,80.0,15.6,68.7,72.0,0.5793,2.96,0.972,0.0056,156,72.5,ok
C0515,50.0,100.0,87.7,61.4,100.0,6.0,0.6489,2.2,0.593,0.0261,24,69.5,51.6,100.0,87.7,61.4,88.9,6.0,0.6883,2.92,0.775,0.0135,38,67.8,ok
C0516,79.2,86.3,87.1,100.0,74.9,99.1,0.7332,1.27,0.274,0.0033,12,85.0,97.9,86.3,87.1,100.0,83.7,99.1,0.6126,2.36,0.825,0.0042,17,88.8,ok
C0517,79.3,100.0,100.0,100.0,94.2,52.5,0.5706,2.57,0.723,0.008,56,86.9,77.9,100.0,100.0,100.0,78.0,52.5,0.5689,3.12,0.881,0.0074,54,84.0,ok
C0518,100.0,100.0,85.9,50.0,100.0,62.3,0.6225,1.87,0.476,0.0081,179,82.7,100.0,100.0,85.9,50.0,70.2,62.3,0.6135,2.88,0.957,0.0078,171,77.7,ok
C0519,100.0,95.3,61.1,100.0,100.0,80.8,0.6297,2.11,0.5,0.0096,14,83.6,100.0,95.3,61.1,63.7,68.9,80.8,0.6245,2.79,0.97,0.0047,125,74.6,ok
C0520,72.9,21.8,44.7,20.8,82.4,93.7,0.6508,1.84,0.838,0.003,5,57.2,75.0,21.8,44.7,45.8,66.7,93.7,0.6854,2,1.0,0.0031,11,57.4,ok
C0521,100.0,94.4,50.9,75.0,98.6,83.3,0.7691,1.88,0.68,0.0043,6,78.0,97.9,94.4,50.9,100.0,76.5,83.3,0.7599,2.33,0.896,0.0042,34,76.6,ok
C0522,100.0,100.0,100.0,100.0,100.0,28.7,0.7605,2.62,0.642,0.0061,21,85.6,100.0,100.0,100.0,100.0,73.1,28.7,0.6469,3.66,0.929,0.006,52,81.0,ok
C0523,100.0,100.0,68.0,95.8,100.0,94.1,0.6614,1.76,0.48,0.0099,11,87.5,100.0,100.0,68.0,100.0,92.6,94.1,0.6774,2.1,0.738,0.0056,22,86.6,ok
C0524,78.1,100.0,100.0,100.0,84.6,75.6,0.6324,4.17,0.817,0.0118,15,89.2,93.7,100.0,100.0,100.0,76.6,75.6,0.5897,4.48,0.895,0.0105,26,89.7,ok
C0525,100.0,60.0,98.7,50.0,93.8,60.5,0.6005,3.2,0.727,0.0085,729,79.9,99.6,60.0,98.7,50.0,91.4,60.5,0.5948,3.31,0.75,0.0083,771,79.5,ok
C0526,77.1,66.7,69.3,100.0,87.5,53.7,0.7176,2.33,0.788,0.0032,30,74.0,83.3,66.7,69.3,100.0,73.8,53.7,0.7237,2.58,0.922,0.0035,43,72.4,ok
C0527,56.2,100.0,60.0,75.0,91.4,93.7,0.753,1.57,0.429,0.0022,6,78.1,100.0,100.0,60.0,100.0,67.1,93.7,0.6313,2.07,0.988,0.0045,20,81.7,ok
C0528,87.5,100.0,82.8,83.6,87.6,56.0,0.7564,1.86,0.18,0.0112,12,80.6,51.8,100.0,82.8,83.6,69.8,56.0,0.5378,4.07,0.961,0.009,21,73.4,ok
C0529,87.5,81.3,60.7,100.0,89.9,71.6,0.7386,1.54,0.537,0.0037,36,75.8,87.5,81.3,60.7,100.0,76.1,71.6,0.6963,1.9,0.9,0.0037,34,73.4,ok
C0530,100.0,100.0,100.0,65.0,95.0,80.2,0.6136,2.39,0.715,0.0094,124,90.1,100.0,100.0,100.0,50.0,78.7,80.2,0.6005,3.06,0.874,0.0072,243,85.8,ok
C0531,100.0,100.0,100.0,100.0,76.9,86.8,0.638,2.83,0.892,0.0078,30,91.3,100.0,100.0,100.0,100.0,73.1,86.8,0.6008,3.52,0.929,0.0074,46,90.7,ok
C0532,70.8,79.0,77.9,44.4,81.8,83.3,0.6915,1.38,0.382,0.0029,10,70.5,79.2,79.0,77.9,52.7,66.7,83.3,0.6977,2,1.0,0.0033,18,69.8,ok
C0533,70.8,100.0,55.2,100.0,36.5,91.8,0.8266,1.03,0.027,0.0029,84,71.2,91.7,100.0,55.2,100.0,70.7,91.8,0.6608,1.95,0.953,0.0039,48,79.5,ok
C0534,50.0,45.0,89.4,100.0,69.5,16.3,0.656,3.79,0.964,0.022,40,62.1,50.0,45.0,89.4,100.0,67.1,16.3,0.6076,4.14,0.988,0.0218,43,61.7,ok
C0535,100.0,75.9,100.0,0.0,100.0,90.5,0.6829,1.87,0.499,0.0063,375,81.4,100.0,75.9,100.0,0.0,69.6,90.5,0.6375,2.68,0.963,0.0055,591,76.2,ok
C0536,0.0,98.9,100.0,79.2,33.3,79.4,0.0,1,0.0,0.0,7,68.1,100.0,98.9,100.0,100.0,70.0,79.4,0.6188,2.73,0.959,0.0055,43,88.4,ok
C0537,100.0,57.8,49.4,29.2,71.4,100.0,0.7045,3.35,0.946,0.0065,7,64.7,100.0,57.8,49.4,50.0,66.7,100.0,0.6765,3.96,1.0,0.0062,17,66.0,ok
C0538,100.0,100.0,52.6,100.0,94.9,79.5,0.6482,1.64,0.523,0.0097,12,84.1,100.0,100.0,52.6,100.0,71.8,79.5,0.6456,2.55,0.942,0.006,16,80.2,ok
C0539,100.0,100.0,99.1,100.0,73.4,78.6,0.7044,3.04,0.926,0.0047,20,88.1,100.0,100.0,99.1,100.0,70.7,78.6,0.6949,3.82,0.953,0.0045,22,87.6,ok
C0540,100.0,100.0,84.2,100.0,100.0,68.7,0.605,1.74,0.377,0.0072,84,90.4,100.0,100.0,84.2,100.0,87.8,68.7,0.6285,2.29,0.785,0.007,58,88.4,ok
C0541,100.0,100.0,94.4,100.0,79.7,94.9,0.7408,3.42,0.865,0.0062,38,87.8,100.0,100.0,94.4,55.0,78.1,94.9,0.7321,4.04,0.88,0.0062,132,83.0,ok
C0542,88.3,80.0,92.4,50.0,71.8,46.6,0.5814,5.1,0.942,0.0091,142,75.6,86.4,80.0,92.4,50.0,68.0,46.6,0.5791,5.62,0.979,0.0082,153,74.7,ok
C0543,100.0,100.0,50.4,50.0,97.5,63.1,0.7846,1.69,0.609,0.008,146,75.0,100.0,100.0,50.4,50.0,72.0,63.1,0.6841,2.52,0.94,0.0067,137,70.7,ok
C0544,0.0,66.7,100.0,58.3,33.3,84.3,0.0,1,0.0,0.0,2,61.4,50.8,66.7,100.0,100.0,69.3,84.3,0.5366,2.67,0.966,0.0073,14,77.8,ok
C0545,100.0,100.0,88.0,100.0,82.7,83.7,0.6335,2.56,0.835,0.0065,93,86.7,100.0,100.0,88.0,85.0,66.7,83.7,0.6072,3.1,0.992,0.0067,108,82.5,ok
C0546,90.6,68.4,100.0,100.0,77.0,72.0,0.6798,2.9,0.891,0.011,58,81.1,100.0,68.4,100.0,100.0,70.7,72.0,0.6661,3.91,0.953,0.0094,54,81.2,ok
C0547,97.9,66.7,96.5,50.0,81.9,82.5,0.6378,1.4,0.278,0.0042,82,79.3,100.0,66.7,96.5,0.0,83.3,82.5,0.6414,1.41,0.288,0.0048,514,74.7,ok
C0548,55.1,50.0,80.0,100.0,70.0,40.2,0.5734,7.38,0.959,0.0121,61,67.5,50.0,50.0,80.0,100.0,33.3,40.2,0.5329,11.51,1.0,0.0048,42,60.6,ok
C0549,54.5,95.3,85.7,100.0,44.8,82.8,0.5858,1.09,0.094,0.0128,24,75.7,100.0,95.3,85.7,100.0,83.5,82.8,0.6286,2.07,0.827,0.0065,82,87.7,ok
C0550,93.8,90.4,55.8,83.3,100.0,89.7,0.6482,1.88,0.3,0.004,8,82.2,93.8,90.4,55.8,100.0,81.0,89.7,0.6174,2.02,0.852,0.004,17,80.7,ok
C0551,100.0,88.9,93.8,75.0,85.7,94.6,0.7343,3.41,0.806,0.0049,6,83.7,100.0,88.9,93.8,91.7,66.7,94.6,0.7408,4.22,1.0,0.0048,10,82.2,ok
C0552,100.0,79.9,79.4,100.0,96.0,76.4,0.6589,1.66,0.5,0.007,50,83.7,100.0,79.9,79.4,100.0,66.9,76.4,0.6606,2.21,0.99,0.0049,64,78.8,ok
C0553,100.0,96.7,37.6,53.8,79.3,63.1,0.6511,2.8,0.868,0.0085,133,71.0,91.4,96.7,37.6,93.8,69.3,63.1,0.585,3.77,0.966,0.0087,101,72.4,ok
C0554,100.0,93.3,95.7,50.0,100.0,97.1,0.8003,1.81,0.304,0.0053,0,88.7,100.0,93.3,95.7,100.0,66.7,97.1,0.6403,3.27,0.992,0.0056,45,88.1,ok
C0555,46.3,100.0,99.1,50.0,66.7,94.4,0.5661,6,1.0,0.0029,0,77.4,100.0,100.0,99.1,66.7,66.7,94.4,0.6051,4.32,1.0,0.0051,4,85.5,ok
C0556,86.7,94.6,67.1,77.1,92.4,74.2,0.9317,1.59,0.455,0.0083,25,78.4,100.0,94.6,67.1,77.1,66.7,74.2,0.6055,3.13,1.0,0.0073,69,75.6,ok
C0557,75.0,97.1,84.1,100.0,71.1,68.2,0.7764,1.25,0.25,0.0031,43,79.6,85.4,97.1,84.1,100.0,73.3,68.2,0.7046,1.93,0.927,0.0036,37,81.2,ok
C0558,100.0,83.3,61.0,100.0,98.0,75.7,0.6528,1.7,0.523,0.007,44,80.3,100.0,83.3,61.0,100.0,70.1,75.7,0.6581,2.17,0.958,0.0046,52,75.5,ok
C0559,100.0,66.7,100.0,100.0,73.9,74.8,0.6238,4.79,0.921,0.0089,27,84.7,100.0,66.7,100.0,100.0,67.4,74.8,0.6085,5.71,0.985,0.0078,43,83.6,ok
C0560,100.0,75.8,98.7,100.0,100.0,71.1,0.7554,1.75,0.506,0.0048,51,89.2,100.0,75.8,98.7,100.0,68.9,71.1,0.6251,3.39,0.97,0.0045,73,83.9,ok
C0561,100.0,100.0,100.0,100.0,100.0,92.4,0.6224,1.74,0.477,0.007,51,96.3,100.0,100.0,100.0,71.2,85.5,92.4,0.6305,2.47,0.808,0.0065,119,90.9,ok
C0562,100.0,75.4,81.9,100.0,92.4,89.3,0.6546,1.59,0.442,0.0054,38,85.6,92.6,75.4,81.9,100.0,70.6,89.3,0.5865,3.0,0.954,0.0059,44,81.0,ok
C0563,100.0,94.4,43.6,50.0,85.9,40.4,0.6089,2.29,0.804,0.0078,15,65.5,100.0,94.4,43.6,50.0,71.8,40.4,0.6077,2.62,0.942,0.0073,24,63.1,ok
C0564,,,,,,,,,,,,,,,,,,,,,,,,,no_notes
C0565,100.0,100.0,100.0,100.0,69.1,61.9,0.7161,3.01,0.968,0.0072,20,86.7,100.0,100.0,100.0,100.0,82.9,61.9,0.6441,3.06,0.833,0.0063,64,89.0,ok
C0566,100.0,100.0,55.5,100.0,52.6,60.1,0.6686,1.14,0.139,0.0101,13,74.0,95.8,100.0,55.5,100.0,88.7,60.1,0.6495,1.87,0.777,0.0041,41,79.6,ok
C0567,100.0,53.3,100.0,100.0,87.3,78.0,0.6071,2.6,0.79,0.0074,17,82.0,92.0,53.3,100.0,100.0,69.1,78.0,0.5858,3.32,0.968,0.0066,23,77.9,ok
C0568,100.0,72.0,87.0,50.0,94.8,63.4,0.6323,2.36,0.717,0.0068,150,78.4,80.0,72.0,87.0,50.0,67.6,63.4,0.5715,3.54,0.983,0.0064,152,71.4,ok
C0569,100.0,100.0,100.0,100.0,100.0,71.2,0.637,2.18,0.532,0.0054,22,93.4,100.0,100.0,100.0,100.0,82.2,71.2,0.6664,2.48,0.84,0.0092,43,90.4,ok
C0570,100.0,53.3,100.0,100.0,99.6,80.1,0.5999,2.47,0.67,0.0086,68,88.2,75.2,53.3,100.0,70.0,86.0,80.1,0.5657,3.12,0.803,0.0072,120,79.9,ok
C0571,91.7,90.9,100.0,100.0,66.7,100.0,0.8806,2.24,1.0,0.0039,43,88.5,100.0,90.9,100.0,100.0,66.7,100.0,0.6162,4.04,1.0,0.0053,67,89.5,ok
C0572,100.0,100.0,92.2,100.0,76.7,98.1,0.6617,2.71,0.894,0.0085,12,88.6,100.0,100.0,92.2,100.0,71.5,98.1,0.6363,3.31,0.945,0.0063,45,87.7,ok
C0573,100.0,50.0,90.8,93.7,75.0,69.1,0.644,1.33,0.249,0.0063,55,77.3,100.0,50.0,90.8,43.7,74.1,69.1,0.6562,1.32,0.246,0.0075,281,72.0,ok
C0574,100.0,100.0,88.0,50.0,100.0,73.6,0.6001,1.83,0.489,0.0074,341,87.4,59.7,100.0,88.0,50.0,78.5,73.6,0.5473,3.16,0.876,0.0068,287,78.9,ok
C0575,100.0,100.0,100.0,100.0,66.7,40.9,0.6615,5.45,1.0,0.0089,55,80.0,100.0,100.0,100.0,100.0,66.7,40.9,0.6118,6.18,1.0,0.0083,54,80.0,ok
C0576,72.7,100.0,84.9,87.5,70.2,85.5,0.5628,3.17,0.957,0.0091,9,79.4,99.2,100.0,84.9,100.0,66.8,85.5,0.5944,3.99,0.991,0.0056,18,83.2,ok
C0577,100.0,100.0,42.7,100.0,73.3,34.6,0.6486,1.56,0.135,0.0082,21,70.6,100.0,100.0,42.7,100.0,66.7,34.6,0.6358,3.17,1.0,0.0065,32,69.4,ok
C0578,100.0,100.0,100.0,100.0,90.7,61.2,0.6233,2.75,0.757,0.0075,40,89.9,100.0,100.0,100.0,100.0,81.8,61.2,0.6007,3.37,0.844,0.0067,41,88.4,ok
C0579,100.0,38.9,89.0,45.0,91.0,69.2,0.7665,1.86,0.209,0.0056,6,72.7,83.5,38.9,89.0,70.0,66.7,69.2,0.5756,2.95,0.992,0.0056,12,69.2,ok
C0580,100.0,57.7,59.8,100.0,71.2,94.1,0.6635,3.18,0.948,0.0063,20,75.8,100.0,57.7,59.8,100.0,66.7,94.1,0.6359,3.97,1.0,0.0072,30,75.0,ok
C0581,95.3,100.0,100.0,50.0,97.5,66.0,0.6599,2.29,0.69,0.0107,819,87.4,83.4,100.0,100.0,50.0,87.9,66.0,0.5811,2.78,0.784,0.0107,1312,84.4,ok
C0582,70.8,60.0,93.8,100.0,100.0,66.1,0.6054,2.07,0.496,0.0029,14,81.5,76.7,60.0,93.8,50.0,84.1,66.1,0.58,1.47,0.267,0.0038,294,74.4,ok
C0583,100.0,100.0,100.0,87.5,100.0,76.3,0.7132,2.46,0.626,0.0058,106,94.0,100.0,100.0,100.0,50.0,80.5,76.3,0.6801,2.89,0.857,0.0055,259,86.9,ok
C0584,81.2,100.0,100.0,91.2,59.3,80.1,0.7055,1.19,0.175,0.0034,103,83.7,85.4,100.0,100.0,65.0,72.9,80.1,0.6791,1.99,0.931,0.0036,124,83.8,ok
C0585,100.0,73.3,100.0,75.0,96.1,100.0,0.7575,3.04,0.704,0.0045,6,89.1,100.0,73.3,100.0,100.0,78.2,100.0,0.6996,3.51,0.879,0.0045,26,88.6,ok
C0586,100.0,100.0,100.0,63.2,100.0,70.1,0.7189,1.93,0.48,0.0089,18,88.9,100.0,100.0,100.0,63.2,91.4,70.1,0.6563,2.46,0.75,0.0049,36,87.4,ok
C0587,100.0,100.0,100.0,50.0,88.9,71.9,0.6087,3.56,0.775,0.0101,147,83.6,100.0,100.0,100.0,50.0,68.1,71.9,0.6021,4.54,0.978,0.0088,145,80.1,ok
C0588,100.0,75.6,89.4,100.0,75.4,98.5,0.6509,3.28,0.907,0.0077,16,84.2,100.0,75.6,89.4,100.0,66.7,98.5,0.6275,3.91,1.0,0.0077,21,82.7,ok
C0589,50.0,83.3,100.0,87.3,79.4,54.3,0.7659,3.13,0.867,0.0216,20,78.3,100.0,83.3,100.0,87.3,66.7,54.3,0.6174,4.2,1.0,0.0093,62,82.1,ok
C0590,60.4,86.0,44.0,100.0,54.5,42.7,0.767,1.15,0.151,0.0024,13,61.7,81.2,86.0,44.0,100.0,78.2,42.7,0.6368,1.88,0.879,0.0034,40,68.3,ok
C0591,100.0,96.7,100.0,50.0,96.7,57.6,0.6569,2.39,0.698,0.0079,445,86.2,92.6,96.7,100.0,50.0,73.9,57.6,0.5865,3.29,0.921,0.0065,554,81.5,ok
C0592,93.4,41.7,100.0,100.0,77.8,13.1,0.5874,4.15,0.883,0.0102,19,73.8,41.2,41.7,100.0,100.0,73.6,13.1,0.5383,4.94,0.924,0.0111,38,66.9,ok
C0593,100.0,66.7,100.0,50.0,78.5,26.3,0.6891,3.53,0.876,0.009,207,74.8,100.0,66.7,100.0,50.0,73.2,26.3,0.6233,4.34,0.928,0.0091,139,73.9,ok
C0594,100.0,72.2,100.0,100.0,100.0,81.2,0.6158,2.61,0.657,0.0076,12,87.2,100.0,72.2,100.0,100.0,70.1,81.2,0.6135,3.54,0.958,0.0068,37,82.2,ok
C0595,89.3,88.9,89.4,91.7,88.3,95.1,0.5825,3.39,0.78,0.0058,10,85.4,57.9,88.9,89.4,100.0,66.7,95.1,0.5451,4.33,1.0,0.0055,20,78.9,ok
C0596,100.0,98.5,80.0,95.8,100.0,85.8,0.6754,2.57,0.444,0.0066,11,89.7,98.7,98.5,80.0,100.0,100.0,85.8,0.5938,2.18,0.652,0.0057,69,90.0,ok
C0597,100.0,100.0,65.9,100.0,82.3,74.1,0.6279,1.39,0.313,0.0055,28,83.3,100.0,100.0,65.9,100.0,69.6,74.1,0.6325,2.23,0.963,0.0046,60,81.1,ok
C0598,100.0,80.7,41.6,100.0,46.8,64.0,0.8214,1.16,0.081,0.0063,16,67.0,100.0,80.7,41.6,100.0,73.4,64.0,0.6537,2.17,0.926,0.0046,74,71.5,ok
C0599,0.0,92.8,40.9,75.0,33.3,59.5,0.0,1,0.0,0.0,6,51.7,89.6,92.8,40.9,100.0,77.4,59.5,0.6484,1.89,0.887,0.0038,24,72.4,ok
C0600,100.0,66.7,81.4,90.9,91.4,52.6,0.6221,3.26,0.75,0.0045,18,74.6,100.0,66.7,81.4,90.9,76.5,52.6,0.6071,3.9,0.896,0.0046,30,72.1,ok
C0601,100.0,95.1,100.0,29.2,77.4,89.6,0.6041,4.13,0.887,0.0054,7,79.5,100.0,95.1,100.0,50.0,70.1,89.6,0.6009,4.23,0.958,0.0054,12,80.4,ok
C0602,100.0,94.6,100.0,100.0,86.4,48.9,0.7108,1.47,0.423,0.0077,59,85.6,100.0,94.6,100.0,100.0,72.4,48.9,0.628,2.57,0.936,0.0057,80,83.3,ok
C0604,100.0,100.0,100.0,52.6,94.3,86.8,0.6121,3.1,0.722,0.0096,10,89.5,100.0,100.0,100.0,60.9,72.5,86.8,0.599,3.66,0.935,0.0096,24,86.7,ok
C0605,100.0,100.0,89.4,100.0,93.0,96.2,0.6183,2.14,0.734,0.0077,42,91.9,100.0,100.0,89.4,100.0,68.0,96.2,0.6151,3.03,0.979,0.0059,83,87.7,ok
C0606,100.0,95.0,54.3,100.0,69.7,59.6,0.6107,1.32,0.208,0.0077,37,75.9,100.0,95.0,54.3,91.2,74.4,59.6,0.6058,2.39,0.916,0.0051,103,75.8,ok
C0607,100.0,100.0,67.2,100.0,39.9,76.7,0.8652,1.12,0.039,0.0048,19,76.8,100.0,100.0,67.2,50.0,66.7,76.7,0.6361,3.1,0.998,0.006,158,76.3,ok
C0608,95.8,66.7,95.3,50.0,95.8,64.2,0.6091,2.2,0.707,0.0041,138,80.7,97.9,66.7,95.3,50.0,100.0,64.2,0.6033,1.89,0.518,0.0042,310,81.7,ok
C0609,100.0,100.0,92.7,87.5,100.0,91.4,0.6482,1.78,0.44,0.0049,9,91.5,100.0,100.0,92.7,100.0,77.8,91.4,0.6403,2.15,0.883,0.0048,24,89.1,ok
C0610,51.7,100.0,100.0,100.0,87.4,88.0,0.9291,1.49,0.43,0.0127,17,86.1,100.0,100.0,100.0,100.0,100.0,88.0,0.6779,1.78,0.613,0.0061,80,94.0,ok
C0611,100.0,86.6,74.0,50.0,60.6,84.6,0.7164,1.24,0.165,0.0057,137,75.9,95.8,86.6,74.0,50.0,69.7,84.6,0.6573,2.14,0.962,0.0041,241,76.9,ok
C0612,100.0,100.0,96.8,100.0,68.8,82.1,0.6901,1.27,0.222,0.0055,45,88.8,100.0,100.0,96.8,100.0,92.4,82.1,0.6771,2.0,0.74,0.0049,93,92.8,ok
C0613,50.0,100.0,80.0,36.4,91.4,83.5,0.8215,1.75,0.75,0.0017,0,74.9,79.2,100.0,80.0,86.4,82.5,83.5,0.7775,1.86,0.837,0.0033,17,81.9,ok
C0614,75.3,100.0,100.0,100.0,99.3,58.7,0.5658,2.53,0.673,0.0072,44,88.0,78.7,100.0,100.0,100.0,85.1,58.7,0.5699,3.05,0.812,0.0067,82,86.0,ok
C0615,100.0,87.5,80.0,100.0,99.4,79.7,0.6923,2.02,0.672,0.0058,50,88.3,100.0,87.5,80.0,100.0,66.9,79.7,0.627,3.05,0.99,0.0053,52,82.8,ok
C0616,100.0,100.0,53.5,76.4,82.7,85.5,0.6692,3.24,0.835,0.0059,16,75.3,100.0,100.0,53.5,76.4,83.2,85.5,0.6837,3.32,0.83,0.0055,24,75.4,ok
C0617,100.0,50.0,90.4,44.2,61.4,72.1,0.6361,1.2,0.189,0.0057,104,71.8,100.0,50.0,90.4,4.2,44.6,72.1,0.6378,1.1,0.088,0.0068,817,64.9,ok
C0618,50.0,95.3,99.5,75.0,53.9,85.8,0.8001,1.15,0.146,0.0018,46,75.8,77.1,95.3,99.5,25.0,88.7,85.8,0.6656,1.78,0.777,0.0032,196,79.8,ok
C0619,100.0,100.0,100.0,100.0,100.0,84.1,0.6506,2.17,0.617,0.0101,31,95.7,100.0,100.0,100.0,100.0,72.7,84.1,0.6108,3.64,0.933,0.008,71,91.1,ok
C0620,100.0,93.3,55.2,41.1,47.2,49.2,0.7383,1.2,0.067,0.005,3,64.4,100.0,93.3,55.2,78.6,60.9,49.2,0.6633,1.21,0.18,0.0069,52,70.6,ok
C0621,100.0,89.4,70.7,100.0,100.0,75.5,0.658,1.9,0.528,0.0065,32,85.3,100.0,89.4,70.7,100.0,80.0,75.5,0.6359,2.53,0.862,0.0058,62,81.9,ok
C0622,100.0,100.0,99.7,100.0,100.0,76.1,0.6993,1.97,0.605,0.0097,47,94.1,100.0,100.0,99.7,100.0,95.8,76.1,0.6564,2.15,0.707,0.0057,92,93.4,ok
C0623,100.0,100.0,47.7,50.0,77.9,87.0,0.7383,3.65,0.882,0.005,0,75.0,100.0,100.0,47.7,100.0,76.1,87.0,0.6451,2.1,0.9,0.005,14,79.7,ok
C0624,100.0,84.4,100.0,83.3,74.2,95.6,0.6458,3.26,0.918,0.0073,8,86.6,100.0,84.4,100.0,100.0,66.7,95.6,0.6154,3.83,1.0,0.0075,22,87.0,ok
C0625,100.0,100.0,99.2,100.0,89.9,89.4,0.6515,1.54,0.489,0.0057,26,94.1,97.3,100.0,99.2,100.0,66.8,89.4,0.5921,2.88,0.991,0.0057,33,89.9,ok
C0626,94.9,66.7,100.0,100.0,73.7,96.8,0.5892,2.77,0.923,0.0074,16,84.4,75.9,66.7,100.0,100.0,74.7,96.8,0.5666,3.13,0.913,0.0067,19,82.4,ok
C0627,100.0,82.1,75.2,100.0,97.5,53.6,0.6266,1.69,0.441,0.0102,96,83.3,100.0,82.1,75.2,50.0,73.9,53.6,0.6095,2.54,0.921,0.0066,180,74.2,ok
C0628,100.0,82.6,57.1,100.0,93.4,73.8,0.6735,1.61,0.5,0.007,46,78.3,100.0,82.6,57.1,100.0,68.0,73.8,0.6709,2.12,0.979,0.0048,65,74.0,ok
C0629,100.0,60.0,78.6,100.0,67.4,100.0,0.6156,3.52,0.985,0.0072,22,78.3,100.0,60.0,78.6,100.0,66.7,100.0,0.6005,3.85,1.0,0.0072,32,78.2,ok
C0630,85.4,70.1,55.5,87.5,67.0,68.6,0.6329,1.31,0.189,0.0036,9,69.8,85.2,70.1,55.5,100.0,67.0,68.6,0.5776,2.78,0.989,0.0047,12,71.1,ok
C0631,100.0,80.1,62.1,82.5,98.8,61.9,0.603,2.12,0.678,0.0071,110,79.1,67.0,80.1,62.1,63.7,66.7,61.9,0.556,3.47,0.992,0.0067,125,67.8,ok
C0632,100.0,100.0,55.0,100.0,66.7,74.7,0.6631,2.2,1.0,0.0092,20,76.8,100.0,100.0,55.0,100.0,89.4,74.7,0.6048,2.65,0.77,0.0087,15,80.6,ok
C0633,100.0,93.3,86.6,92.3,75.1,85.9,0.691,3.59,0.91,0.0064,17,82.4,100.0,93.3,86.6,92.3,66.7,85.9,0.6874,4.08,1.0,0.0064,22,81.0,ok
C0634,100.0,100.0,52.4,100.0,68.4,88.2,0.7078,1.26,0.223,0.0059,30,79.7,100.0,100.0,52.4,100.0,89.9,88.2,0.7124,1.54,0.524,0.0044,37,83.4,ok
C0635,77.1,26.7,39.4,50.0,93.8,38.5,0.7562,1.74,0.727,0.0032,18,54.0,81.2,26.7,39.4,50.0,73.6,38.5,0.7069,1.94,0.924,0.0034,14,51.1,ok
C0636,100.0,83.3,97.2,100.0,87.9,100.0,0.6378,2.79,0.784,0.0091,13,92.4,100.0,83.3,97.2,100.0,76.5,100.0,0.6253,3.1,0.896,0.008,17,90.5,ok
C0637,100.0,100.0,71.7,54.5,100.0,59.1,0.605,2.6,0.662,0.009,19,80.3,100.0,100.0,71.7,54.5,81.7,59.1,0.6022,2.99,0.845,0.0089,19,77.2,ok
C0638,0.0,32.0,29.4,41.7,16.7,81.3,0.0,1,0.0,0.0,10,36.7,0.0,32.0,29.4,50.0,16.7,81.3,0.0,1,0.0,0.0,17,37.6,ok
C0639,50.0,100.0,97.0,76.4,91.2,50.1,0.5212,2.82,0.752,0.0079,14,79.0,50.0,100.0,97.0,76.4,81.9,50.1,0.5262,3.45,0.843,0.0068,16,77.4,ok
C0640,100.0,100.0,45.0,100.0,67.4,87.7,0.6943,1.25,0.219,0.007,16,77.2,100.0,100.0,45.0,100.0,92.4,87.7,0.7105,1.59,0.56,0.0053,24,81.4,ok
C0641,100.0,100.0,100.0,100.0,96.8,100.0,0.6642,2.2,0.697,0.0045,16,97.1,97.2,100.0,100.0,100.0,68.2,100.0,0.592,3.99,0.977,0.0061,66,91.9,ok
C0642,100.0,100.0,100.0,93.8,96.0,41.9,0.6159,1.66,0.368,0.0067,101,88.6,100.0,100.0,100.0,100.0,70.8,41.9,0.6011,3.63,0.952,0.0068,78,84.9,ok
C0643,81.2,100.0,58.9,100.0,46.4,66.0,0.7238,1.12,0.095,0.0034,54,71.9,100.0,100.0,58.9,100.0,69.6,66.0,0.689,2.01,0.963,0.0049,60,78.1,ok
C0644,100.0,100.0,85.3,100.0,90.9,70.0,0.6769,1.56,0.374,0.0078,28,89.1,100.0,100.0,85.3,100.0,70.8,70.0,0.6209,2.53,0.952,0.0072,39,85.7,ok
C0645,100.0,100.0,86.6,100.0,100.0,93.3,0.6281,2.41,0.624,0.0073,20,92.4,100.0,100.0,86.6,100.0,91.5,93.3,0.6273,2.47,0.749,0.0072,45,91.0,ok
C0646,67.1,100.0,93.2,100.0,100.0,74.9,0.5561,3.12,0.654,0.0076,14,85.5,59.4,100.0,93.2,100.0,94.2,74.9,0.5469,3.51,0.723,0.0076,16,83.6,ok
C0647,50.0,100.0,100.0,100.0,100.0,80.5,0.5094,2.5,0.622,0.0078,37,86.9,54.5,100.0,100.0,100.0,74.5,80.5,0.5411,3.12,0.915,0.0055,73,83.2,ok
C0648,100.0,76.5,64.0,50.0,95.3,63.8,0.6205,2.35,0.712,0.0069,163,74.1,74.1,76.5,64.0,50.0,67.6,63.8,0.5644,3.56,0.983,0.0067,145,66.3,ok
C0649,100.0,97.9,100.0,100.0,83.8,75.3,0.7636,1.42,0.373,0.0073,22,90.5,100.0,97.9,100.0,100.0,83.9,75.3,0.6729,2.11,0.823,0.0047,36,90.6,ok
C0650,75.0,83.3,89.8,100.0,87.8,72.5,0.6873,2.71,0.785,0.012,49,84.7,99.1,83.3,89.8,73.8,76.5,72.5,0.5942,3.74,0.896,0.0087,117,82.9,ok
C0651,100.0,100.0,100.0,100.0,97.4,97.1,0.6281,2.6,0.691,0.0064,25,96.8,68.0,100.0,100.0,100.0,71.4,97.1,0.5572,4.04,0.946,0.006,39,88.5,ok
C0652,100.0,100.0,70.7,100.0,42.2,84.2,0.6269,1.08,0.076,0.0083,35,79.7,100.0,100.0,70.7,100.0,93.7,84.2,0.5972,2.19,0.728,0.0068,77,88.4,ok
C0653,100.0,89.7,60.6,100.0,95.5,60.8,0.6247,1.65,0.474,0.0089,30,80.5,100.0,89.7,60.6,100.0,71.3,60.8,0.6077,2.44,0.947,0.0057,94,76.4,ok
C0654,92.0,74.4,67.3,50.0,79.3,53.7,0.5858,1.33,0.333,0.0047,12,70.2,100.0,74.4,67.3,0.0,66.7,53.7,0.6011,2,1.0,0.0054,0,63.9,ok
C0655,99.5,100.0,96.4,91.4,74.1,94.2,0.5947,2.98,0.919,0.006,22,88.6,100.0,100.0,96.4,91.4,73.4,94.2,0.5963,3.29,0.926,0.006,49,88.6,ok
C0656,100.0,100.0,62.0,50.0,99.5,76.3,0.738,1.73,0.638,0.0076,180,79.0,100.0,100.0,62.0,50.0,70.6,76.3,0.6396,2.41,0.954,0.0053,272,74.1,ok
C0657,93.7,100.0,100.0,100.0,100.0,59.3,0.719,1.96,0.588,0.0108,40,91.9,100.0,100.0,100.0,78.8,82.7,59.3,0.6276,2.74,0.835,0.0061,113,87.6,ok
C0658,100.0,91.8,69.4,100.0,85.0,93.8,0.6891,2.03,0.813,0.0091,13,84.8,100.0,91.8,69.4,100.0,80.7,93.8,0.6886,2.1,0.855,0.008,21,84.0,ok
C0659,100.0,100.0,100.0,12.5,86.3,79.1,0.6997,4.51,0.8,0.0089,3,79.7,100.0,100.0,100.0,45.8,97.1,79.1,0.6961,4.17,0.694,0.0091,11,85.0,ok
C0660,100.0,100.0,83.5,50.0,100.0,80.9,0.6238,1.96,0.496,0.0052,150,86.2,100.0,100.0,83.5,50.0,72.7,80.9,0.6102,2.63,0.933,0.0056,207,81.6,ok
C0661,75.5,100.0,100.0,100.0,82.1,88.8,0.5661,3.26,0.841,0.0086,54,88.7,78.4,100.0,100.0,100.0,86.8,88.8,0.5695,3.21,0.795,0.0065,91,89.9,ok
C0662,100.0,100.0,84.8,79.2,83.3,86.8,0.6102,1.41,0.414,0.0097,7,86.5,100.0,100.0,84.8,100.0,81.3,86.8,0.6737,1.91,0.849,0.0047,40,88.3,ok
C0663,100.0,100.0,92.2,20.8,86.3,79.7,0.6562,2.12,0.8,0.0052,365,83.2,100.0,100.0,92.2,20.8,68.1,79.7,0.6521,2.39,0.978,0.005,404,80.1,ok
C0664,100.0,100.0,61.8,100.0,80.3,49.8,0.6851,1.35,0.301,0.0055,29,80.1,100.0,100.0,61.8,100.0,68.8,49.8,0.6735,2.32,0.971,0.0049,59,78.1,ok
C0665,100.0,100.0,100.0,100.0,100.0,35.9,0.6241,2.14,0.565,0.0056,85,89.6,86.7,100.0,100.0,100.0,71.7,35.9,0.5794,4.0,0.943,0.0058,95,83.2,ok
C0666,100.0,100.0,78.3,100.0,81.8,77.1,0.6573,2.81,0.844,0.0061,70,81.3,100.0,100.0,78.3,100.0,66.7,77.1,0.6653,3.6,0.994,0.0064,72,78.8,ok
C0667,100.0,82.1,94.1,100.0,74.4,88.8,0.663,1.32,0.248,0.005,27,87.0,91.7,82.1,94.1,100.0,73.7,88.8,0.5854,2.79,0.923,0.0058,32,85.9,ok
C0668,100.0,42.2,64.2,100.0,91.8,100.0,0.6708,2.58,0.746,0.0062,15,78.5,100.0,42.2,64.2,100.0,69.9,100.0,0.6435,3.68,0.96,0.0062,32,74.8,ok
C0669,48.4,50.0,86.4,50.0,71.3,16.4,0.5199,3.84,0.865,0.0105,294,61.8,50.0,50.0,86.4,50.0,64.9,16.4,0.5118,4.38,0.928,0.0086,317,60.9,ok
C0670,100.0,75.2,60.2,100.0,91.8,76.4,0.6832,2.47,0.746,0.0075,60,81.0,98.9,75.2,60.2,100.0,73.1,76.4,0.594,3.87,0.929,0.0088,59,77.7,ok
C0671,100.0,80.0,100.0,68.3,93.3,52.4,0.89,3.63,0.732,0.0091,8,82.5,100.0,80.0,100.0,85.0,91.2,52.4,0.8785,2.88,0.752,0.0091,33,83.8,ok
C0672,96.1,100.0,100.0,100.0,96.5,77.1,0.5906,2.97,0.7,0.0081,50,93.7,90.4,100.0,100.0,87.5,76.5,77.1,0.5839,3.52,0.896,0.0075,106,88.4,ok
C0673,100.0,100.0,97.9,100.0,100.0,90.0,0.6975,2.09,0.481,0.0068,14,94.0,100.0,100.0,97.9,100.0,94.6,90.0,0.6836,2.29,0.719,0.0046,44,93.0,ok
C0674,100.0,82.4,88.4,100.0,60.8,81.4,0.6905,1.22,0.175,0.0068,78,82.9,100.0,82.4,88.4,100.0,70.4,81.4,0.5971,2.74,0.955,0.0067,92,84.6,ok
C0675,50.0,100.0,93.1,100.0,96.3,86.1,0.5057,3.25,0.702,0.0082,40,85.6,50.0,100.0,93.1,100.0,76.6,86.1,0.4939,4.02,0.895,0.0076,38,82.3,ok
C0676,100.0,85.1,69.2,100.0,80.3,69.1,0.6252,1.35,0.323,0.006,92,81.4,87.8,85.1,69.2,100.0,66.7,69.1,0.5808,2.98,1.0,0.0051,86,77.6,ok
C0677,100.0,100.0,100.0,100.0,84.3,95.9,0.6933,1.43,0.352,0.0078,91,93.1,100.0,100.0,100.0,100.0,73.8,95.9,0.6229,2.81,0.922,0.0058,89,91.3,ok
C0678,100.0,79.6,96.8,90.0,100.0,37.9,0.6319,2.19,0.619,0.0083,104,83.1,60.7,79.6,96.8,100.0,70.7,37.9,0.5485,3.81,0.953,0.0083,54,74.5,ok
C0679,97.9,100.0,60.0,100.0,36.4,82.0,0.7337,1.03,0.026,0.0042,85,75.5,93.8,100.0,60.0,66.2,73.1,82.0,0.6748,1.95,0.929,0.004,123,77.8,ok
C0680,100.0,94.4,71.8,100.0,81.8,100.0,0.6844,3.04,0.844,0.0063,27,84.9,100.0,94.4,71.8,100.0,70.4,100.0,0.6461,3.55,0.955,0.0063,46,83.0,ok
C0681,100.0,86.7,100.0,100.0,100.0,67.9,0.6384,2.2,0.641,0.0061,38,92.5,100.0,86.7,100.0,100.0,84.3,67.9,0.6268,3.06,0.82,0.0052,91,89.8,ok
C0682,100.0,100.0,100.0,100.0,66.7,79.1,0.68,1.23,0.221,0.0055,21,88.5,100.0,100.0,100.0,100.0,70.7,79.1,0.6465,2.47,0.953,0.0052,44,89.1,ok
C0683,100.0,100.0,93.3,100.0,85.5,92.4,0.6309,2.54,0.808,0.0073,16,90.1,100.0,100.0,93.3,100.0,67.4,92.4,0.5982,3.81,0.985,0.0074,17,87.0,ok
C0684,75.0,59.8,100.0,91.7,87.9,95.9,0.6447,1.5,0.365,0.0031,10,85.2,100.0,59.8,100.0,100.0,70.7,95.9,0.5982,3.11,0.953,0.0048,31,86.1,ok
C0685,100.0,92.6,98.5,100.0,82.5,96.0,0.736,1.46,0.257,0.0092,23,90.3,100.0,92.6,98.5,100.0,78.3,96.0,0.6181,2.6,0.878,0.007,26,89.6,ok
C0686,100.0,100.0,68.4,100.0,41.3,75.8,0.6908,1.07,0.068,0.0058,40,77.8,100.0,100.0,68.4,50.0,85.4,75.8,0.6162,2.33,0.809,0.0062,140,80.2,ok
C0687,100.0,89.9,100.0,100.0,87.5,90.8,0.762,1.51,0.278,0.0062,22,90.8,100.0,89.9,100.0,100.0,77.8,90.8,0.6284,2.1,0.883,0.0052,34,89.1,ok
C0688,87.5,100.0,81.1,100.0,97.1,86.4,0.7008,1.97,0.694,0.0037,18,88.1,85.4,100.0,81.1,100.0,67.8,86.4,0.6927,2.29,0.981,0.0036,32,82.9,ok
C0689,0.0,0.0,30.9,83.3,33.3,16.7,0.0,1,0.0,0.0,8,25.1,0.0,0.0,30.9,100.0,33.3,16.7,0.0,1,0.0,0.0,20,26.8,ok
C0690,100.0,100.0,92.5,100.0,96.0,77.2,0.6506,2.2,0.705,0.0076,18,91.1,100.0,100.0,92.5,100.0,73.2,77.2,0.6327,2.67,0.928,0.0055,52,87.2,ok
C0691,100.0,80.0,94.0,100.0,88.1,96.1,0.605,2.73,0.782,0.0094,12,89.1,100.0,80.0,94.0,100.0,84.3,96.1,0.6051,2.76,0.82,0.0076,32,88.5,ok
C0692,100.0,100.0,72.5,100.0,100.0,98.4,0.6963,2.05,0.515,0.0077,19,91.5,100.0,100.0,72.5,100.0,87.6,98.4,0.6268,2.71,0.787,0.0064,79,89.4,ok
C0693,100.0,100.0,63.8,91.7,61.1,63.4,0.6827,1.3,0.143,0.0046,10,76.9,100.0,100.0,63.8,100.0,99.5,63.4,0.6838,1.73,0.628,0.0049,40,84.3,ok
C0694,100.0,83.3,54.5,100.0,94.4,74.6,0.657,1.63,0.443,0.007,50,78.4,100.0,83.3,54.5,100.0,77.5,74.6,0.6637,2.1,0.886,0.0049,70,75.5,ok
C0695,100.0,100.0,100.0,100.0,79.8,91.6,0.6244,3.52,0.864,0.0073,22,88.4,100.0,100.0,100.0,100.0,68.7,91.6,0.6052,3.73,0.972,0.0071,33,86.5,ok
C0696,100.0,87.2,69.0,100.0,77.3,50.8,0.6473,1.32,0.273,0.0089,22,79.4,85.2,87.2,69.0,100.0,69.6,50.8,0.5776,2.71,0.963,0.0056,33,76.3,ok
C0697,100.0,74.9,60.7,100.0,49.6,61.5,0.6789,1.13,0.118,0.0054,21,71.3,100.0,74.9,60.7,100.0,70.8,61.5,0.6284,2.3,0.952,0.0052,44,74.9,ok
C0698,100.0,100.0,55.4,100.0,83.1,85.5,0.6297,3.55,0.831,0.0065,48,78.2,100.0,100.0,55.4,100.0,73.2,85.5,0.619,3.94,0.928,0.0064,66,76.5,ok
C0699,81.2,99.4,76.1,100.0,64.3,88.3,0.7281,1.25,0.192,0.0034,36,82.3,100.0,99.4,76.1,100.0,66.7,88.3,0.6086,2.78,1.0,0.0054,32,84.9,ok
C0700,100.0,80.5,97.7,100.0,99.7,72.3,0.6533,1.9,0.669,0.0044,32,88.4,100.0,80.5,97.7,100.0,79.3,72.3,0.6358,2.46,0.868,0.0043,29,85.0,ok
C0701,100.0,66.7,100.0,32.0,79.7,100.0,0.6624,2.95,0.865,0.0066,2,81.1,100.0,66.7,100.0,52.8,66.7,100.0,0.6059,3.98,1.0,0.0066,7,81.1,ok
C0702,82.7,100.0,87.7,100.0,89.8,40.8,0.5747,2.27,0.766,0.0091,26,83.4,81.9,100.0,87.7,100.0,66.9,40.8,0.5737,3.66,0.99,0.0101,34,79.4,ok
C0703,100.0,84.4,93.9,32.3,67.7,83.8,0.7022,3.58,0.982,0.0061,6,77.6,100.0,84.4,93.9,57.3,66.7,83.8,0.6651,3.96,1.0,0.007,22,80.0,ok
C0704,89.1,100.0,97.8,100.0,100.0,79.3,0.6382,1.92,0.663,0.0111,14,91.6,100.0,100.0,97.8,57.5,99.1,79.3,0.6484,2.1,0.675,0.0061,130,88.4,ok
C0705,100.0,51.1,49.4,29.4,72.6,96.0,0.6803,3.34,0.934,0.0061,4,66.0,100.0,51.1,49.4,50.2,66.7,96.0,0.6544,4,1.0,0.0071,9,67.1,ok
C0706,100.0,66.7,84.5,66.8,69.6,100.0,0.7114,3.81,0.963,0.0065,6,74.1,100.0,66.7,84.5,91.8,66.7,100.0,0.7005,3.96,1.0,0.0065,12,76.2,ok
C0707,100.0,100.0,76.3,91.7,65.1,79.9,0.7631,1.31,0.173,0.0078,10,83.8,94.7,100.0,76.3,100.0,75.3,79.9,0.589,2.66,0.908,0.0064,16,85.7,ok
C0708,52.1,83.0,86.3,66.7,47.1,74.1,0.8787,1.11,0.105,0.002,4,69.1,91.7,83.0,86.3,87.5,94.4,74.1,0.6308,1.7,0.701,0.0039,9,83.9,ok
C0709,100.0,66.7,50.7,96.8,83.9,80.9,0.6548,2.46,0.823,0.0062,27,75.9,96.4,66.7,50.7,96.8,68.1,80.9,0.591,3.6,0.978,0.0075,48,72.8,ok
C0710,100.0,33.3,61.7,58.8,100.0,24.1,0.6383,2.02,0.549,0.0081,129,67.5,100.0,33.3,61.7,58.8,100.0,24.1,0.637,2.02,0.565,0.0081,129,67.5,ok
C0711,100.0,83.3,71.4,100.0,87.9,92.8,0.6569,1.5,0.389,0.0055,15,83.3,100.0,83.3,71.4,100.0,73.7,92.8,0.6499,2.15,0.923,0.0049,24,80.9,ok
C0712,92.6,100.0,100.0,100.0,75.5,70.7,0.5865,3.45,0.906,0.0096,59,89.3,71.2,100.0,100.0,100.0,73.2,70.7,0.561,4.4,0.928,0.0088,67,86.4,ok
C0713,90.6,100.0,80.6,100.0,70.9,45.1,0.8064,3.1,0.951,0.011,29,78.2,100.0,100.0,80.6,100.0,66.7,45.1,0.7523,3.63,0.993,0.0104,37,78.6,ok
C0714,100.0,100.0,100.0,100.0,90.4,100.0,0.6756,2.31,0.76,0.0045,16,96.1,100.0,100.0,100.0,100.0,68.2,100.0,0.6033,3.97,0.977,0.0061,65,92.3,ok
C0715,100.0,100.0,100.0,100.0,99.4,100.0,0.666,2.18,0.672,0.0045,16,97.6,92.5,100.0,100.0,100.0,68.4,100.0,0.5864,3.98,0.975,0.0067,69,91.4,ok
C0716,75.0,100.0,100.0,100.0,100.0,90.3,0.7264,2.16,0.613,0.0031,12,93.0,100.0,100.0,100.0,100.0,74.3,90.3,0.6627,2.59,0.917,0.0048,65,91.6,ok
C0717,87.6,100.0,41.4,58.3,89.0,58.2,0.5805,1.67,0.222,0.0055,2,70.0,64.6,100.0,41.4,100.0,80.3,58.2,0.7519,1.35,0.308,0.0026,26,70.1,ok
C0718,96.5,63.2,63.0,98.2,36.1,63.4,0.5911,1.02,0.024,0.0051,33,68.5,100.0,63.2,63.0,98.2,91.7,63.4,0.6438,1.75,0.747,0.0055,68,78.4,ok
C0719,90.6,100.0,90.2,68.8,77.0,79.0,0.6514,3.06,0.891,0.011,121,82.3,100.0,100.0,90.2,68.8,67.5,79.0,0.6137,3.64,0.984,0.0101,121,81.8,ok
C0720,71.9,76.7,100.0,100.0,95.6,45.3,0.6437,2.46,0.709,0.0122,72,84.1,80.1,76.7,100.0,100.0,71.3,45.3,0.5716,4.12,0.947,0.0078,71,80.9,ok
C0721,11.6,100.0,57.9,50.0,81.8,67.3,1.0,1.38,0.375,0.0019,0,65.5,100.0,100.0,57.9,100.0,84.4,67.3,0.6764,1.82,0.819,0.0043,25,81.6,ok
C0722,54.2,53.3,40.0,50.0,82.9,72.6,0.6853,2.67,0.833,0.0021,0,57.9,54.2,53.3,40.0,50.0,34.6,72.6,0.6847,1.02,0.011,0.0021,152,49.7,ok
C0723,50.0,100.0,100.0,95.8,81.0,93.3,0.5356,3.62,0.852,0.009,11,88.1,100.0,100.0,100.0,100.0,67.5,93.3,0.6344,3.93,0.984,0.005,72,92.2,ok
C0724,46.0,100.0,100.0,49.2,66.7,71.2,0.9661,3,1.0,0.0122,2,73.9,100.0,100.0,100.0,70.1,66.7,71.2,0.8008,4.49,1.0,0.0089,7,82.5,ok
C0725,89.6,100.0,95.2,100.0,88.4,77.5,0.7086,2.08,0.779,0.0038,24,89.2,87.5,100.0,95.2,77.5,66.7,77.5,0.72,2.28,0.993,0.0037,114,82.9,ok
C0726,11.6,100.0,58.3,54.2,58.9,68.2,1.0,1.18,0.176,0.0019,1,62.3,100.0,100.0,58.3,100.0,84.4,68.2,0.6764,1.82,0.819,0.0045,26,81.8,ok
C0727,79.2,50.0,42.2,100.0,84.3,64.4,0.6538,1.43,0.43,0.0033,18,66.3,85.4,50.0,42.2,100.0,66.7,64.4,0.6697,2,1.0,0.0036,40,64.1,ok
C0728,100.0,100.0,96.4,75.0,89.2,100.0,0.63,2.21,0.772,0.0047,6,89.7,59.0,100.0,96.4,100.0,70.1,100.0,0.5464,3.31,0.958,0.0044,22,84.2,ok
C0729,100.0,56.7,77.1,0.0,65.8,60.7,0.6344,1.3,0.183,0.0046,695,65.1,100.0,56.7,77.1,0.0,57.3,60.7,0.6345,1.23,0.141,0.0047,1041,63.7,ok
C0730,86.4,100.0,98.5,100.0,98.4,95.6,0.5791,2.3,0.682,0.0083,18,94.6,90.0,100.0,98.5,100.0,76.4,95.6,0.5834,2.88,0.897,0.007,21,91.3,ok
C0731,84.4,100.0,100.0,100.0,100.0,84.7,0.5991,2.24,0.637,0.0114,78,93.2,83.3,100.0,100.0,85.0,95.8,84.7,0.5773,2.71,0.707,0.0105,108,90.8,ok
C0732,0.0,100.0,60.0,91.7,47.8,81.8,1.1716,1.11,0.111,0.0003,10,64.3,95.8,100.0,60.0,100.0,70.7,81.8,0.6689,1.95,0.953,0.0041,50,80.5,ok
C0733,100.0,100.0,97.6,47.4,100.0,92.8,0.7957,1.8,0.605,0.0071,8,89.6,100.0,100.0,97.6,51.6,73.8,92.8,0.7096,2.47,0.922,0.005,9,85.6,ok
C0734,92.2,100.0,90.7,100.0,98.4,70.9,0.6526,1.76,0.682,0.0109,63,90.0,100.0,100.0,90.7,100.0,85.6,70.9,0.6407,2.07,0.807,0.0101,96,88.8,ok
C0735,100.0,83.3,74.4,100.0,94.9,94.4,0.6515,1.64,0.485,0.0055,33,85.2,100.0,83.3,74.4,100.0,67.9,94.4,0.6554,2.12,0.98,0.0046,49,80.6,ok
C0737,100.0,100.0,59.2,100.0,45.0,81.9,0.7895,1.14,0.074,0.0051,28,76.2,100.0,100.0,59.2,100.0,80.1,81.9,0.6233,2.21,0.861,0.005,86,82.1,ok
C0738,100.0,100.0,95.4,100.0,75.9,88.7,0.6452,3.58,0.902,0.0072,59,89.5,100.0,100.0,95.4,77.5,67.8,88.7,0.6271,4.09,0.981,0.0062,114,85.9,ok
C0739,16.7,100.0,69.4,100.0,48.3,100.0,0.9862,1.12,0.111,0.0146,28,69.8,100.0,100.0,69.4,100.0,75.5,100.0,0.6065,3.61,0.906,0.0085,28,84.4,ok
C0740,50.0,28.5,100.0,62.5,79.1,95.8,0.5045,2.91,0.87,0.0059,3,71.3,85.0,28.5,100.0,100.0,88.1,95.8,0.5774,2.7,0.782,0.0058,13,80.8,ok
C0741,100.0,82.0,67.5,96.8,72.1,77.7,0.6804,1.29,0.242,0.0052,43,78.5,100.0,82.0,67.5,96.8,77.9,77.7,0.6304,2.45,0.882,0.0061,67,79.4,ok
C0742,75.0,100.0,100.0,100.0,85.2,99.6,0.6249,2.45,0.811,0.0031,52,91.8,100.0,100.0,100.0,100.0,68.3,99.6,0.6329,4.34,0.976,0.005,81,91.9,ok
C0743,100.0,100.0,89.4,98.6,100.0,62.2,0.6079,2.35,0.586,0.0081,75,89.9,100.0,100.0,89.4,98.6,70.1,62.2,0.6143,3.17,0.958,0.0065,86,84.8,ok
C0744,35.4,88.6,55.6,75.0,100.0,86.1,1.0445,3.2,0.366,0.0036,6,73.5,85.4,88.6,55.6,100.0,81.0,86.1,0.6549,2.28,0.852,0.0036,27,78.8,ok
C0745,78.1,95.5,62.7,57.6,66.7,88.7,0.5974,2.75,1.0,0.0118,10,71.0,100.0,95.5,62.7,65.9,66.7,88.7,0.621,4.17,1.0,0.0088,12,74.4,ok
C0746,0.0,100.0,40.0,50.0,33.3,100.0,0.0,1,0.0,0.0,0,53.6,100.0,100.0,40.0,100.0,90.4,100.0,0.6337,1.55,0.554,0.0057,12,80.3,ok
C0747,100.0,100.0,55.0,100.0,66.7,77.4,0.6693,2.2,1.0,0.0104,20,77.1,100.0,100.0,55.0,100.0,89.3,77.4,0.6114,2.65,0.771,0.009,14,80.9,ok
C0748,100.0,61.7,93.3,50.0,88.0,52.2,0.6089,3.3,0.783,0.0073,222,78.3,85.5,61.7,93.3,50.0,80.5,52.2,0.578,4.29,0.857,0.007,253,75.3,ok
C0749,100.0,100.0,46.2,100.0,66.5,93.5,0.6946,1.25,0.211,0.0051,24,79.5,100.0,100.0,46.2,100.0,78.9,93.5,0.6515,2.28,0.872,0.0049,82,81.6,ok
C0750,100.0,79.6,76.6,100.0,98.5,61.3,0.6646,1.71,0.525,0.0064,40,81.7,100.0,79.6,76.6,100.0,77.0,61.3,0.6635,2.11,0.891,0.0049,72,78.0,ok
C0751,66.1,33.3,75.1,66.7,100.0,100.0,0.5549,1.89,0.553,0.0097,4,72.2,100.0,33.3,75.1,95.8,96.3,100.0,0.6,2.19,0.702,0.0083,11,78.6,ok
C0752,100.0,100.0,93.2,90.9,70.9,75.5,0.7441,4.62,0.951,0.0066,22,85.9,100.0,100.0,93.2,90.9,66.7,75.5,0.7247,5.11,1.0,0.006,26,85.1,ok
C0753,91.7,92.6,41.5,87.5,39.2,94.1,0.8787,1.05,0.05,0.0039,9,68.7,91.7,92.6,41.5,100.0,81.9,94.1,0.6615,1.84,0.843,0.0039,13,77.3,ok
C0754,100.0,61.1,74.8,94.5,94.9,64.2,0.6667,1.64,0.591,0.005,24,77.1,100.0,61.1,74.8,94.5,69.4,64.2,0.666,2.02,0.965,0.005,46,72.7,ok
C0755,50.0,95.4,100.0,91.4,66.7,84.3,0.6557,4.59,0.993,0.0169,20,80.0,100.0,95.4,100.0,91.4,66.8,84.3,0.6471,5.12,0.991,0.0076,32,86.0,ok
C0756,92.0,100.0,82.0,54.2,49.9,76.1,0.5858,1.12,0.125,0.0062,1,76.2,95.8,100.0,82.0,100.0,93.3,76.1,0.6435,1.73,0.727,0.0041,18,88.7,ok
C0757,100.0,100.0,94.2,50.0,78.9,95.2,0.738,3.44,0.872,0.0066,190,82.6,100.0,100.0,94.2,50.0,77.2,95.2,0.7298,4.06,0.889,0.0066,137,82.3,ok
C0758,60.4,100.0,46.4,50.0,39.4,64.5,0.803,1.05,0.052,0.0024,148,59.7,91.7,100.0,46.4,50.0,82.1,64.5,0.6937,1.84,0.841,0.0039,298,70.6,ok
C0759,100.0,100.0,94.8,87.5,93.1,71.1,0.6223,2.2,0.733,0.0066,9,89.9,100.0,100.0,94.8,100.0,66.7,71.1,0.6223,2.73,1.0,0.007,42,86.6,ok
C0760,100.0,77.8,70.3,77.9,76.7,93.8,0.6755,2.3,0.894,0.0047,8,76.9,100.0,77.8,70.3,94.5,76.6,93.8,0.6801,2.32,0.895,0.0047,18,78.6,ok
C0761,87.5,100.0,100.0,83.3,100.0,36.2,0.6464,1.75,0.524,0.0037,8,85.2,100.0,100.0,100.0,95.8,66.7,36.2,0.6013,2.43,1.0,0.0045,11,82.3,ok
C0762,50.0,100.0,69.3,70.8,86.9,96.0,0.8787,1.48,0.484,0.0011,5,76.5,97.9,100.0,69.3,100.0,87.1,96.0,0.6616,1.79,0.792,0.0042,29,85.2,ok
C0763,100.0,100.0,100.0,83.3,82.9,79.9,0.6038,2.44,0.833,0.0102,8,87.9,100.0,100.0,100.0,100.0,66.7,79.9,0.6118,3.14,1.0,0.0075,12,86.8,ok
C0764,100.0,86.8,66.2,100.0,91.4,96.1,0.6591,1.57,0.443,0.0063,88,85.3,100.0,86.8,66.2,100.0,68.6,96.1,0.5984,2.94,0.973,0.0055,83,81.4,ok
C0765,100.0,100.0,100.0,87.5,76.8,81.7,0.6339,3.55,0.893,0.006,9,90.0,82.2,100.0,100.0,100.0,69.7,81.7,0.5741,4.66,0.962,0.0053,14,87.9,ok
C0766,100.0,76.8,100.0,83.3,87.4,89.4,0.7542,1.49,0.356,0.0059,8,88.7,94.5,76.8,100.0,100.0,73.6,89.4,0.5888,3.21,0.924,0.0062,25,87.4,ok
C0767,75.0,100.0,100.0,100.0,91.1,95.1,0.7153,2.17,0.753,0.0031,20,92.6,100.0,100.0,100.0,100.0,76.1,95.1,0.6129,3.18,0.9,0.0055,72,93.0,ok
C0768,87.5,100.0,53.3,100.0,66.0,100.0,0.7039,1.22,0.22,0.0037,16,78.6,87.5,100.0,53.3,100.0,78.4,100.0,0.711,1.88,0.877,0.0037,18,80.7,ok
C0769,100.0,100.0,53.0,87.5,100.0,67.9,0.6258,1.8,0.295,0.0077,9,82.0,100.0,100.0,53.0,100.0,75.5,67.9,0.639,1.98,0.906,0.0073,24,79.1,ok
C0770,88.3,100.0,100.0,100.0,98.4,52.3,0.5814,2.26,0.682,0.0059,96,88.7,100.0,100.0,100.0,50.0,81.9,52.3,0.6088,2.47,0.843,0.0059,141,82.2,ok
C0771,81.2,79.0,75.3,75.9,93.9,62.3,0.6892,1.62,0.619,0.0034,14,76.6,79.2,79.0,75.3,75.9,76.8,62.3,0.6803,1.89,0.893,0.0033,40,73.4,ok
C0772,100.0,81.1,100.0,100.0,88.9,95.6,0.7099,1.52,0.448,0.0046,20,91.8,100.0,81.1,100.0,100.0,66.7,95.6,0.598,3.62,0.992,0.005,38,88.1,ok
C0773,100.0,85.7,80.0,97.5,100.0,85.3,0.6442,1.93,0.581,0.0065,98,87.7,93.0,85.7,80.0,93.8,70.3,85.3,0.587,3.11,0.956,0.0062,101,81.5,ok
C0774,100.0,81.2,96.6,100.0,100.0,58.6,0.6338,1.77,0.502,0.0083,96,87.8,94.1,81.2,96.6,100.0,70.8,58.6,0.5883,3.2,0.952,0.0071,83,82.1,ok
C0775,100.0,100.0,89.7,100.0,82.3,81.4,0.6535,1.39,0.36,0.01,34,87.4,100.0,100.0,89.7,100.0,66.7,81.4,0.6009,2.54,1.0,0.0069,26,84.7,ok
C0776,87.5,96.5,76.1,100.0,59.4,89.7,0.701,1.19,0.176,0.0037,43,81.4,100.0,96.5,76.1,100.0,71.1,89.7,0.6579,2.36,0.949,0.0044,52,84.8,ok
C0777,96.6,69.8,95.1,83.3,83.1,62.5,0.5912,2.38,0.831,0.0074,8,81.4,61.6,69.8,95.1,87.5,67.0,62.5,0.5495,3.28,0.989,0.0073,9,74.9,ok
C0778,100.0,100.0,100.0,92.7,74.2,88.0,0.705,1.28,0.264,0.0064,35,90.8,99.5,100.0,100.0,72.7,83.7,88.0,0.5947,2.46,0.825,0.0064,112,90.4,ok
C0779,62.6,83.3,100.0,100.0,77.0,75.5,0.5507,2.58,0.891,0.0098,13,82.1,50.0,83.3,100.0,100.0,87.1,75.5,0.5303,2.8,0.792,0.0084,26,82.3,ok
C0780,100.0,94.4,48.6,100.0,95.3,55.1,0.6341,1.68,0.682,0.0077,66,78.3,100.0,94.4,48.6,50.0,87.4,55.1,0.633,1.49,0.487,0.0074,167,71.9,ok
C0781,100.0,100.0,26.3,100.0,90.6,78.3,0.6383,2.4,0.758,0.0073,71,78.1,94.5,100.0,26.3,100.0,72.8,78.3,0.5887,3.17,0.932,0.007,81,74.4,ok
C0782,100.0,100.0,100.0,87.5,82.2,76.6,0.8007,1.93,0.84,0.0086,9,90.0,100.0,100.0,100.0,95.8,73.4,76.6,0.6293,3.01,0.926,0.0075,11,89.4,ok
C0783,100.0,91.1,75.7,48.7,68.8,100.0,0.6749,3.69,0.971,0.0088,7,78.5,100.0,91.1,75.7,61.2,66.7,100.0,0.6525,4.04,1.0,0.0085,10,79.4,ok
C0784,100.0,100.0,84.6,100.0,84.8,91.3,0.6971,1.44,0.313,0.0049,36,89.3,100.0,100.0,84.6,100.0,74.9,91.3,0.6271,2.55,0.911,0.0055,50,87.6,ok
C0785,100.0,100.0,100.0,12.5,86.3,81.2,0.6929,4.54,0.8,0.0094,3,79.9,100.0,100.0,100.0,45.8,97.1,81.2,0.6912,4.18,0.694,0.0096,11,85.2,ok
C0786,100.0,73.3,75.1,100.0,100.0,19.2,0.5956,2.31,0.533,0.0084,90,71.8,97.6,73.3,75.1,77.5,97.5,19.2,0.5924,2.69,0.69,0.0084,114,68.8,ok
C0787,52.0,100.0,41.9,87.5,99.5,47.6,0.5381,2.46,0.671,0.0097,9,69.7,100.0,100.0,41.9,100.0,71.0,47.6,0.6139,3.09,0.95,0.0072,43,71.8,ok
C0788,100.0,100.0,100.0,100.0,55.8,68.2,0.6876,1.22,0.132,0.0052,42,85.5,100.0,100.0,100.0,100.0,74.3,68.2,0.6613,2.03,0.917,0.0053,52,88.7,ok
C0789,100.0,100.0,93.0,100.0,76.2,96.1,0.7058,1.29,0.277,0.005,33,92.0,100.0,100.0,93.0,100.0,88.8,96.1,0.7105,1.79,0.776,0.0045,65,94.1,ok
C0790,100.0,100.0,100.0,100.0,100.0,89.2,0.6243,2.03,0.591,0.009,13,95.7,100.0,100.0,100.0,100.0,73.3,89.2,0.6042,2.94,0.927,0.0067,71,91.2,ok
C0791,50.0,100.0,100.0,100.0,92.5,40.5,0.5353,2.97,0.739,0.0068,45,81.4,58.1,100.0,100.0,100.0,67.6,40.5,0.5454,3.97,0.983,0.0065,34,78.1,ok
C0792,86.2,100.0,100.0,85.0,100.0,63.6,0.5788,2.33,0.64,0.0079,108,87.8,76.3,100.0,100.0,50.0,75.9,63.6,0.5671,3.12,0.902,0.0063,138,78.9,ok
C0793,100.0,100.0,100.0,100.0,85.4,82.8,0.6799,1.45,0.399,0.0071,24,92.2,82.8,100.0,100.0,100.0,68.1,82.8,0.5748,3.15,0.978,0.0069,38,87.2,ok
C0794,100.0,100.0,70.4,100.0,87.9,79.7,0.7113,1.5,0.388,0.0077,30,85.1,100.0,100.0,70.4,100.0,78.6,79.7,0.6656,2.31,0.875,0.0051,52,83.6,ok
C0795,100.0,90.1,89.4,100.0,84.5,83.3,0.7804,3.64,0.818,0.0071,23,86.1,100.0,90.1,89.4,100.0,83.5,83.3,0.7331,4.09,0.827,0.0058,52,85.9,ok
C0796,100.0,78.8,67.1,100.0,99.6,67.6,0.6587,1.84,0.67,0.0065,34,81.2,89.5,78.8,67.1,100.0,66.7,67.6,0.5828,3.13,1.0,0.0065,42,74.4,ok
C0797,77.1,55.5,92.1,77.1,67.5,62.4,0.7123,1.27,0.211,0.0032,27,73.0,100.0,55.5,92.1,27.1,86.9,62.4,0.6261,1.48,0.356,0.0045,223,73.9,ok
C0798,93.8,77.8,89.4,100.0,75.1,91.0,0.6005,3.45,0.91,0.004,29,82.1,88.5,77.8,89.4,100.0,67.1,91.0,0.5866,4.26,0.988,0.0041,47,80.1,ok
C0799,100.0,100.0,96.9,100.0,100.0,62.0,0.6687,1.87,0.407,0.0085,46,91.4,100.0,100.0,96.9,100.0,81.7,62.0,0.6572,2.39,0.845,0.0059,66,88.3,ok
C0800,100.0,81.5,63.0,100.0,85.4,90.3,0.6441,1.45,0.386,0.0067,22,81.8,81.1,81.5,63.0,100.0,70.9,90.3,0.5728,2.77,0.951,0.0068,27,77.1,ok
C0801,100.0,100.0,98.6,100.0,90.8,47.0,0.6254,2.34,0.756,0.0073,59,87.8,100.0,100.0,98.6,76.2,71.1,47.0,0.6168,2.65,0.949,0.0066,115,82.0,ok
C0802,73.5,6.7,86.5,100.0,83.8,66.4,0.5637,2.51,0.824,0.0045,16,70.2,58.4,6.7,86.5,100.0,78.8,66.4,0.5606,2.96,0.873,0.0037,38,67.6,ok
C0803,100.0,86.1,98.8,100.0,68.6,94.6,0.7508,1.24,0.233,0.009,32,87.7,100.0,86.1,98.8,100.0,69.1,94.6,0.6441,2.23,0.968,0.0077,62,87.8,ok
C0804,100.0,50.0,91.0,65.6,81.0,70.0,0.6528,1.43,0.257,0.0065,54,76.1,100.0,50.0,91.0,15.6,47.0,70.0,0.6549,1.14,0.091,0.0073,377,65.2,ok
C0805,38.5,66.7,100.0,91.7,74.6,78.3,0.5443,2.89,0.914,0.0116,10,75.0,50.0,66.7,100.0,100.0,66.7,78.3,0.5185,3.95,1.0,0.0081,26,75.8,ok
C0806,83.3,100.0,80.8,91.7,67.6,72.1,0.8029,5.25,0.983,0.0035,10,82.3,100.0,100.0,80.8,100.0,58.0,72.1,0.7941,8,1.0,0.0056,50,83.5,ok
C0807,100.0,100.0,92.4,100.0,79.3,89.4,0.7084,1.33,0.333,0.0055,28,90.8,100.0,100.0,92.4,100.0,73.9,89.4,0.5956,3.31,0.921,0.0065,29,89.9,ok
C0808,100.0,60.0,100.0,100.0,100.0,80.5,0.6384,1.95,0.63,0.0068,18,89.3,86.3,60.0,100.0,100.0,85.1,80.5,0.579,2.74,0.812,0.0074,51,85.1,ok
C0809,100.0,84.7,100.0,100.0,78.3,99.3,0.6022,3.38,0.878,0.0062,35,91.3,100.0,84.7,100.0,100.0,80.6,99.3,0.5979,3.76,0.856,0.0095,58,91.7,ok
C0810,54.2,100.0,79.8,87.5,79.8,89.8,0.7996,1.34,0.345,0.0021,9,80.1,100.0,100.0,79.8,100.0,66.7,89.8,0.7463,3.17,1.0,0.0062,22,84.6,ok
C0811,67.2,100.0,79.0,70.8,95.5,97.5,0.7388,1.65,0.475,0.0125,5,83.5,95.7,100.0,79.0,100.0,74.0,97.5,0.5902,2.62,0.92,0.0093,21,86.3,ok
C0812,100.0,100.0,100.0,100.0,100.0,91.1,0.5986,1.95,0.559,0.0079,28,95.9,88.3,100.0,100.0,100.0,68.6,91.1,0.5813,3.55,0.973,0.0067,59,89.2,ok
C0813,56.2,100.0,60.0,75.0,91.4,92.7,0.753,1.57,0.429,0.0022,6,78.0,100.0,100.0,60.0,100.0,67.1,92.7,0.6334,2.07,0.988,0.0045,20,81.6,ok
C0814,100.0,74.6,100.0,100.0,71.8,70.1,0.6481,2.98,0.942,0.0084,41,83.2,100.0,74.6,100.0,100.0,68.4,70.1,0.6254,3.31,0.975,0.0076,46,82.6,ok
C0815,11.6,100.0,60.0,54.2,77.3,67.5,1.0,1.29,0.294,0.0019,1,66.2,100.0,100.0,60.0,100.0,73.8,67.5,0.6583,2.93,0.922,0.008,27,80.8,ok
C0816,88.3,100.0,100.0,70.8,82.9,89.4,0.5814,1.94,0.833,0.0071,5,86.0,100.0,100.0,100.0,100.0,66.7,89.4,0.6461,3.21,1.0,0.0072,13,87.6,ok
C0817,91.4,88.6,100.0,100.0,100.0,70.9,0.585,2.24,0.559,0.0088,65,89.9,76.9,88.6,100.0,81.2,71.8,70.9,0.5678,3.12,0.942,0.0066,111,81.4,ok
C0818,100.0,82.4,74.1,100.0,92.9,75.8,0.6816,1.6,0.505,0.0071,44,84.4,100.0,82.4,74.1,100.0,70.6,75.8,0.6089,2.7,0.954,0.0066,55,80.6,ok
C0819,100.0,78.7,93.4,100.0,91.1,76.7,0.611,2.7,0.753,0.0058,68,87.7,83.2,78.7,93.4,88.8,68.4,76.7,0.5753,3.81,0.975,0.0059,105,80.7,ok
C0820,100.0,88.3,60.6,100.0,56.2,53.8,0.6105,1.17,0.157,0.0051,53,74.0,100.0,88.3,60.6,100.0,71.1,53.8,0.648,2.31,0.949,0.0054,48,76.5,ok
C0821,100.0,100.0,100.0,55.0,75.2,86.8,0.7552,3.21,0.909,0.0055,132,86.8,100.0,100.0,100.0,50.0,70.7,86.8,0.7255,4.31,0.953,0.0045,211,85.5,ok
C0822,81.2,66.9,52.9,100.0,99.5,61.7,0.6998,1.73,0.635,0.0034,20,74.0,97.9,66.9,52.9,100.0,66.7,61.7,0.603,2.9,1.0,0.0042,32,70.4,ok
C0823,91.7,84.1,73.9,100.0,55.5,81.4,0.7197,1.18,0.147,0.0039,39,77.4,100.0,84.1,73.9,100.0,73.1,81.4,0.6014,2.51,0.929,0.0046,57,81.3,ok
C0824,100.0,100.0,100.0,100.0,97.0,55.1,0.7147,1.68,0.658,0.0048,36,91.3,100.0,100.0,100.0,100.0,78.5,55.1,0.6628,2.5,0.876,0.0045,96,88.2,ok
C0825,100.0,100.0,100.0,70.8,92.9,100.0,0.6593,2.18,0.735,0.0045,5,92.6,100.0,100.0,100.0,100.0,91.3,100.0,0.6597,2.49,0.751,0.0046,31,95.3,ok
C0826,100.0,60.0,53.1,59.1,73.2,86.8,0.6992,3.71,0.928,0.0064,15,67.4,100.0,60.0,53.1,59.1,66.7,86.8,0.6888,4.09,1.0,0.0062,21,66.3,ok
C0827,50.0,100.0,72.3,79.2,100.0,82.1,0.5152,2,0.525,0.0048,7,80.8,100.0,100.0,72.3,100.0,100.0,82.1,0.6723,1.77,0.441,0.0061,65,88.9,ok
C0828,0.0,72.2,41.9,0.0,33.3,31.5,0.0,0.0,0.0,0.0,0,34.4,97.3,72.2,41.9,50.0,66.7,31.5,0.5921,2.46,1.0,0.0081,64,56.8,ok
C0829,50.0,87.3,47.6,70.8,59.2,79.3,0.8787,1.18,0.179,0.0012,5,64.8,95.8,87.3,47.6,100.0,83.5,79.3,0.6777,1.83,0.827,0.0041,24,77.3,ok
C0830,100.0,70.0,86.8,83.3,66.7,99.6,0.6918,3.71,1.0,0.0072,8,78.5,100.0,70.0,86.8,91.7,66.7,99.6,0.6666,4,1.0,0.0069,10,79.3,ok
C0831,92.0,100.0,54.4,75.0,74.0,80.1,0.5858,1.27,0.267,0.0043,6,76.6,85.4,100.0,54.4,100.0,72.2,80.1,0.6303,1.97,0.938,0.0036,34,78.1,ok
C0832,100.0,76.7,100.0,100.0,100.0,87.5,0.6655,2.01,0.595,0.0076,31,92.6,100.0,76.7,100.0,100.0,92.7,87.5,0.6164,2.34,0.737,0.0053,62,91.4,ok
C0833,93.8,95.6,64.0,100.0,64.5,90.4,0.7086,1.21,0.211,0.004,18,79.0,75.0,95.6,64.0,100.0,88.8,90.4,0.6913,1.78,0.776,0.0031,32,80.9,ok
C0834,100.0,91.0,67.5,62.0,73.9,90.3,0.6425,3.06,0.921,0.0061,114,76.6,100.0,91.0,67.5,67.0,66.7,90.3,0.6228,3.37,0.995,0.0057,110,75.8,ok
C0835,100.0,100.0,100.0,100.0,70.3,100.0,0.6387,3.54,0.956,0.0082,22,89.6,100.0,100.0,100.0,100.0,66.7,100.0,0.621,3.83,1.0,0.0082,22,88.9,ok
C0836,83.3,95.4,75.8,100.0,68.8,86.3,0.682,1.25,0.231,0.0035,24,83.5,66.9,95.4,75.8,100.0,66.7,86.3,0.5558,2.76,0.995,0.0055,31,81.2,ok
C0837,100.0,100.0,82.7,100.0,91.1,80.5,0.6974,2.01,0.753,0.0081,18,90.6,100.0,100.0,82.7,100.0,87.1,80.5,0.6597,2.5,0.792,0.0051,50,89.9,ok
C0838,100.0,100.0,96.9,91.7,97.0,75.6,0.6985,2.99,0.695,0.0062,10,87.7,100.0,100.0,96.9,100.0,76.7,75.6,0.6772,3.74,0.894,0.0062,18,85.1,ok
C0839,100.0,94.4,41.5,99.1,64.7,71.6,0.658,1.21,0.213,0.0053,29,73.1,100.0,94.4,41.5,99.1,88.2,71.6,0.7127,1.78,0.781,0.0045,30,77.1,ok
C0840,79.2,100.0,38.3,34.1,89.9,76.2,0.7306,1.54,0.537,0.0033,0,66.6,79.2,100.0,38.3,84.1,66.7,76.2,0.7409,2,1.0,0.0033,29,67.7,ok
C0841,100.0,100.0,73.1,87.5,98.0,65.1,0.7386,1.7,0.535,0.0062,106,84.5,100.0,100.0,73.1,97.5,68.6,65.1,0.6315,3.08,0.973,0.0051,98,80.5,ok
C0842,100.0,100.0,100.0,100.0,79.8,100.0,0.6322,2.93,0.864,0.0084,31,93.2,100.0,100.0,100.0,100.0,69.7,100.0,0.606,3.5,0.962,0.0068,52,91.5,ok
C0843,100.0,80.0,99.7,85.0,96.5,61.4,0.6641,1.67,0.482,0.008,108,86.1,100.0,80.0,99.7,100.0,70.9,61.4,0.5975,3.11,0.951,0.0072,93,83.3,ok
C0844,100.0,100.0,60.7,100.0,82.0,89.7,0.63,3.66,0.842,0.0076,56,80.0,100.0,100.0,60.7,100.0,71.1,89.7,0.6217,4.09,0.949,0.0076,57,78.1,ok
C0845,100.0,84.4,54.6,100.0,66.7,87.4,0.6809,3.86,1.0,0.008,26,73.5,100.0,84.4,54.6,100.0,66.7,87.4,0.6675,3.99,1.0,0.0079,37,73.5,ok
C0846,89.6,100.0,57.8,41.9,90.9,90.2,0.7235,1.56,0.557,0.0038,7,76.8,95.8,100.0,57.8,58.6,68.6,90.2,0.705,1.97,0.973,0.0041,11,75.5,ok
C0847,50.5,54.7,58.4,50.0,67.5,54.4,0.5586,3.71,0.984,0.0116,40,56.9,29.8,54.7,58.4,50.0,66.7,54.4,0.5489,3.94,1.0,0.0124,48,54.3,ok
C0848,100.0,78.2,83.4,100.0,85.2,76.8,0.6841,1.48,0.272,0.0063,44,85.6,99.6,78.2,83.4,100.0,70.1,76.8,0.5948,3.04,0.958,0.0064,88,83.0,ok
C0849,100.0,79.7,96.6,100.0,84.8,73.5,0.6863,1.44,0.32,0.0061,41,87.4,91.4,79.7,96.6,100.0,71.8,73.5,0.5851,2.97,0.942,0.0066,50,84.2,ok
C0850,100.0,79.8,78.5,100.0,96.0,70.2,0.6419,1.66,0.487,0.0065,57,85.4,92.4,79.8,78.5,100.0,73.7,70.2,0.5863,2.76,0.923,0.0063,93,80.7,ok
C0851,100.0,100.0,72.1,100.0,76.7,85.4,0.6875,1.3,0.277,0.0045,65,86.0,100.0,100.0,72.1,100.0,70.4,85.4,0.6096,2.59,0.955,0.0054,77,85.0,ok
C0852,100.0,72.4,42.1,100.0,45.3,57.4,0.7984,1.16,0.068,0.0075,12,64.0,100.0,72.4,42.1,100.0,70.4,57.4,0.6301,2.38,0.955,0.0049,31,68.3,ok
C0853,69.1,98.9,100.0,66.7,75.6,96.9,0.592,2.74,0.905,0.0122,4,85.5,90.4,98.9,100.0,91.7,81.2,96.9,0.5838,3.33,0.85,0.0063,10,91.6,ok
C0854,56.2,69.7,53.4,100.0,52.4,61.1,0.8787,1.14,0.138,0.0022,13,63.0,81.2,69.7,53.4,100.0,66.9,61.1,0.6576,1.99,0.99,0.0034,37,68.4,ok
C0855,100.0,66.7,97.2,75.0,100.0,69.5,0.6344,1.91,0.628,0.0049,6,84.2,76.5,66.7,97.2,100.0,67.9,69.5,0.5673,3.94,0.98,0.0057,27,78.5,ok
C0856,100.0,100.0,56.5,50.0,94.9,81.0,0.7324,1.64,0.378,0.0045,0,78.4,100.0,100.0,56.5,100.0,72.8,81.0,0.6453,2.07,0.932,0.0053,59,79.7,ok
C0857,0.0,84.0,40.0,0.0,33.3,80.3,0.0,0.0,0.0,0.0,0,40.8,11.6,84.0,40.0,20.8,66.7,80.3,1.0,2,1.0,0.0006,5,50.0,ok
C0858,89.1,80.0,40.0,58.6,87.3,65.0,0.6,2.24,0.79,0.0111,33,68.5,53.3,80.0,40.0,58.6,100.0,65.0,0.5862,2.46,0.603,0.0129,85,66.4,ok
C0859,100.0,75.6,66.6,100.0,91.9,59.1,0.6312,1.58,0.567,0.0061,54,77.4,94.7,75.6,66.6,100.0,72.2,59.1,0.589,2.6,0.938,0.0057,45,73.4,ok
C0860,100.0,100.0,100.0,100.0,100.0,91.0,0.6985,1.92,0.575,0.0044,40,96.0,100.0,100.0,100.0,100.0,67.6,91.0,0.6447,3.64,0.983,0.0061,84,90.5,ok
C0861,100.0,6.6,42.8,100.0,87.4,77.3,0.694,1.49,0.491,0.0059,24,64.4,100.0,6.6,42.8,100.0,66.7,77.3,0.653,2,1.0,0.0064,35,60.9,ok
C0862,100.0,100.0,100.0,100.0,89.4,59.7,0.6381,1.53,0.454,0.0046,15,90.4,88.2,100.0,100.0,100.0,79.3,59.7,0.5812,2.86,0.868,0.0062,38,87.3,ok
C0863,100.0,100.0,83.8,100.0,100.0,59.4,0.6085,2.06,0.438,0.0078,60,89.2,100.0,100.0,83.8,100.0,71.1,59.4,0.6171,3.58,0.949,0.0063,42,84.3,ok
C0864,100.0,96.7,95.3,100.0,100.0,90.3,0.6462,2.28,0.498,0.0078,74,94.2,88.3,96.7,95.3,100.0,78.7,90.3,0.5814,3.27,0.874,0.0093,77,89.2,ok
C0865,100.0,96.7,100.0,100.0,95.7,100.0,0.6133,2.57,0.708,0.0078,17,94.9,100.0,96.7,100.0,100.0,83.4,100.0,0.6002,2.87,0.828,0.0061,23,92.8,ok
C0866,100.0,98.1,80.0,95.8,100.0,87.9,0.6871,2.49,0.4,0.0066,11,89.9,100.0,98.1,80.0,100.0,100.0,87.9,0.6313,2.18,0.652,0.0056,76,90.4,ok
C0867,90.6,100.0,100.0,100.0,82.9,83.4,0.7357,2.6,0.833,0.011,21,92.4,95.3,100.0,100.0,100.0,68.6,83.4,0.6533,3.59,0.973,0.0107,52,90.5,ok
C0868,64.5,100.0,61.7,83.3,96.0,55.7,0.553,1.66,0.494,0.0097,8,76.0,97.3,100.0,61.7,100.0,88.4,55.7,0.5921,2.16,0.779,0.0063,94,80.3,ok
C0869,100.0,85.7,90.2,12.5,100.0,83.8,0.6711,2.24,0.649,0.0043,3,81.6,100.0,85.7,90.2,33.3,70.3,83.8,0.6248,3.03,0.956,0.0053,8,78.7,ok
C0870,100.0,0.0,74.5,81.2,66.7,57.9,0.6803,2,1.0,0.0059,10,61.2,100.0,0.0,74.5,89.5,66.7,57.9,0.6444,2,1.0,0.007,32,62.1,ok
C0871,100.0,100.0,97.6,87.5,77.3,88.8,0.6597,2.72,0.888,0.0075,9,87.5,100.0,100.0,97.6,100.0,67.0,88.8,0.607,3.73,0.989,0.0063,26,87.0,ok
C0872,100.0,100.0,87.3,100.0,88.9,85.1,0.6368,1.52,0.342,0.0055,16,89.4,100.0,100.0,87.3,100.0,78.4,85.1,0.6616,2.19,0.877,0.0052,25,87.6,ok
C0873,90.6,100.0,100.0,58.3,96.5,83.0,0.6983,2.2,0.7,0.011,2,87.0,100.0,100.0,100.0,100.0,97.6,83.0,0.6753,2.5,0.689,0.0059,19,92.5,ok
C0874,100.0,100.0,94.4,100.0,79.7,94.9,0.7408,3.42,0.865,0.0062,38,87.8,100.0,100.0,94.4,55.0,78.1,94.9,0.7321,4.04,0.88,0.0062,132,83.0,ok
C0875,100.0,100.0,95.3,100.0,100.0,62.8,0.7535,1.93,0.487,0.0084,18,92.3,92.4,100.0,95.3,100.0,66.7,62.8,0.5862,4.26,0.992,0.0076,13,85.8,ok
C0876,100.0,51.1,54.7,32.3,66.7,100.0,0.656,3.95,0.992,0.0072,7,61.9,100.0,51.1,54.7,49.0,66.7,100.0,0.6518,4,1.0,0.0072,11,63.6,ok
C0877,100.0,90.6,100.0,100.0,100.0,94.1,0.6477,1.87,0.633,0.0085,26,94.4,100.0,90.6,100.0,100.0,68.4,94.1,0.6054,2.77,0.975,0.0083,47,89.1,ok
C0878,100.0,100.0,81.0,97.5,79.4,89.7,0.6633,2.93,0.867,0.0085,98,87.5,100.0,100.0,81.0,63.7,66.7,89.7,0.6383,3.56,0.999,0.008,125,81.8,ok
C0879,84.4,75.0,92.8,62.3,73.1,90.4,0.7302,3.91,0.929,0.0114,84,77.9,84.4,75.0,92.8,56.0,68.6,90.4,0.7124,4.31,0.973,0.0114,101,76.5,ok
C0880,100.0,65.6,65.7,100.0,89.2,100.0,0.6131,2.84,0.772,0.0061,34,81.9,99.5,65.6,65.7,100.0,68.9,100.0,0.5947,3.78,0.97,0.0061,39,78.4,ok
C0881,100.0,100.0,33.6,100.0,79.8,74.9,0.6568,1.91,0.864,0.0104,47,74.9,100.0,100.0,33.6,100.0,78.1,74.9,0.5989,2.66,0.88,0.0092,34,74.6,ok
C0882,100.0,68.6,78.8,100.0,91.0,57.5,0.636,2.58,0.754,0.0062,52,79.9,77.8,68.6,78.8,100.0,66.7,57.5,0.5688,3.86,0.998,0.006,70,73.1,ok
C0883,100.0,100.0,72.0,100.0,81.6,73.3,0.7548,1.45,0.254,0.005,15,84.5,100.0,100.0,72.0,100.0,71.6,73.3,0.6298,2.37,0.944,0.0056,83,82.7,ok
C0884,79.7,100.0,71.9,55.7,76.4,81.9,0.7028,1.37,0.244,0.0117,9,75.6,81.3,100.0,71.9,68.2,70.2,81.9,0.6323,2.55,0.957,0.0116,28,76.0,ok
C0885,87.5,100.0,69.8,91.7,61.3,63.1,0.6801,1.2,0.188,0.0037,10,77.4,95.0,100.0,69.8,100.0,72.6,63.1,0.5893,2.5,0.934,0.0058,39,81.0,ok
C0886,50.0,83.3,52.3,66.7,52.2,91.8,0.8215,1.14,0.136,0.0009,4,65.9,100.0,83.3,52.3,100.0,86.0,91.8,0.6368,1.8,0.803,0.0045,30,81.0,ok
C0887,100.0,100.0,42.8,70.8,54.9,100.0,0.7492,1.18,0.142,0.0069,5,70.7,91.7,100.0,42.8,100.0,66.7,100.0,0.6869,2.04,1.0,0.0039,23,74.7,ok
C0888,91.7,52.4,44.6,100.0,95.6,72.5,0.6209,2.15,0.709,0.0039,23,71.4,91.7,52.4,44.6,100.0,81.0,72.5,0.6191,2.39,0.852,0.0039,57,68.9,ok
C0889,66.7,88.4,63.6,83.3,52.6,87.8,0.6322,1.17,0.126,0.0027,8,72.9,83.2,88.4,63.6,100.0,67.5,87.8,0.5926,2.69,0.984,0.0036,46,79.1,ok
C0890,100.0,61.1,58.7,60.5,79.4,86.8,0.6381,2.77,0.867,0.0063,17,71.5,100.0,61.1,58.7,60.5,67.0,86.8,0.6043,3.71,0.989,0.0063,31,69.3,ok
C0891,56.2,50.7,37.4,84.1,93.4,85.0,0.6758,1.61,0.614,0.0022,12,64.9,70.8,50.7,37.4,67.4,71.3,85.0,0.6667,1.95,0.947,0.0029,8,61.1,ok
C0892,100.0,100.0,98.4,100.0,54.7,66.6,0.6741,1.2,0.131,0.0052,53,84.8,100.0,100.0,98.4,100.0,74.8,66.6,0.643,2.21,0.912,0.0057,92,88.2,ok
C0893,0.0,85.0,62.1,75.0,33.3,79.0,0.0,1,0.0,0.0,6,57.4,93.8,85.0,62.1,100.0,75.5,79.0,0.652,1.91,0.906,0.004,18,78.3,ok
C0894,50.0,78.9,48.7,75.0,53.0,62.0,0.8787,1.14,0.143,0.0018,6,60.0,91.7,78.9,48.7,100.0,70.2,62.0,0.6505,1.96,0.957,0.0039,26,70.5,ok
C0895,100.0,100.0,70.0,42.8,95.9,90.4,0.8342,1.97,0.706,0.0071,7,82.4,100.0,100.0,70.0,55.3,85.1,90.4,0.6975,2.42,0.812,0.0048,10,81.8,ok
C0896,79.2,92.7,51.9,83.3,49.9,97.7,0.8787,1.12,0.125,0.0033,8,71.2,89.6,92.7,51.9,100.0,78.3,97.7,0.6601,1.88,0.878,0.0038,13,79.0,ok
C0897,88.3,82.0,100.0,100.0,100.0,66.2,0.5814,2.35,0.579,0.0086,72,87.8,77.4,82.0,100.0,71.2,72.3,66.2,0.5684,3.16,0.937,0.0073,119,78.8,ok
C0898,100.0,99.9,96.1,83.3,97.0,76.0,0.6413,1.68,0.451,0.0054,8,90.7,100.0,99.9,96.1,100.0,66.7,76.0,0.7368,2.65,1.0,0.0044,30,87.2,ok
C0899,95.3,100.0,92.9,34.2,75.2,70.6,0.8944,2.59,0.909,0.0107,1,80.1,90.6,100.0,92.9,75.8,70.4,70.6,0.7125,3.31,0.955,0.011,11,83.0,ok
C0900,100.0,100.0,80.0,100.0,92.0,74.8,0.7626,1.59,0.282,0.0058,28,89.0,100.0,100.0,80.0,100.0,72.0,74.8,0.6257,2.52,0.94,0.007,49,85.6,ok
C0901,36.2,35.0,87.6,100.0,100.0,0.0,0.5788,2.2,0.562,0.0178,57,62.3,31.6,35.0,87.6,100.0,94.3,0.0,0.5734,2.35,0.722,0.0176,75,60.8,ok
C0902,89.6,100.0,85.2,91.7,100.0,94.1,0.7613,2.14,0.571,0.0038,10,92.1,89.6,100.0,85.2,100.0,69.5,94.1,0.6383,2.74,0.964,0.0038,24,87.7,ok
C0903,100.0,100.0,100.0,75.0,83.3,90.9,0.8195,1.41,0.288,0.0066,6,88.6,100.0,100.0,100.0,92.5,68.0,90.9,0.6221,2.47,0.979,0.0055,102,87.8,ok
C0904,100.0,100.0,100.0,58.8,100.0,54.0,0.6693,1.78,0.508,0.0055,129,86.5,100.0,100.0,100.0,50.0,79.0,54.0,0.6427,2.44,0.871,0.0052,244,82.0,ok
C0905,85.4,100.0,38.3,79.9,89.9,76.2,0.7306,1.54,0.537,0.0036,11,71.5,85.4,100.0,38.3,84.1,66.7,76.2,0.7409,2,1.0,0.0036,14,67.9,ok
C0906,100.0,100.0,78.7,100.0,99.6,90.4,0.6478,2.55,0.67,0.0066,18,90.1,100.0,100.0,78.7,100.0,91.2,90.4,0.6186,2.5,0.752,0.0065,45,88.7,ok
C0907,100.0,77.8,65.3,73.8,98.0,77.1,0.6443,1.7,0.513,0.0055,117,79.3,83.6,77.8,65.3,87.5,71.4,77.1,0.5758,3.07,0.946,0.0063,106,74.3,ok
C0908,95.8,100.0,65.9,100.0,62.2,85.9,0.6815,1.21,0.191,0.0041,30,80.1,94.3,100.0,65.9,100.0,69.1,85.9,0.5885,2.77,0.968,0.005,34,81.1,ok
C0909,93.8,100.0,91.0,100.0,84.2,69.4,0.7352,2.52,0.821,0.004,73,87.4,70.3,100.0,91.0,100.0,74.6,69.4,0.5673,3.7,0.914,0.004,77,82.9,ok
C0910,100.0,100.0,100.0,50.0,84.3,52.8,0.6705,2.71,0.82,0.0085,183,84.6,100.0,100.0,100.0,50.0,67.7,52.8,0.6548,3.81,0.982,0.0063,373,81.8,ok
C0911,100.0,88.7,96.0,82.7,82.0,78.5,0.602,1.4,0.279,0.009,18,85.5,73.4,88.7,96.0,82.7,66.7,78.5,0.5636,2.91,0.994,0.0066,12,79.7,ok
C0912,100.0,91.7,93.6,100.0,63.4,96.4,0.7349,1.27,0.176,0.0094,20,86.9,100.0,91.7,93.6,100.0,72.1,96.4,0.618,2.69,0.939,0.0071,51,88.3,ok
C0913,68.8,100.0,79.0,100.0,69.7,85.8,0.673,3.52,0.962,0.0028,34,79.2,100.0,100.0,79.0,100.0,66.7,85.8,0.6763,4.51,1.0,0.0051,30,82.4,ok
C0914,100.0,100.0,56.3,70.8,57.7,83.1,0.8859,1.2,0.157,0.005,5,73.9,100.0,100.0,56.3,100.0,89.7,83.1,0.6147,1.98,0.767,0.0063,40,82.3,ok
C0915,100.0,57.6,56.3,50.2,92.1,80.9,0.6041,2.81,0.743,0.0074,9,72.1,90.3,57.6,56.3,62.7,72.2,80.9,0.5837,3.68,0.938,0.0074,31,68.8,ok
C0916,100.0,100.0,100.0,100.0,100.0,93.3,0.625,1.74,0.442,0.0059,20,96.4,100.0,100.0,100.0,100.0,74.2,93.3,0.6176,2.73,0.918,0.0043,69,92.1,ok
C0917,100.0,86.4,80.0,100.0,94.4,67.8,0.6118,1.63,0.462,0.0062,96,86.6,73.2,86.4,80.0,96.2,81.5,67.8,0.5633,3.0,0.847,0.0062,99,80.8,ok
C0918,100.0,93.1,98.8,76.0,42.0,56.2,0.6287,1.08,0.074,0.0043,36,77.6,100.0,93.1,98.8,76.0,71.3,56.2,0.6275,2.07,0.947,0.0054,54,82.6,ok
C0919,100.0,100.0,100.0,50.0,57.8,95.0,0.6506,1.2,0.158,0.0062,45,83.3,100.0,100.0,100.0,35.0,84.4,95.0,0.6577,2.02,0.819,0.0054,108,86.3,ok
C0920,0.0,100.0,71.7,100.0,33.3,78.3,0.0,1,0.0,0.0,32,63.7,93.8,100.0,71.7,100.0,75.2,78.3,0.6583,1.91,0.909,0.004,52,81.9,ok
C0921,100.0,99.1,56.3,100.0,82.3,85.4,0.6159,1.39,0.379,0.0052,96,83.1,87.3,99.1,56.3,100.0,72.4,85.4,0.5802,2.6,0.936,0.0054,96,79.9,ok
C0922,100.0,62.8,56.3,95.8,83.0,97.3,0.7054,3.13,0.832,0.0061,11,76.2,100.0,62.8,56.3,100.0,74.1,97.3,0.6546,3.58,0.919,0.006,20,75.1,ok
C0923,76.3,100.0,100.0,100.0,72.4,92.8,0.5671,2.63,0.936,0.0048,23,88.1,57.1,100.0,100.0,100.0,71.5,92.8,0.5442,3.2,0.945,0.0054,40,85.7,ok
C0924,75.0,100.0,43.3,100.0,45.4,99.1,0.8353,1.1,0.095,0.0031,12,71.7,85.4,100.0,43.3,100.0,74.3,99.1,0.7129,1.92,0.917,0.0036,32,77.9,ok
C0925,77.1,100.0,50.6,72.5,81.8,71.5,0.7255,1.38,0.374,0.0032,118,74.5,79.2,100.0,50.6,50.0,80.4,71.5,0.7075,1.87,0.858,0.0033,136,72.2,ok
C0926,73.8,96.7,90.5,100.0,100.0,55.7,0.5641,2.08,0.63,0.0079,24,84.7,100.0,96.7,90.5,90.0,86.5,55.7,0.643,2.45,0.798,0.0066,104,84.5,ok
C0927,50.0,100.0,100.0,100.0,92.4,93.1,0.7643,2.66,0.74,0.0169,18,88.6,100.0,100.0,100.0,100.0,77.4,93.1,0.6766,3.6,0.887,0.0086,38,91.9,ok
C0928,100.0,100.0,91.6,79.2,100.0,93.4,0.7337,2.86,0.605,0.0066,7,88.3,100.0,100.0,91.6,100.0,86.1,93.4,0.6959,2.57,0.802,0.0061,22,88.1,ok
C0929,100.0,100.0,100.0,100.0,98.8,56.9,0.5974,2.52,0.678,0.0061,76,92.3,93.4,100.0,100.0,100.0,71.8,56.9,0.5874,3.48,0.942,0.0068,52,87.0,ok
C0930,81.3,100.0,81.3,97.7,83.1,33.3,0.622,4.17,0.831,0.0116,93,79.1,73.4,100.0,81.3,97.7,70.8,33.3,0.641,4.81,0.952,0.0121,80,76.1,ok
C0931,100.0,80.0,94.0,100.0,88.1,96.1,0.6216,2.36,0.782,0.0072,13,89.1,100.0,80.0,94.0,100.0,84.3,96.1,0.6078,2.68,0.82,0.0072,33,88.5,ok
C0932,100.0,10.0,71.5,82.3,66.7,100.0,0.6892,3.79,1.0,0.007,25,67.3,100.0,10.0,71.5,82.3,66.7,100.0,0.6549,4.11,1.0,0.007,33,67.3,ok
C0933,98.4,100.0,55.0,100.0,66.7,75.2,0.6651,2.2,1.0,0.0105,20,76.7,100.0,100.0,55.0,100.0,89.4,75.2,0.6062,2.65,0.77,0.0097,14,80.7,ok
C0934,66.7,100.0,100.0,100.0,98.5,100.0,0.7275,1.71,0.423,0.0027,14,91.1,77.1,100.0,100.0,100.0,87.1,100.0,0.7124,2.04,0.792,0.0032,30,90.4,ok
C0935,100.0,60.0,49.4,50.0,75.1,85.9,0.691,3.59,0.91,0.0064,17,66.1,100.0,60.0,49.4,50.0,66.7,85.9,0.6874,4.08,1.0,0.0064,22,64.7,ok
C0936,100.0,68.8,100.0,50.0,71.8,94.2,0.6234,4.82,0.942,0.0078,148,80.8,100.0,68.8,100.0,50.0,66.7,94.2,0.605,5.29,0.997,0.0072,151,80.0,ok
C0937,84.4,98.9,71.8,100.0,98.5,85.7,0.6319,1.88,0.273,0.0114,13,85.9,100.0,98.9,71.8,100.0,90.4,85.7,0.6155,3.4,0.76,0.0063,82,86.4,ok
C0938,100.0,100.0,100.0,97.5,98.9,79.6,0.6011,2.22,0.677,0.0087,98,93.5,100.0,100.0,100.0,50.0,76.0,79.6,0.65,2.76,0.901,0.0062,231,84.8,ok
C0939,92.0,100.0,80.3,57.0,49.9,72.5,0.5858,1.12,0.125,0.0062,2,75.6,97.9,100.0,80.3,98.6,93.8,72.5,0.6374,1.72,0.717,0.0042,16,88.0,ok
C0940,68.6,66.7,89.4,52.3,66.7,88.6,0.5579,3.49,1.0,0.0101,6,72.0,53.5,66.7,89.4,68.9,66.7,88.6,0.5399,4.13,1.0,0.0079,10,71.9,ok
C0941,100.0,43.3,95.4,5.0,86.9,66.2,0.6516,1.48,0.317,0.0065,132,71.0,100.0,43.3,95.4,0.0,67.6,66.2,0.6258,1.3,0.199,0.007,632,67.3,ok
C0942,100.0,33.3,43.9,37.5,84.8,58.1,0.6123,1.44,0.44,0.0046,9,54.4,100.0,33.3,43.9,41.7,83.8,58.1,0.6219,1.42,0.417,0.0046,10,54.6,ok
C0943,0.0,100.0,55.6,100.0,38.2,93.7,1.0398,1.04,0.042,0.0015,21,65.0,100.0,100.0,55.6,100.0,67.6,93.7,0.6484,2.19,0.983,0.0049,64,81.9,ok
C0944,92.0,89.2,44.5,50.0,66.7,71.2,0.5858,2,1.0,0.009,0,66.4,100.0,89.2,44.5,100.0,66.7,71.2,0.6495,2.09,1.0,0.0052,42,72.5,ok
C0945,100.0,66.7,76.7,100.0,68.4,84.3,0.6084,3.66,0.975,0.0063,74,78.8,100.0,66.7,76.7,100.0,67.4,84.3,0.6428,3.96,0.985,0.005,93,78.6,ok
C0946,100.0,70.0,69.8,58.8,100.0,64.6,0.6062,1.96,0.581,0.0062,129,75.9,76.8,70.0,69.8,50.0,70.7,64.6,0.5676,2.94,0.953,0.0062,137,67.3,ok
C0947,100.0,92.6,76.3,100.0,81.0,93.7,0.6775,1.52,0.218,0.0065,14,87.4,89.3,92.6,76.3,100.0,72.3,93.7,0.5826,2.9,0.937,0.0064,25,84.6,ok
C0948,100.0,56.7,59.6,95.8,100.0,90.8,0.6328,1.87,0.612,0.0085,11,77.4,100.0,56.7,59.6,100.0,69.0,90.8,0.629,2.47,0.969,0.0065,24,72.5,ok
C0949,100.0,89.2,80.0,79.4,94.9,77.9,0.6305,1.64,0.454,0.0063,110,86.4,100.0,89.2,80.0,46.9,75.1,77.9,0.5995,2.71,0.91,0.0066,165,79.7,ok
C0950,100.0,77.8,60.0,66.7,42.5,93.9,0.759,1.18,0.035,0.0051,4,71.0,79.2,77.8,60.0,100.0,92.7,93.9,0.6494,1.81,0.737,0.0033,33,80.4,ok
C0951,50.0,98.3,86.6,81.3,33.9,45.1,0.8787,1.0,0.005,0.0012,32,67.5,100.0,98.3,86.6,81.3,66.9,45.1,0.6231,1.99,0.99,0.0053,68,79.1,ok
C0952,64.6,85.5,62.7,87.5,62.7,74.1,0.8787,1.2,0.2,0.0026,9,70.2,89.6,85.5,62.7,100.0,78.3,74.1,0.6585,1.88,0.878,0.0038,23,77.1,ok
C0953,100.0,100.0,80.0,100.0,100.0,63.9,0.665,1.99,0.651,0.0088,39,87.1,100.0,100.0,80.0,100.0,66.7,63.9,0.6335,3.52,1.0,0.007,30,81.4,ok
C0954,95.1,82.6,89.3,87.5,65.4,53.6,0.5895,1.24,0.206,0.0063,9,77.9,100.0,82.6,89.3,100.0,81.0,53.6,0.6068,2.24,0.852,0.0056,26,82.4,ok
C0955,100.0,76.3,61.7,100.0,40.3,57.6,0.7708,1.07,0.06,0.0048,14,69.6,100.0,76.3,61.7,100.0,71.2,57.6,0.5965,2.59,0.948,0.0046,44,74.9,ok
C0956,70.8,84.6,76.1,95.8,57.6,87.1,0.6803,1.18,0.165,0.0029,11,78.1,100.0,84.6,76.1,100.0,66.7,87.1,0.5999,2.82,1.0,0.0049,18,83.6,ok
C0957,100.0,79.9,81.5,86.5,100.0,85.8,0.6169,2.2,0.617,0.0068,95,86.6,93.8,79.9,81.5,36.5,69.0,85.8,0.5879,3.17,0.969,0.0066,170,75.5,ok
C0958,96.5,100.0,96.4,100.0,100.0,43.2,0.5911,1.91,0.642,0.0059,59,89.7,93.3,100.0,96.4,100.0,92.0,43.2,0.5873,2.49,0.744,0.0066,70,88.0,ok
C0959,100.0,91.9,94.5,100.0,70.2,88.1,0.7231,1.27,0.234,0.0056,24,86.8,94.0,91.9,94.5,100.0,66.7,88.1,0.5881,2.81,0.995,0.0058,32,85.5,ok
C0960,0.0,82.1,45.9,16.5,33.3,65.5,0.0,1,0.0,0.0,2,46.3,100.0,82.1,45.9,58.2,68.7,65.5,0.6446,2.03,0.972,0.005,23,68.4,ok
C0961,0.0,0.0,9.4,0.0,16.7,0.0,0.0,1,0.0,0.0,0,4.6,0.0,0.0,9.4,0.0,16.7,0.0,0.0,1,0.0,0.0,0,4.6,ok
C0962,100.0,100.0,72.7,100.0,74.9,84.5,0.6941,1.29,0.266,0.0045,62,85.7,100.0,100.0,72.7,100.0,70.4,84.5,0.611,2.6,0.955,0.0054,88,84.9,ok
C0963,50.0,81.3,96.3,91.7,48.7,95.2,0.8512,1.14,0.106,0.0018,10,77.9,83.3,81.3,96.3,100.0,66.7,95.2,0.6057,2.8,0.992,0.0035,30,85.8,ok
C0964,98.4,89.7,70.1,100.0,100.0,82.3,0.5974,1.78,0.402,0.0105,13,87.2,100.0,89.7,70.1,100.0,70.3,82.3,0.6449,2.47,0.956,0.006,30,82.3,ok
C0965,100.0,89.8,75.1,100.0,37.9,87.5,0.739,1.06,0.039,0.0078,18,77.3,100.0,89.8,75.1,100.0,67.4,87.5,0.6173,2.75,0.985,0.0078,25,82.4,ok
C0966,100.0,89.0,95.8,100.0,97.0,81.6,0.6462,1.68,0.473,0.0063,84,92.2,100.0,89.0,95.8,100.0,76.8,81.6,0.6123,2.47,0.893,0.0059,89,88.8,ok
C0967,100.0,92.1,91.7,100.0,75.5,66.9,0.6842,1.31,0.262,0.0054,34,84.4,100.0,92.1,91.7,86.2,71.5,66.9,0.6114,2.42,0.945,0.0053,107,82.3,ok
C0968,0.0,100.0,65.1,66.7,33.3,83.3,0.0,1,0.0,0.0,4,61.2,100.0,100.0,65.1,100.0,89.4,83.3,0.6316,1.53,0.533,0.0052,36,86.0,ok
C0969,100.0,94.4,100.0,100.0,92.4,96.9,0.7142,1.59,0.412,0.0047,12,93.7,95.8,94.4,100.0,100.0,76.7,96.9,0.6711,2.09,0.894,0.0041,54,90.6,ok
C0970,100.0,96.3,100.0,100.0,86.4,69.7,0.6366,1.47,0.392,0.0052,66,89.5,100.0,96.3,100.0,87.5,72.1,69.7,0.6247,2.35,0.939,0.0051,106,85.8,ok
C0971,100.0,70.1,48.9,46.1,81.8,66.9,0.5966,1.38,0.375,0.0062,2,63.4,100.0,70.1,48.9,71.1,67.9,66.9,0.644,2.22,0.98,0.0044,8,63.6,ok
C0972,100.0,78.0,95.7,100.0,54.1,85.4,0.7651,1.18,0.135,0.005,21,83.7,92.7,78.0,95.7,100.0,67.6,85.4,0.5866,2.6,0.983,0.0052,38,85.1,ok
C0973,87.5,94.6,77.1,100.0,52.9,92.4,0.6683,1.16,0.133,0.0037,37,80.4,100.0,94.6,77.1,100.0,71.7,92.4,0.6597,2.37,0.943,0.0044,49,85.1,ok
C0974,89.6,90.4,55.8,83.3,100.0,89.5,0.861,2.2,0.3,0.0038,8,81.6,89.6,90.4,55.8,100.0,81.0,89.5,0.638,2.1,0.852,0.0038,18,80.1,ok
C0975,80.7,8.3,47.2,95.8,66.7,34.5,0.5723,5.98,1.0,0.0099,11,56.5,31.3,8.3,47.2,100.0,63.0,34.5,0.5318,7.67,0.99,0.0116,12,50.4,ok
C0976,100.0,73.3,100.0,60.0,78.8,41.2,0.7394,3.28,0.873,0.0102,128,79.1,100.0,73.3,100.0,50.0,80.1,41.2,0.6643,3.83,0.861,0.0079,224,78.3,ok
C0977,100.0,66.8,88.3,100.0,91.0,69.9,0.6016,2.69,0.754,0.0057,66,84.0,74.2,66.8,88.3,81.2,68.9,69.9,0.5645,3.79,0.97,0.0059,111,75.3,ok
C0978,91.7,49.0,100.0,84.0,70.8,32.7,0.5854,1.31,0.222,0.0098,11,73.4,100.0,49.0,100.0,88.2,87.4,32.7,0.6735,1.49,0.372,0.0077,38,77.7,ok
C0979,100.0,100.0,80.1,100.0,100.0,86.0,0.6245,2.05,0.606,0.0062,83,90.1,100.0,100.0,80.1,50.0,95.2,86.0,0.6035,2.33,0.713,0.0064,158,84.2,ok
C0980,100.0,100.0,71.7,100.0,87.9,76.1,0.7532,1.5,0.295,0.0052,12,85.8,100.0,100.0,71.7,100.0,72.7,76.1,0.624,2.37,0.933,0.0058,82,83.2,ok
C0981,100.0,90.4,79.3,100.0,73.4,61.2,0.63,1.31,0.244,0.0075,40,82.2,97.5,90.4,79.3,100.0,69.4,61.2,0.5923,2.79,0.965,0.0072,44,81.3,ok
C0982,100.0,70.3,43.5,70.0,70.6,81.2,0.7619,5.13,0.954,0.0069,43,66.0,100.0,70.3,43.5,70.0,66.7,81.2,0.7488,5.8,1.0,0.0074,81,65.3,ok
C0983,100.0,75.2,100.0,100.0,48.8,78.2,0.6981,1.19,0.085,0.0043,20,81.4,100.0,75.2,100.0,50.0,95.5,78.2,0.6672,1.91,0.71,0.0046,168,84.3,ok
C0984,75.0,100.0,29.4,100.0,94.4,82.2,0.7227,1.63,0.627,0.0031,23,72.4,75.0,100.0,29.4,100.0,94.1,82.2,0.723,1.7,0.704,0.0031,33,72.4,ok
C0985,100.0,100.0,73.8,100.0,83.8,93.5,0.6695,1.42,0.297,0.0049,30,87.3,100.0,100.0,73.8,100.0,73.3,93.5,0.6143,2.56,0.927,0.0053,47,85.5,ok
C0986,100.0,75.5,78.7,100.0,100.0,78.1,0.6596,1.74,0.596,0.0058,34,85.7,100.0,75.5,78.7,100.0,69.9,78.1,0.6206,2.6,0.96,0.0052,58,80.6,ok
C0987,70.8,79.3,62.2,100.0,61.0,78.8,0.7426,1.21,0.181,0.0029,20,72.6,100.0,79.3,62.2,100.0,66.7,78.8,0.6227,2.8,0.995,0.0052,20,77.1,ok
C0988,100.0,61.1,43.2,100.0,100.0,67.8,0.6244,2.56,0.631,0.0061,39,71.2,100.0,61.1,43.2,100.0,98.9,67.8,0.6159,2.74,0.677,0.0061,55,71.0,ok
C0989,100.0,73.3,78.7,50.5,73.0,83.3,0.6828,3.58,0.93,0.0063,7,72.2,100.0,73.3,78.7,58.9,66.7,83.3,0.6756,3.98,1.0,0.0063,9,72.0,ok
C0990,100.0,100.0,94.4,100.0,79.7,94.9,0.7408,3.42,0.865,0.0062,38,87.8,100.0,100.0,94.4,55.0,78.1,94.9,0.7321,4.04,0.88,0.0062,132,83.0,ok
C0991,100.0,100.0,100.0,83.3,87.9,98.2,0.6578,1.5,0.308,0.0063,8,91.8,100.0,100.0,100.0,100.0,66.7,98.2,0.68,2.46,1.0,0.0046,16,89.9,ok
C0992,100.0,42.2,62.4,100.0,79.2,100.0,0.7175,2.81,0.869,0.0056,15,76.2,100.0,42.2,62.4,100.0,66.7,100.0,0.6707,3.68,1.0,0.0059,22,74.0,ok
C0993,85.4,99.9,100.0,100.0,83.3,82.3,0.6591,1.41,0.409,0.0036,22,88.6,100.0,99.9,100.0,100.0,69.8,82.3,0.6979,1.97,0.961,0.0044,23,88.0,ok
C0994,98.7,100.0,90.8,100.0,100.0,45.7,0.5938,2.31,0.565,0.0066,93,87.2,100.0,100.0,90.8,50.0,88.4,45.7,0.6085,2.63,0.779,0.006,202,80.3,ok
C0995,100.0,72.3,77.5,100.0,91.4,87.4,0.6417,1.57,0.419,0.0054,37,83.9,93.8,72.3,77.5,100.0,71.7,87.4,0.5879,2.97,0.943,0.0057,54,79.8,ok
C0996,100.0,100.0,100.0,85.0,93.8,59.0,0.6614,2.62,0.727,0.0069,108,89.7,100.0,100.0,100.0,56.2,77.5,59.0,0.603,3.3,0.886,0.0061,131,84.0,ok
C0997,100.0,78.1,85.2,100.0,83.3,80.0,0.6819,1.45,0.268,0.0063,45,85.9,97.2,78.1,85.2,100.0,70.1,80.0,0.592,3.03,0.958,0.0064,89,83.4,ok
C0998,100.0,100.0,51.6,100.0,81.2,85.8,0.7211,3.28,0.85,0.0055,32,77.1,100.0,100.0,51.6,100.0,78.6,85.8,0.7227,3.28,0.875,0.0055,52,76.6,ok
C0999,100.0,100.0,95.7,100.0,100.0,100.0,0.7635,1.9,0.6,0.0065,21,94.3,100.0,100.0,95.7,100.0,76.9,100.0,0.6867,2.26,0.892,0.005,47,90.4,ok
C1000,100.0,78.3,83.2,100.0,98.0,68.7,0.6616,1.7,0.484,0.0066,58,86.0,90.5,78.3,83.2,100.0,73.8,68.7,0.584,2.76,0.922,0.0065,85,80.8,ok
C1001,37.3,11.7,40.0,79.2,66.7,80.7,0.5802,7.11,1.0,0.0173,7,54.8,100.0,11.7,40.0,83.3,66.7,80.7,0.6385,7,1.0,0.0102,8,62.6,ok
C1002,56.5,83.8,81.7,58.3,100.0,77.5,0.5435,2,0.3,0.0048,2,76.7,79.2,83.8,81.7,100.0,89.1,77.5,0.6374,2.09,0.773,0.0033,24,81.8,ok
C1003,100.0,70.0,89.4,54.1,77.2,100.0,0.7277,3.24,0.889,0.0057,6,78.2,100.0,70.0,89.4,79.1,66.7,100.0,0.7097,3.82,1.0,0.0057,15,78.9,ok
C1004,87.5,100.0,61.3,100.0,83.7,76.1,0.5804,3.69,0.825,0.0055,36,76.1,80.2,100.0,61.3,100.0,74.2,76.1,0.5717,4.01,0.918,0.0055,59,73.6,ok
C1005,81.2,94.4,100.0,100.0,69.4,99.8,0.7032,1.3,0.214,0.0034,13,88.1,83.3,94.4,100.0,100.0,80.5,99.8,0.6811,2.12,0.857,0.0035,41,90.2,ok
C1006,93.0,100.0,44.6,66.4,93.7,27.9,0.587,2.41,0.728,0.0084,43,69.1,77.1,100.0,44.6,66.4,95.6,27.9,0.568,2.43,0.709,0.009,61,67.5,ok
C1007,100.0,96.7,89.1,100.0,100.0,48.4,0.7379,2.48,0.604,0.0085,54,86.5,100.0,96.7,89.1,50.0,100.0,48.4,0.7012,1.97,0.463,0.0087,238,81.4,ok
C1008,10.2,100.0,49.4,100.0,99.2,89.7,0.5478,2.44,0.674,0.0168,28,73.6,23.9,100.0,49.4,100.0,100.0,89.7,0.5642,2.09,0.536,0.0155,67,75.3,ok
C1009,95.8,99.7,100.0,100.0,76.2,96.0,0.7557,2.29,0.899,0.0041,18,90.4,100.0,99.7,100.0,100.0,68.5,96.0,0.6777,4.04,0.974,0.0056,66,89.6,ok
C1010,100.0,86.6,98.0,0.0,92.9,73.7,0.6257,1.6,0.4,0.0052,0,79.3,100.0,86.6,98.0,12.5,99.0,73.7,0.64,1.72,0.553,0.0052,3,81.6,ok
C1011,100.0,100.0,100.0,100.0,100.0,60.7,0.8231,1.86,0.595,0.0047,41,90.9,100.0,100.0,100.0,90.0,78.2,60.7,0.6327,2.6,0.879,0.0045,104,86.2,ok
C1012,100.0,100.0,87.0,81.8,99.4,94.1,0.6693,1.85,0.672,0.0058,18,88.1,100.0,100.0,87.0,81.8,68.0,94.1,0.672,2.29,0.979,0.0051,24,82.8,ok
C1013,100.0,73.3,89.2,100.0,96.9,91.8,0.6417,2.34,0.696,0.0077,16,90.4,100.0,73.3,89.2,100.0,66.7,91.8,0.5965,3.33,0.995,0.0075,26,85.3,ok
C1014,100.0,100.0,100.0,100.0,93.9,91.1,0.6534,1.62,0.544,0.0098,56,92.9,100.0,100.0,100.0,100.0,66.7,91.1,0.6545,2.33,1.0,0.0053,70,88.2,ok
C1015,100.0,66.7,34.7,50.0,66.7,100.0,0.6705,3.98,1.0,0.0063,17,60.6,100.0,66.7,34.7,50.0,66.7,100.0,0.6669,4,1.0,0.0063,23,60.6,ok
C1016,100.0,82.2,100.0,73.0,66.7,40.0,0.777,3.59,1.0,0.0099,9,76.0,100.0,82.2,100.0,85.5,66.7,40.0,0.6948,4.16,1.0,0.0076,14,77.3,ok
C1017,100.0,100.0,99.4,66.7,85.2,100.0,0.6438,2.3,0.811,0.0057,4,90.0,100.0,100.0,99.4,100.0,89.3,100.0,0.6543,2.55,0.771,0.0048,32,94.1,ok
C1018,11.6,100.0,80.0,70.8,62.7,82.8,1.0,1.2,0.2,0.0018,5,68.8,58.3,100.0,80.0,100.0,66.7,82.8,0.8008,2,1.0,0.0023,32,78.0,ok
C1019,0.0,0.0,29.4,12.5,33.3,77.0,0.0,1,0.0,0.0,3,29.5,0.0,0.0,29.4,20.8,33.3,77.0,0.0,1,0.0,0.0,5,30.3,ok
C1020,100.0,100.0,100.0,36.5,86.0,92.9,0.8226,2.95,0.803,0.0062,146,88.3,100.0,100.0,100.0,36.5,72.9,92.9,0.6887,4.29,0.931,0.0052,217,86.0,ok
C1021,100.0,73.3,71.7,58.3,68.3,97.1,0.6529,3.82,0.976,0.0062,8,72.5,100.0,73.3,71.7,75.0,66.7,97.1,0.6374,3.96,1.0,0.0063,18,73.9,ok
C1022,100.0,66.7,100.0,27.4,79.7,100.0,0.6664,2.95,0.865,0.0066,2,80.7,100.0,66.7,100.0,48.3,66.7,100.0,0.6065,3.98,1.0,0.0067,7,80.6,ok
C1023,86.7,100.0,100.0,100.0,78.6,100.0,0.5795,2.53,0.875,0.0046,24,92.9,100.0,100.0,100.0,100.0,69.3,100.0,0.6163,4.21,0.966,0.0058,63,92.9,ok
C1024,100.0,70.0,86.8,83.3,66.7,99.3,0.692,3.71,1.0,0.0072,8,78.4,100.0,70.0,86.8,91.7,66.7,99.3,0.6669,4,1.0,0.0069,10,79.3,ok
C1025,92.5,94.4,100.0,100.0,80.4,94.7,0.5864,1.47,0.235,0.0087,35,91.1,100.0,94.4,100.0,100.0,68.1,94.7,0.5982,4.03,0.978,0.0055,73,89.9,ok
C1026,100.0,82.5,79.8,100.0,87.4,92.8,0.6276,1.49,0.363,0.0062,64,86.5,99.7,82.5,79.8,100.0,68.1,92.8,0.595,2.81,0.978,0.0059,62,83.2,ok
C1027,50.0,27.4,94.8,58.3,82.9,75.9,0.5202,1.6,0.2,0.0043,2,66.4,50.0,27.4,94.8,62.5,66.7,75.9,0.4969,3.75,1.0,0.0043,3,64.1,ok
C1028,0.0,100.0,77.6,58.3,33.3,76.3,0.0,1,0.0,0.0,2,60.1,76.8,100.0,77.6,100.0,93.9,76.3,0.5677,1.62,0.37,0.0076,52,83.8,ok
C1029,100.0,66.7,80.0,100.0,100.0,91.7,0.6395,2.06,0.661,0.0063,73,85.1,87.5,66.7,80.0,100.0,66.8,91.7,0.5804,3.44,0.991,0.0063,70,77.9,ok
C1030,100.0,90.0,100.0,100.0,100.0,88.8,0.6013,1.82,0.406,0.0071,23,92.6,100.0,90.0,100.0,100.0,75.6,88.8,0.6348,2.56,0.905,0.0062,79,88.4,ok
C1031,79.2,66.7,80.0,95.8,43.8,75.0,0.8773,1.11,0.077,0.0033,11,72.0,88.4,66.7,80.0,100.0,74.2,75.0,0.5815,2.51,0.918,0.0067,23,78.7,ok
C1032,100.0,72.9,69.1,100.0,87.4,78.7,0.6135,2.68,0.789,0.007,63,78.8,88.1,72.9,69.1,86.2,69.9,78.7,0.5811,3.5,0.96,0.0069,107,73.0,ok
C1033,100.0,88.1,100.0,100.0,100.0,71.4,0.6921,1.74,0.469,0.0049,36,90.9,100.0,88.1,100.0,100.0,83.1,71.4,0.6331,2.56,0.831,0.0051,69,88.1,ok
C1034,100.0,100.0,100.0,100.0,78.3,81.1,0.698,1.55,0.182,0.0063,26,90.7,100.0,100.0,100.0,100.0,91.2,81.1,0.641,2.63,0.752,0.0063,66,92.9,ok
C1035,62.5,65.8,100.0,100.0,90.4,92.8,0.6863,1.55,0.552,0.0025,12,84.7,72.9,65.8,100.0,100.0,67.5,92.8,0.6778,1.98,0.984,0.003,24,82.0,ok
C1036,100.0,72.9,61.5,100.0,82.5,81.5,0.6091,1.84,0.837,0.0059,15,79.2,100.0,72.9,61.5,100.0,83.0,81.5,0.6135,2.43,0.832,0.0049,35,79.3,ok
C1037,100.0,85.8,83.0,100.0,100.0,70.0,0.6514,1.75,0.621,0.008,32,86.7,100.0,85.8,83.0,100.0,66.7,70.0,0.6022,2.88,0.993,0.0067,34,81.0,ok
C1038,79.2,77.1,48.6,100.0,41.6,57.0,0.8787,1.07,0.071,0.0033,13,63.0,93.8,77.1,48.6,100.0,94.2,57.0,0.6329,1.71,0.708,0.004,36,73.7,ok
C1039,100.0,85.0,68.3,100.0,100.0,97.1,0.6287,2.17,0.66,0.0062,59,86.4,94.1,85.0,68.3,100.0,74.5,97.1,0.5883,3.01,0.915,0.0064,59,81.4,ok
C1040,100.0,100.0,81.6,96.8,68.7,64.2,0.7394,1.34,0.191,0.0045,18,82.9,100.0,100.0,81.6,96.8,100.0,64.2,0.6829,1.74,0.636,0.0049,42,88.3,ok
C1041,85.4,96.2,88.5,100.0,46.8,82.1,0.7931,1.12,0.098,0.0036,30,81.4,100.0,96.2,88.5,100.0,68.0,82.1,0.6016,2.71,0.979,0.005,16,86.8,ok
C1042,99.4,0.0,72.8,16.7,80.3,42.6,0.8971,1.35,0.35,0.0059,4,53.6,100.0,0.0,72.8,50.0,79.6,42.6,0.7852,1.87,0.866,0.0059,14,56.9,ok
C1043,0.0,0.0,9.4,100.0,16.7,16.7,0.0,1,0.0,0.0,38,18.2,0.0,0.0,9.4,100.0,16.7,16.7,0.0,1,0.0,0.0,76,18.2,ok
C1044,100.0,80.8,100.0,100.0,67.6,67.9,0.6696,1.25,0.22,0.0089,30,83.1,100.0,80.8,100.0,100.0,67.6,67.9,0.6226,2.45,0.983,0.0066,73,83.1,ok
C1045,97.9,100.0,100.0,100.0,97.5,16.8,0.6179,1.69,0.495,0.0042,67,86.4,88.6,100.0,100.0,50.0,80.0,16.8,0.5817,2.74,0.862,0.0061,163,77.2,ok
C1046,100.0,80.0,89.4,70.8,68.8,100.0,0.7436,3.26,0.971,0.0061,5,80.0,100.0,80.0,89.4,95.8,66.7,100.0,0.6795,3.91,1.0,0.0063,11,82.2,ok
C1047,93.8,82.7,86.0,100.0,42.1,91.5,0.6851,1.07,0.075,0.004,28,79.4,100.0,82.7,86.0,100.0,69.4,91.5,0.5996,2.58,0.965,0.0046,25,84.8,ok
C1048,100.0,100.0,52.6,100.0,94.9,79.5,0.6482,1.64,0.523,0.0097,12,84.1,100.0,100.0,52.6,100.0,71.8,79.5,0.6456,2.55,0.942,0.006,16,80.2,ok
C1049,0.0,91.6,48.2,100.0,33.3,62.9,0.0,1,0.0,0.0,18,55.2,82.9,91.6,48.2,100.0,66.7,62.9,0.5749,2.77,1.0,0.0068,19,70.8,ok
C1050,100.0,100.0,76.6,87.5,76.0,65.2,0.6149,1.31,0.266,0.0055,50,82.3,93.4,100.0,76.6,37.5,78.3,65.2,0.5874,2.42,0.878,0.0058,158,76.8,ok
C1051,79.2,81.1,61.8,100.0,100.0,68.7,0.6091,1.74,0.508,0.0033,66,78.5,66.9,81.1,61.8,100.0,67.5,68.7,0.5732,2.83,0.984,0.0036,68,71.5,ok
C1052,11.6,86.4,40.0,100.0,35.7,77.7,1.0,1.02,0.02,0.0,16,55.5,100.0,86.4,40.0,100.0,68.0,77.7,0.6776,1.98,0.979,0.0052,51,71.5,ok
C1053,100.0,79.9,65.4,100.0,58.4,97.3,0.6257,1.21,0.159,0.0054,16,80.1,97.1,79.9,65.4,100.0,72.4,97.3,0.5918,2.64,0.936,0.0074,31,82.1,ok
C1054,100.0,82.9,85.3,100.0,95.9,67.5,0.6625,2.28,0.706,0.0055,52,85.2,100.0,82.9,85.3,100.0,69.7,67.5,0.5999,3.33,0.962,0.0053,70,80.8,ok
C1055,100.0,89.0,62.0,100.0,92.4,82.1,0.6389,1.59,0.48,0.0073,37,84.1,82.4,89.0,62.0,100.0,69.9,82.1,0.5743,3.32,0.96,0.0072,41,78.2,ok
C1056,100.0,84.2,80.0,100.0,95.3,83.9,0.6855,2.04,0.712,0.0071,17,88.0,100.0,84.2,80.0,100.0,66.7,83.9,0.605,3.67,1.0,0.0074,26,83.2,ok
C1057,100.0,83.3,80.0,100.0,81.9,91.5,0.7341,1.41,0.274,0.0068,13,85.6,95.2,83.3,80.0,100.0,67.0,91.5,0.5896,2.89,0.989,0.0068,33,82.4,ok
C1058,100.0,78.3,63.0,100.0,39.4,76.5,0.7823,1.05,0.052,0.0056,24,72.3,100.0,78.3,63.0,100.0,71.4,76.5,0.6017,2.53,0.946,0.0071,48,77.8,ok
C1059,100.0,100.0,98.6,50.5,100.0,91.1,0.6283,1.91,0.587,0.0051,15,88.9,62.6,100.0,98.6,50.5,66.7,91.1,0.5507,3.98,1.0,0.0063,18,78.8,ok
C1060,100.0,99.1,61.0,91.7,39.7,100.0,0.6686,1.05,0.055,0.0065,10,78.2,100.0,99.1,61.0,100.0,66.9,100.0,0.6032,2.84,0.99,0.0044,23,83.7,ok
C1061,11.6,100.0,57.1,66.7,40.2,73.5,1.0,1.06,0.059,0.0003,4,59.0,100.0,100.0,57.1,100.0,91.4,73.5,0.6612,1.57,0.57,0.0058,36,81.6,ok
C1062,100.0,73.1,98.0,54.2,84.8,89.0,0.6763,1.44,0.438,0.0092,1,79.3,100.0,73.1,98.0,62.5,92.5,89.0,0.6639,1.74,0.739,0.0091,3,81.5,ok
C1063,100.0,100.0,97.9,69.8,100.0,95.7,0.6314,1.97,0.602,0.009,36,91.9,100.0,100.0,97.9,69.8,84.3,95.7,0.6579,2.79,0.82,0.0072,44,89.2,ok
C1064,92.5,86.9,86.0,100.0,100.0,60.9,0.5864,2.1,0.641,0.0064,72,86.0,81.5,86.9,86.0,100.0,75.9,60.9,0.5733,2.6,0.902,0.0059,85,80.6,ok
C1065,100.0,95.0,47.8,45.0,83.8,74.3,0.642,1.42,0.391,0.0052,110,73.0,100.0,95.0,47.8,12.5,66.7,74.3,0.6108,2.46,0.993,0.0054,181,66.8,ok
C1066,100.0,90.4,92.3,100.0,100.0,74.7,0.6235,1.93,0.665,0.0064,22,91.7,71.8,90.4,92.3,100.0,67.1,74.7,0.5617,3.59,0.988,0.007,16,82.8,ok
C1067,100.0,79.1,46.8,100.0,84.3,79.5,0.6603,1.43,0.415,0.0056,36,76.3,96.5,79.1,46.8,100.0,66.7,79.5,0.5911,2.77,1.0,0.0053,66,72.9,ok
C1068,100.0,90.5,100.0,53.6,85.9,79.3,0.6195,2.77,0.804,0.0057,12,85.3,83.0,90.5,100.0,53.6,70.7,79.3,0.575,3.76,0.953,0.0053,12,80.7,ok
C1069,100.0,66.7,100.0,100.0,89.4,53.5,0.6236,1.53,0.408,0.0045,38,83.5,96.0,66.7,100.0,100.0,69.0,53.5,0.5905,2.71,0.969,0.0044,75,79.6,ok
C1070,100.0,69.0,79.5,83.3,97.4,95.2,0.6351,2.44,0.691,0.0081,8,85.6,100.0,69.0,79.5,100.0,66.7,95.2,0.5992,3.95,1.0,0.0084,18,82.1,ok
C1071,0.0,79.9,65.3,100.0,33.3,71.3,0.0,1,0.0,0.0,16,60.4,87.8,79.9,65.3,100.0,67.5,71.3,0.5808,2.63,0.984,0.0059,36,76.6,ok
C1072,100.0,84.7,80.0,87.9,100.0,86.7,0.651,1.92,0.58,0.0066,99,86.9,100.0,84.7,80.0,77.9,68.7,86.7,0.5995,3.09,0.972,0.0062,107,80.6,ok
C1073,50.0,8.3,20.0,85.3,62.9,93.3,0.6648,7.66,1.0,0.0296,10,54.7,50.0,8.3,20.0,93.6,53.2,93.3,0.6251,8.49,0.969,0.0233,12,53.9,ok
C1074,100.0,78.9,69.1,100.0,96.5,95.6,0.6434,1.67,0.504,0.0069,17,84.4,75.8,78.9,69.1,100.0,66.7,95.6,0.5665,3.1,1.0,0.0056,17,76.5,ok
C1075,100.0,66.7,95.8,56.7,66.7,100.0,0.7143,3.57,1.0,0.0063,4,78.9,100.0,66.7,95.8,73.3,66.7,100.0,0.6735,3.98,1.0,0.0063,8,80.6,ok
C1076,100.0,100.0,67.8,87.5,92.9,91.3,0.7612,1.6,0.321,0.005,9,86.3,100.0,100.0,67.8,50.0,74.1,91.3,0.6373,2.32,0.919,0.0059,138,79.3,ok
C1077,91.7,100.0,38.3,59.1,89.9,76.2,0.7306,1.54,0.537,0.0039,6,69.5,91.7,100.0,38.3,84.1,66.7,76.2,0.7409,2,1.0,0.0039,27,68.1,ok
C1078,100.0,82.8,48.9,100.0,58.5,92.2,0.6265,1.21,0.16,0.0047,14,75.9,99.1,82.8,48.9,100.0,75.8,92.2,0.5942,2.58,0.903,0.0072,25,78.8,ok
C1079,100.0,100.0,94.4,100.0,79.7,94.9,0.7408,3.42,0.865,0.0062,38,87.8,100.0,100.0,94.4,55.0,78.1,94.9,0.7321,4.04,0.88,0.0062,132,83.0,ok
C1080,100.0,80.0,61.0,100.0,88.4,67.6,0.6345,1.51,0.506,0.0062,39,78.9,87.3,80.0,61.0,100.0,68.3,67.6,0.5802,2.82,0.976,0.0063,44,74.0,ok
C1081,50.0,100.0,76.2,100.0,34.3,81.7,0.8787,1.01,0.008,0.0019,16,71.0,100.0,100.0,76.2,100.0,70.3,81.7,0.7055,1.96,0.956,0.0043,23,83.1,ok
C1082,64.6,83.2,47.6,100.0,44.4,60.4,0.8787,1.09,0.091,0.0026,15,64.0,100.0,83.2,47.6,100.0,71.5,60.4,0.6441,1.94,0.945,0.0043,78,72.8,ok
C1083,44.2,100.0,86.0,100.0,34.8,48.2,0.9113,1.01,0.013,0.0008,16,68.5,100.0,100.0,86.0,100.0,82.5,48.2,0.6374,2.1,0.837,0.0059,46,83.2,ok
C1084,100.0,81.1,77.7,100.0,92.4,77.6,0.6592,1.59,0.482,0.008,42,84.8,100.0,81.1,77.7,100.0,68.0,77.6,0.5985,2.74,0.979,0.0063,58,80.7,ok
C1085,100.0,70.8,96.4,100.0,84.3,95.2,0.6771,1.43,0.328,0.0086,20,88.8,88.2,70.8,96.4,100.0,74.4,95.2,0.5812,3.01,0.916,0.008,43,85.7,ok
C1086,100.0,100.0,59.5,100.0,91.9,82.1,0.5968,1.58,0.393,0.0086,22,83.6,100.0,100.0,59.5,88.8,99.0,82.1,0.6267,1.72,0.533,0.0068,105,83.7,ok
C1087,100.0,90.0,77.2,6.2,100.0,75.0,0.6368,1.79,0.641,0.0051,164,78.4,100.0,90.0,77.2,6.2,68.5,75.0,0.6054,2.54,0.974,0.0059,274,73.1,ok
C1088,87.0,90.3,92.6,100.0,78.9,80.6,0.5798,1.44,0.235,0.0059,32,85.0,100.0,90.3,92.6,100.0,81.6,80.6,0.631,2.28,0.846,0.0049,62,87.0,ok
C1089,50.0,100.0,55.4,66.7,34.8,68.1,0.7929,1.01,0.013,0.0019,4,61.1,97.9,100.0,55.4,100.0,70.7,68.1,0.6378,1.95,0.953,0.0042,52,76.2,ok
C1090,93.6,100.0,69.5,100.0,100.0,94.0,0.913,2.26,0.468,0.005,60,87.0,100.0,100.0,69.5,50.0,69.8,94.0,0.7353,3.13,0.961,0.005,164,77.5,ok
C1091,100.0,77.8,93.8,100.0,82.8,72.8,0.6678,1.4,0.292,0.0063,44,86.0,92.5,77.8,93.8,100.0,70.8,72.8,0.5864,2.96,0.952,0.0064,54,83.0,ok
C1092,100.0,100.0,72.3,100.0,69.7,83.8,0.6545,1.3,0.217,0.0054,19,81.7,93.8,100.0,72.3,100.0,71.6,83.8,0.6652,2.02,0.944,0.004,47,81.3,ok
C1093,100.0,83.0,64.6,100.0,81.3,85.6,0.6237,1.37,0.335,0.0045,67,80.8,86.7,83.0,64.6,100.0,66.7,85.6,0.5795,2.88,1.0,0.0051,51,76.8,ok
C1094,100.0,66.7,66.6,71.2,82.9,71.8,0.6055,2.59,0.833,0.0074,119,73.6,72.7,66.7,66.6,96.2,66.7,71.8,0.5628,3.86,0.997,0.0077,99,70.2,ok
C1095,73.5,6.3,25.3,20.8,66.7,44.8,0.5637,4.73,1.0,0.0065,5,38.9,84.7,6.3,25.3,25.0,66.7,44.8,0.5771,5,1.0,0.0069,6,40.7,ok
C1096,100.0,76.2,94.5,100.0,92.9,67.2,0.6344,1.6,0.469,0.0068,73,88.0,91.4,76.2,94.5,100.0,72.4,67.2,0.5851,3.13,0.936,0.0065,86,83.4,ok
C1097,100.0,100.0,89.1,79.2,69.9,76.3,0.6346,1.27,0.231,0.0073,85,84.9,100.0,100.0,89.1,29.2,75.5,76.3,0.6395,2.09,0.906,0.0054,158,80.7,ok
C1098,100.0,100.0,79.0,100.0,98.5,96.9,0.7103,1.71,0.632,0.0048,21,90.1,100.0,100.0,79.0,100.0,98.5,96.9,0.7014,1.71,0.616,0.0045,47,90.1,ok
C1099,79.2,53.1,36.6,100.0,84.3,96.0,0.7218,1.43,0.435,0.0033,12,69.2,79.2,53.1,36.6,100.0,79.0,96.0,0.6966,1.87,0.871,0.0033,24,68.3,ok
C1100,100.0,100.0,57.7,100.0,40.8,89.2,0.8278,1.07,0.064,0.0058,33,77.4,100.0,100.0,57.7,100.0,70.9,89.2,0.6393,2.24,0.951,0.0051,72,82.5,ok
C1101,100.0,78.0,74.1,98.2,73.7,92.6,0.7731,1.35,0.229,0.009,25,82.0,100.0,78.0,74.1,98.2,78.3,92.6,0.6518,2.1,0.878,0.005,31,82.8,ok
C1102,89.1,75.6,100.0,93.6,92.4,85.2,0.6496,2.23,0.74,0.0111,35,87.1,100.0,75.6,100.0,93.6,73.1,85.2,0.6388,2.76,0.929,0.008,55,85.1,ok
C1103,100.0,80.5,80.0,100.0,80.3,82.7,0.6298,1.35,0.322,0.0045,95,84.1,92.5,80.5,80.0,100.0,68.1,82.7,0.5864,2.76,0.978,0.005,80,81.1,ok
C1104,100.0,100.0,70.9,100.0,73.5,72.6,0.6935,1.38,0.215,0.0077,17,83.2,100.0,100.0,70.9,100.0,74.1,72.6,0.6229,2.18,0.919,0.0073,42,83.3,ok
C1105,100.0,93.0,80.0,47.7,96.0,79.1,0.6492,1.66,0.491,0.0055,127,82.9,92.0,93.0,80.0,45.2,76.8,79.1,0.5858,2.74,0.893,0.0063,129,78.4,ok
C1106,52.1,73.2,63.7,35.0,87.9,76.7,0.7014,1.5,0.5,0.002,0,64.7,52.1,73.2,63.7,85.0,77.0,76.7,0.7025,1.89,0.891,0.002,14,67.9,ok
C1107,85.1,66.7,89.4,100.0,69.2,65.7,0.5775,3.96,0.967,0.0067,17,73.5,86.4,66.7,89.4,100.0,66.7,65.7,0.5791,4.31,0.996,0.0072,38,73.2,ok
C1108,79.2,100.0,98.1,100.0,100.0,88.8,0.6148,1.77,0.638,0.0033,25,92.5,100.0,100.0,98.1,100.0,72.7,88.8,0.6684,2.53,0.933,0.0043,66,90.4,ok
C1109,89.0,96.7,100.0,100.0,78.1,69.0,0.5822,3.92,0.88,0.0079,47,88.1,63.7,96.7,100.0,100.0,69.0,69.0,0.552,4.73,0.969,0.0071,60,83.5,ok
C1110,100.0,67.8,89.4,100.0,67.0,89.3,0.715,3.52,0.989,0.0057,16,80.1,100.0,67.8,89.4,100.0,66.7,89.3,0.6696,3.82,1.0,0.0063,37,80.1,ok
C1111,100.0,42.2,64.2,100.0,80.8,100.0,0.718,2.78,0.854,0.0056,15,76.8,100.0,42.2,64.2,100.0,66.7,100.0,0.6707,3.68,1.0,0.0059,22,74.4,ok
C1112,100.0,100.0,89.0,99.5,99.9,68.0,0.7274,2.29,0.667,0.0101,20,88.0,100.0,100.0,89.0,99.5,68.8,68.0,0.6469,3.07,0.971,0.0071,18,82.7,ok
C1113,100.0,100.0,83.6,100.0,98.5,79.6,0.5993,1.71,0.341,0.0084,33,91.5,100.0,100.0,83.6,100.0,85.8,79.6,0.6182,2.38,0.805,0.0075,73,89.4,ok
C1114,75.0,96.8,70.2,100.0,65.8,67.7,0.7825,1.22,0.218,0.0031,43,75.9,85.4,96.8,70.2,100.0,71.7,67.7,0.7023,1.94,0.943,0.0036,47,78.1,ok
C1115,0.0,33.3,15.5,100.0,16.7,82.3,0.0,1,0.0,0.0,16,39.9,0.0,33.3,15.5,100.0,16.7,82.3,0.0,1,0.0,0.0,37,39.9,ok
C1116,100.0,95.0,100.0,63.9,100.0,100.0,0.6929,1.78,0.444,0.0055,4,91.5,100.0,95.0,100.0,97.3,66.7,100.0,0.6718,2.61,1.0,0.0055,18,89.2,ok
C1117,81.2,100.0,61.9,97.7,100.0,77.2,0.6709,2.04,0.632,0.0034,23,80.4,81.2,100.0,61.9,97.7,82.9,77.2,0.6664,2.42,0.833,0.0034,23,77.5,ok
C1118,84.4,86.5,94.6,3.2,78.6,81.3,0.6588,4,0.875,0.0114,0,72.7,100.0,86.5,94.6,15.7,66.7,81.3,0.6336,4.96,1.0,0.0088,3,73.8,ok
C1119,100.0,100.0,89.7,100.0,81.3,94.0,0.6923,2.55,0.849,0.0071,12,88.5,100.0,100.0,89.7,100.0,81.1,94.0,0.7091,2.47,0.851,0.0068,26,88.5,ok
C1120,55.7,97.9,100.0,100.0,100.0,96.2,0.5872,2.11,0.658,0.0128,12,89.6,100.0,97.9,100.0,100.0,87.0,96.2,0.6109,2.45,0.793,0.0082,34,92.6,ok
C1121,100.0,90.2,89.4,100.0,86.0,82.3,0.7798,3.62,0.803,0.0079,23,86.2,100.0,90.2,89.4,100.0,84.3,82.3,0.7334,4.08,0.82,0.0058,51,85.9,ok
C1122,100.0,66.7,94.4,75.0,92.4,83.2,0.8212,1.59,0.408,0.0088,6,83.6,95.8,66.7,94.4,79.2,82.9,83.2,0.7403,2.15,0.833,0.0041,7,82.0,ok
C1123,100.0,37.8,98.3,100.0,95.9,89.8,0.6455,2.15,0.706,0.0075,36,87.0,100.0,37.8,98.3,100.0,68.2,89.8,0.5956,3.57,0.977,0.0085,84,82.3,ok
C1124,15.8,100.0,77.1,79.2,62.7,88.7,1.0,1.2,0.2,0.0021,7,70.0,58.3,100.0,77.1,100.0,66.7,88.7,0.8006,2,1.0,0.0023,26,77.8,ok
C1125,100.0,87.8,89.4,33.3,78.3,92.2,0.659,3.37,0.878,0.0069,8,80.0,100.0,87.8,89.4,20.8,66.7,92.2,0.6419,4.95,1.0,0.0067,5,76.7,ok
C1126,96.9,100.0,100.0,100.0,74.5,97.8,0.6727,2.83,0.915,0.0106,12,91.6,100.0,100.0,100.0,100.0,66.7,97.8,0.6754,3.92,1.0,0.0104,16,90.7,ok
C1127,100.0,83.7,100.0,100.0,100.0,93.9,0.6359,2.04,0.573,0.0058,25,93.8,100.0,83.7,100.0,100.0,86.4,93.9,0.6087,2.83,0.799,0.0059,35,91.5,ok
C1128,100.0,100.0,60.7,100.0,82.0,89.7,0.63,3.66,0.842,0.0065,59,80.0,100.0,100.0,60.7,100.0,71.1,89.7,0.6217,4.09,0.949,0.0064,61,78.1,ok
C1129,0.0,43.3,57.9,100.0,16.7,71.8,0.0,1,0.0,0.0,22,51.4,0.0,43.3,57.9,100.0,16.7,71.8,0.0,1,0.0,0.0,63,51.4,ok
C1130,0.0,1.4,43.3,91.7,16.7,56.2,0.0,1,0.0,0.0,10,38.3,0.0,1.4,43.3,100.0,16.7,56.2,0.0,1,0.0,0.0,81,39.2,ok
C1131,100.0,100.0,58.9,100.0,82.0,90.4,0.6253,3.6,0.842,0.0077,55,79.8,100.0,100.0,58.9,100.0,71.1,90.4,0.6181,4.04,0.949,0.0073,57,77.9,ok
C1132,100.0,71.0,65.6,50.0,78.0,100.0,0.7088,2.68,0.881,0.0055,16,75.3,100.0,71.0,65.6,50.0,66.7,100.0,0.6768,3.54,1.0,0.0055,12,73.4,ok
C1133,100.0,83.3,49.9,100.0,90.9,79.3,0.6333,1.56,0.414,0.0055,22,76.6,100.0,83.3,49.9,100.0,72.9,79.3,0.6446,2.14,0.931,0.0051,26,73.5,ok
C1134,65.1,88.9,100.0,83.3,98.1,100.0,0.5537,2.28,0.685,0.0063,8,89.1,72.5,88.9,100.0,100.0,87.5,100.0,0.5625,2.78,0.788,0.0074,27,89.9,ok
C1135,100.0,76.7,100.0,100.0,100.0,86.9,0.6623,2.01,0.59,0.0076,31,92.5,100.0,76.7,100.0,100.0,93.0,86.9,0.6152,2.34,0.734,0.0053,62,91.4,ok
C1136,100.0,40.0,67.8,100.0,71.7,98.4,0.6893,2.93,0.943,0.0057,16,75.8,100.0,40.0,67.8,100.0,66.7,98.4,0.6263,3.66,1.0,0.0057,30,74.9,ok
C1137,100.0,67.8,84.4,100.0,90.5,92.4,0.657,2.44,0.759,0.0067,16,85.0,100.0,67.8,84.4,100.0,66.7,92.4,0.5996,4,1.0,0.0071,63,80.9,ok
C1138,0.0,100.0,48.6,70.8,33.3,69.9,0.0,1,0.0,0.0,5,55.4,87.7,100.0,48.6,100.0,36.0,69.9,0.929,1.03,0.023,0.0079,79,69.2,ok
C1139,100.0,100.0,91.4,100.0,76.8,100.0,0.695,3.44,0.893,0.0065,22,89.0,100.0,100.0,91.4,100.0,71.8,100.0,0.6366,3.93,0.942,0.0064,49,88.2,ok
C1140,100.0,45.6,89.4,26.7,66.7,96.9,0.7092,3.81,1.0,0.0053,4,67.1,100.0,45.6,89.4,43.3,66.7,96.9,0.6792,3.98,1.0,0.0058,8,68.8,ok
C1141,100.0,80.7,100.0,100.0,82.8,94.7,0.6666,1.4,0.343,0.0057,22,89.6,100.0,80.7,100.0,100.0,77.5,94.7,0.6233,2.39,0.886,0.0078,52,88.7,ok
C1142,100.0,66.7,41.7,100.0,71.8,50.0,0.651,4.07,0.942,0.0084,28,64.4,100.0,66.7,41.7,100.0,73.7,50.0,0.6281,4.48,0.923,0.0079,24,64.8,ok
C1143,50.0,100.0,100.0,100.0,93.3,42.3,0.5018,2.62,0.732,0.0096,20,79.0,53.8,100.0,100.0,100.0,66.7,42.3,0.5402,3.3,0.993,0.0069,24,75.0,ok
C1144,100.0,70.0,71.8,16.7,66.7,83.3,0.6956,3.23,1.0,0.0072,4,63.5,100.0,70.0,71.8,37.5,68.5,83.3,0.6995,3.28,0.974,0.0069,9,65.9,ok
C1145,100.0,100.0,100.0,87.5,100.0,18.1,0.7653,1.9,0.313,0.0082,9,84.5,100.0,100.0,100.0,50.0,80.5,18.1,0.7801,3.19,0.857,0.0084,260,77.3,ok
C1146,100.0,89.5,79.7,76.0,100.0,100.0,0.605,2.41,0.623,0.0088,7,85.7,100.0,89.5,79.7,96.8,72.7,100.0,0.6168,3.32,0.933,0.0077,18,83.2,ok
C1147,93.5,100.0,52.2,100.0,76.6,100.0,0.5875,3.16,0.895,0.0079,40,79.1,84.0,100.0,52.2,100.0,69.2,100.0,0.5762,3.56,0.967,0.0077,31,76.7,ok
C1148,100.0,73.3,59.9,100.0,71.6,100.0,0.6431,3.7,0.944,0.0066,12,76.4,100.0,73.3,59.9,100.0,66.7,100.0,0.6327,3.89,1.0,0.0066,24,75.6,ok
C1149,100.0,38.9,58.7,100.0,86.9,44.5,0.7367,1.99,0.794,0.0048,41,66.8,83.3,38.9,58.7,100.0,66.8,44.5,0.7374,2.2,0.991,0.0035,71,61.4,ok
C1150,75.0,66.7,94.5,79.2,93.9,98.8,0.7287,1.62,0.619,0.0031,7,83.9,85.4,66.7,94.5,100.0,86.5,98.8,0.6596,2.33,0.798,0.0036,23,86.0,ok
C1151,100.0,78.9,89.4,33.1,66.7,84.7,0.8043,3.41,1.0,0.0071,5,72.2,100.0,78.9,89.4,62.3,69.7,84.7,0.7529,3.67,0.962,0.0065,16,75.7,ok
C1152,100.0,39.8,87.5,100.0,75.0,58.8,0.6978,1.27,0.275,0.0066,14,74.1,100.0,39.8,87.5,100.0,66.7,58.8,0.6896,2,1.0,0.0075,18,72.6,ok
C1153,100.0,46.6,63.4,100.0,68.0,94.7,0.647,3.62,0.979,0.0077,20,73.0,100.0,46.6,63.4,100.0,66.7,94.7,0.6371,4,1.0,0.0077,25,72.7,ok
C1154,100.0,43.3,75.8,100.0,69.3,98.2,0.7532,3.65,0.966,0.0054,20,73.3,100.0,43.3,75.8,100.0,66.7,98.2,0.723,3.98,0.995,0.0054,19,72.9,ok
C1155,0.0,82.7,62.5,20.8,33.3,83.3,0.0,1,0.0,0.0,5,50.1,100.0,82.7,62.5,50.0,100.0,83.3,0.694,2,0.5,0.007,16,76.3,ok
C1156,100.0,82.2,100.0,100.0,67.5,100.0,0.6754,3.73,0.984,0.006,12,87.0,100.0,82.2,100.0,100.0,66.7,100.0,0.658,3.88,1.0,0.0061,17,86.9,ok
C1157,100.0,100.0,98.1,50.2,100.0,93.5,0.8098,1.93,0.642,0.0071,8,90.2,100.0,100.0,98.1,54.3,73.8,93.5,0.7004,2.56,0.922,0.005,9,86.1,ok
C1158,70.8,98.2,27.1,100.0,89.4,85.1,0.6643,1.53,0.531,0.0029,16,72.2,77.1,98.2,27.1,100.0,68.1,85.1,0.6747,1.98,0.978,0.0032,38,69.3,ok
C1159,100.0,100.0,100.0,100.0,100.0,70.8,0.6725,1.79,0.541,0.0091,73,94.0,100.0,100.0,100.0,50.0,85.0,70.8,0.6508,2.23,0.813,0.0062,212,86.3,ok
C1160,100.0,100.0,94.4,100.0,79.7,94.9,0.7408,3.42,0.865,0.0062,38,87.8,100.0,100.0,94.4,55.0,78.1,94.9,0.7321,4.04,0.88,0.0062,132,83.0,ok
C1161,100.0,83.3,55.4,100.0,90.4,95.1,0.6477,1.55,0.455,0.0055,34,80.4,100.0,83.3,55.4,100.0,67.5,95.1,0.6568,2.13,0.984,0.0047,52,76.5,ok
C1162,100.0,66.7,100.0,79.2,84.0,83.3,0.7163,2.98,0.822,0.0061,7,82.8,100.0,66.7,100.0,100.0,66.7,83.3,0.6947,3.8,1.0,0.0061,12,82.0,ok
C1163,100.0,70.0,78.9,83.3,68.0,91.9,0.6764,3.56,0.979,0.0066,8,76.1,100.0,70.0,78.9,100.0,66.7,91.9,0.664,3.98,1.0,0.0067,19,77.6,ok
C1164,100.0,100.0,88.2,75.0,100.0,100.0,0.6071,2.33,0.562,0.0072,6,89.5,81.9,100.0,88.2,100.0,66.8,100.0,0.5737,3.94,0.991,0.007,15,84.2,ok
C1165,100.0,70.0,76.6,100.0,66.7,99.3,0.6512,3.72,1.0,0.0077,14,76.4,100.0,70.0,76.6,100.0,66.7,99.3,0.6334,4.03,1.0,0.0075,18,76.4,ok
C1166,100.0,77.8,63.6,83.9,73.9,88.0,0.6225,3.43,0.921,0.0071,9,73.4,100.0,77.8,63.6,96.4,66.7,88.0,0.6223,3.77,1.0,0.007,20,73.5,ok
C1167,100.0,73.3,86.2,70.8,74.2,100.0,0.6563,3.53,0.918,0.0075,5,79.3,100.0,73.3,86.2,83.3,66.7,100.0,0.6334,3.98,1.0,0.0075,8,79.3,ok
C1168,100.0,66.7,89.6,88.6,84.8,95.2,0.6674,2.61,0.815,0.0072,20,85.4,100.0,66.7,89.6,88.6,66.7,95.2,0.6174,3.97,1.0,0.0074,18,82.3,ok
C1169,100.0,71.0,70.6,100.0,88.9,58.5,0.5959,1.52,0.392,0.0066,33,80.1,82.0,71.0,70.6,100.0,73.3,58.5,0.5738,2.99,0.927,0.0062,51,75.4,ok
C1170,100.0,100.0,63.9,100.0,49.7,68.1,0.6665,1.16,0.106,0.0059,13,77.2,100.0,100.0,63.9,100.0,86.0,68.1,0.5961,2.37,0.803,0.0059,23,83.4,ok
C1171,100.0,50.0,100.0,100.0,46.5,69.3,0.6926,1.1,0.104,0.0051,49,76.9,65.4,50.0,100.0,100.0,75.5,69.3,0.554,2.48,0.906,0.0076,58,77.7,ok
C1172,100.0,81.8,90.1,100.0,48.3,74.8,0.676,1.12,0.111,0.0074,64,80.5,91.4,81.8,90.1,100.0,72.1,74.8,0.5851,2.67,0.939,0.0064,62,83.5,ok
C1173,100.0,39.8,65.3,60.1,79.7,56.1,0.6919,2.8,0.865,0.005,7,66.8,100.0,39.8,65.3,80.9,66.7,56.1,0.616,3.78,1.0,0.0062,14,66.7,ok
C1174,100.0,71.6,62.6,100.0,80.8,76.4,0.6637,1.36,0.348,0.0059,72,78.8,81.9,71.6,62.6,100.0,71.9,76.4,0.5737,2.7,0.941,0.0065,76,75.2,ok
C1175,97.9,100.0,99.3,100.0,100.0,81.6,0.6351,1.82,0.414,0.0042,32,93.9,87.5,100.0,99.3,100.0,66.7,81.6,0.685,2.33,1.0,0.0037,52,87.0,ok
C1176,63.3,100.0,100.0,100.0,87.4,98.2,0.9841,1.49,0.483,0.0041,19,89.2,100.0,100.0,100.0,100.0,78.3,98.2,0.6861,2.3,0.878,0.0062,36,92.1,ok
C1177,100.0,77.3,51.3,100.0,78.3,67.1,0.6451,1.31,0.293,0.0043,21,73.9,100.0,77.3,51.3,100.0,72.0,67.1,0.5988,2.57,0.94,0.0047,20,72.8,ok
C1178,100.0,72.7,100.0,100.0,88.9,57.4,0.6292,1.52,0.453,0.0058,79,84.7,92.1,72.7,100.0,73.8,68.7,57.4,0.5859,2.76,0.972,0.0055,117,77.6,ok
C1179,50.0,100.0,40.0,75.0,35.7,66.8,0.7929,1.02,0.02,0.0009,6,58.6,100.0,100.0,40.0,100.0,68.5,66.8,0.6307,1.97,0.974,0.0059,48,72.7,ok
C1180,100.0,76.1,62.5,100.0,81.8,90.9,0.6373,1.38,0.362,0.0067,27,81.6,79.5,76.1,62.5,100.0,71.8,90.9,0.5709,2.63,0.942,0.0059,31,77.4,ok
C1181,100.0,84.7,69.2,100.0,69.9,78.3,0.7402,1.3,0.218,0.0047,28,79.8,99.7,84.7,69.2,100.0,66.7,78.3,0.595,2.91,1.0,0.006,21,79.2,ok
C1182,100.0,83.4,74.2,100.0,78.3,72.4,0.6412,1.31,0.304,0.0054,34,81.5,85.9,83.4,74.2,78.8,68.7,72.4,0.5785,2.67,0.972,0.0054,113,76.0,ok
C1183,81.2,97.3,65.1,100.0,50.7,96.2,0.744,1.15,0.119,0.0034,18,77.8,100.0,97.3,65.1,100.0,71.1,96.2,0.6066,2.61,0.949,0.0049,15,83.5,ok
C1184,0.0,76.5,59.0,3.1,33.3,69.4,0.0,1,0.0,0.0,0,44.3,100.0,76.5,59.0,53.1,100.0,69.4,0.6037,1.77,0.661,0.009,26,72.6,ok
C1185,100.0,85.3,100.0,100.0,85.9,82.3,0.6249,1.46,0.365,0.0072,48,90.5,85.1,85.3,100.0,100.0,71.6,82.3,0.5775,2.82,0.944,0.007,57,86.3,ok
C1186,100.0,83.8,80.0,15.6,81.3,70.1,0.6364,1.37,0.316,0.0061,136,75.8,76.0,83.8,80.0,15.6,67.9,70.1,0.5667,2.97,0.98,0.0054,140,70.6,ok
C1187,11.6,100.0,42.8,62.5,90.4,75.9,1.0,1.55,0.545,0.0003,3,65.0,100.0,100.0,42.8,100.0,75.7,75.9,0.6615,1.9,0.904,0.0043,26,76.8,ok
C1188,91.7,87.5,87.4,38.0,54.6,37.8,0.6741,1.19,0.135,0.0039,4,69.8,100.0,87.5,87.4,71.4,69.0,37.8,0.6054,2.73,0.969,0.0049,12,76.6,ok
C1189,100.0,83.5,68.4,100.0,70.5,85.8,0.6424,1.32,0.215,0.0063,38,81.4,66.6,83.5,68.4,100.0,71.5,85.8,0.5555,2.9,0.945,0.0061,43,77.6,ok
C1190,100.0,80.1,99.8,100.0,90.9,57.7,0.6322,1.56,0.49,0.0051,35,86.2,100.0,80.1,99.8,100.0,71.6,57.7,0.5975,2.57,0.944,0.0054,65,82.9,ok
C1191,100.0,75.9,67.0,82.3,77.2,95.4,0.6968,2.72,0.889,0.0063,18,78.7,100.0,75.9,67.0,82.3,66.7,95.4,0.6343,3.7,1.0,0.0066,21,76.9,ok
C1192,100.0,100.0,66.3,100.0,98.5,75.8,0.6624,1.75,0.681,0.0104,13,86.6,100.0,100.0,66.3,100.0,90.0,75.8,0.6065,2.53,0.764,0.0093,13,85.2,ok
C1193,91.7,71.5,95.4,100.0,74.6,52.8,0.6564,1.32,0.25,0.0039,29,80.1,59.2,71.5,95.4,100.0,72.0,52.8,0.5467,3.17,0.94,0.006,36,75.8,ok
C1194,100.0,77.0,63.9,100.0,100.0,67.4,0.6469,1.81,0.548,0.0057,90,80.7,100.0,77.0,63.9,50.0,70.7,67.4,0.5968,2.87,0.953,0.0062,236,70.6,ok
C1195,100.0,94.4,77.7,85.9,97.5,90.2,0.7545,1.69,0.63,0.0043,29,87.2,100.0,94.4,77.7,85.9,75.4,90.2,0.7419,2,0.907,0.0045,50,83.4,ok
C1196,100.0,42.2,64.2,100.0,80.8,100.0,0.718,2.78,0.854,0.0056,15,76.8,100.0,42.2,64.2,100.0,66.7,100.0,0.6707,3.68,1.0,0.0059,22,74.4,ok
C1197,100.0,100.0,100.0,100.0,74.8,88.1,0.731,3.14,0.912,0.0064,60,90.2,100.0,100.0,100.0,100.0,66.7,88.1,0.7175,3.6,1.0,0.0059,90,88.8,ok
C1198,100.0,84.7,91.6,100.0,99.0,61.0,0.6282,1.72,0.543,0.0059,81,88.4,100.0,84.7,91.6,51.2,73.7,61.0,0.6137,2.28,0.923,0.0056,135,79.1,ok
C1199,100.0,100.0,98.3,100.0,88.4,86.0,0.6665,1.51,0.342,0.009,36,92.6,100.0,100.0,98.3,100.0,92.8,86.0,0.6528,2.05,0.736,0.0049,94,93.4,ok
C1200,100.0,87.4,93.8,100.0,74.8,84.4,0.6074,1.38,0.226,0.0062,57,86.8,98.6,87.4,93.8,100.0,76.9,84.4,0.5936,2.57,0.892,0.0057,89,87.0,ok
C1201,100.0,75.6,86.8,91.7,66.7,99.3,0.692,3.71,1.0,0.0077,10,81.1,100.0,75.6,86.8,100.0,66.7,99.3,0.6669,4,1.0,0.0073,15,82.0,ok
C1202,100.0,70.8,80.0,50.0,91.7,75.9,0.6108,2.38,0.747,0.0074,152,79.5,78.6,70.8,80.0,50.0,67.5,75.9,0.5698,3.55,0.984,0.0075,141,72.8,ok
C1203,100.0,100.0,100.0,98.8,100.0,46.4,0.6346,1.85,0.56,0.0101,97,90.1,100.0,100.0,100.0,68.8,76.8,46.4,0.5958,2.79,0.893,0.0085,121,83.1,ok
C1204,100.0,66.7,95.8,56.7,66.7,100.0,0.7172,3.61,1.0,0.0062,4,78.9,100.0,66.7,95.8,73.3,66.7,100.0,0.6752,4,1.0,0.0063,8,80.6,ok
C1205,78.1,100.0,100.0,54.8,95.1,91.9,0.6106,2,0.714,0.0118,3,87.2,100.0,100.0,100.0,83.9,78.6,91.9,0.6342,2.62,0.875,0.0062,10,89.9,ok
C1206,75.0,58.1,51.3,80.5,72.7,83.3,0.7759,1.93,0.933,0.0031,17,65.3,75.0,58.1,51.3,80.5,66.7,83.3,0.7656,2,1.0,0.0031,27,64.3,ok
C1207,64.6,88.4,58.8,100.0,94.9,86.2,0.7689,1.64,0.528,0.0026,81,78.3,97.9,88.4,58.8,100.0,66.7,86.2,0.7373,2.22,1.0,0.0042,63,77.4,ok
C1208,100.0,100.0,100.0,100.0,66.7,100.0,0.7129,3.22,1.0,0.0075,24,90.3,100.0,100.0,100.0,100.0,66.7,100.0,0.6679,3.88,1.0,0.0075,24,90.3,ok
C1209,100.0,68.4,51.5,50.0,68.8,73.5,0.7011,3.22,0.971,0.0078,23,64.9,100.0,68.4,51.5,50.0,66.7,73.5,0.6733,3.72,1.0,0.0081,44,64.5,ok
C1210,100.0,100.0,52.3,89.1,78.3,100.0,0.7285,1.31,0.311,0.006,15,81.9,100.0,100.0,52.3,89.1,90.6,100.0,0.6889,2.92,0.758,0.009,13,84.0,ok
C1211,50.0,100.0,100.0,95.0,100.0,51.9,0.7555,2.34,0.581,0.0173,100,85.3,100.0,100.0,100.0,50.0,77.4,51.9,0.5993,2.97,0.887,0.007,222,82.8,ok
C1212,100.0,100.0,50.9,100.0,82.5,95.4,0.6469,2.87,0.837,0.0062,44,79.5,100.0,100.0,50.9,100.0,71.6,95.4,0.663,3.01,0.944,0.0062,59,77.7,ok
C1213,70.3,100.0,66.4,75.0,90.4,88.8,0.7057,1.55,0.406,0.0123,6,81.0,85.9,100.0,66.4,100.0,93.9,88.8,0.6451,1.62,0.461,0.0113,52,86.0,ok
C1214,100.0,33.3,80.9,37.5,76.1,83.3,0.8039,3.05,0.9,0.0052,9,67.7,100.0,33.3,80.9,50.0,66.7,83.3,0.7368,3.89,1.0,0.0052,13,67.4,ok
C1215,87.5,100.0,99.1,79.2,78.3,88.3,0.7207,1.31,0.312,0.0037,7,86.0,85.4,100.0,99.1,100.0,74.5,88.3,0.7186,1.92,0.915,0.0036,13,87.2,ok
C1216,100.0,100.0,68.9,100.0,100.0,57.9,0.8752,2.03,0.607,0.0082,19,84.8,100.0,100.0,68.9,100.0,78.6,57.9,0.7642,2.72,0.875,0.008,38,81.1,ok
C1217,100.0,48.9,89.4,91.7,76.2,100.0,0.6817,3.36,0.899,0.0062,10,80.3,100.0,48.9,89.4,100.0,66.7,100.0,0.6663,3.99,1.0,0.0062,32,79.5,ok
C1218,100.0,100.0,83.2,100.0,75.7,96.0,0.7604,2.31,0.904,0.0043,36,85.8,100.0,100.0,83.2,100.0,76.5,96.0,0.7719,2.32,0.896,0.0043,67,85.9,ok
C1219,84.6,100.0,100.0,95.8,90.2,93.2,0.577,2.21,0.762,0.0055,11,92.1,97.6,100.0,100.0,100.0,73.0,93.2,0.5924,3.48,0.93,0.0057,44,91.2,ok
C1220,100.0,73.7,98.6,100.0,79.1,98.8,0.689,2.96,0.87,0.005,17,87.1,100.0,73.7,98.6,100.0,66.7,98.8,0.6355,3.96,1.0,0.0054,24,85.0,ok
C1221,0.0,53.3,67.2,0.0,33.3,0.0,0.0,0.0,0.0,0.0,0,30.0,52.4,53.3,67.2,0.0,66.7,0.0,0.5858,2,1.0,0.0024,0,41.9,ok
C1222,100.0,89.6,90.9,91.7,86.9,92.9,0.6521,1.49,0.282,0.0049,10,88.7,87.5,89.6,90.9,100.0,70.6,92.9,0.6382,2.39,0.954,0.0037,40,85.3,ok
C1223,100.0,100.0,69.4,66.7,80.3,83.5,0.6515,3.4,0.859,0.0079,10,79.6,100.0,100.0,69.4,75.0,70.8,83.5,0.6428,3.91,0.952,0.0079,19,78.9,ok
C1224,100.0,44.4,32.9,37.5,66.7,83.3,0.6755,3.94,1.0,0.0072,9,52.0,100.0,44.4,32.9,50.0,66.7,83.3,0.6781,4,1.0,0.0072,12,53.3,ok
C1225,100.0,50.0,44.7,67.0,66.7,94.6,0.659,4,1.0,0.0063,8,63.6,100.0,50.0,44.7,83.6,66.7,94.6,0.6508,4,1.0,0.0063,16,65.3,ok
C1226,90.2,93.3,100.0,75.0,73.7,93.5,0.5836,2.69,0.923,0.0092,6,85.2,100.0,93.3,100.0,100.0,79.2,93.5,0.6068,2.74,0.869,0.0085,18,89.8,ok
C1227,100.0,83.3,87.9,100.0,66.7,100.0,0.6771,3.83,1.0,0.0056,17,83.8,100.0,83.3,87.9,100.0,66.7,100.0,0.6731,3.84,1.0,0.0051,38,83.8,ok
C1228,97.9,75.0,99.2,100.0,87.9,81.2,0.6426,1.5,0.408,0.0042,18,87.7,91.3,75.0,99.2,100.0,81.6,81.2,0.5849,2.6,0.846,0.006,23,85.9,ok
C1229,50.0,76.7,100.0,100.0,41.5,87.2,0.8368,1.07,0.07,0.0168,15,76.0,50.0,76.7,100.0,100.0,96.0,87.2,0.6836,1.66,0.657,0.0137,35,85.3,ok
C1230,100.0,56.3,98.8,100.0,94.9,93.0,0.6792,2.31,0.716,0.0047,24,89.3,100.0,56.3,98.8,100.0,75.8,93.0,0.6243,3.01,0.903,0.0051,22,86.0,ok
C1231,100.0,29.6,43.7,12.5,77.2,33.3,0.6883,2.26,0.889,0.0096,3,50.4,100.0,29.6,43.7,29.2,66.7,33.3,0.7339,2.38,1.0,0.0096,7,50.3,ok
C1232,100.0,90.2,89.4,100.0,86.0,82.3,0.7798,3.62,0.803,0.0079,23,86.2,100.0,90.2,89.4,100.0,84.3,82.3,0.7334,4.08,0.82,0.0058,51,85.9,ok
C1233,0.0,36.7,59.8,59.5,16.7,58.4,0.0,1,0.0,0.0,71,43.2,0.0,36.7,59.8,9.5,16.7,58.4,0.0,1,0.0,0.0,144,38.1,ok
C1234,100.0,100.0,94.4,100.0,79.7,94.9,0.7408,3.42,0.865,0.0062,38,87.8,100.0,100.0,94.4,55.0,78.1,94.9,0.7321,4.04,0.88,0.0062,132,83.0,ok
C1235,100.0,91.1,79.2,66.4,70.3,100.0,0.6943,3.62,0.956,0.008,7,79.9,100.0,91.1,79.2,78.9,66.9,100.0,0.6785,3.93,0.99,0.0072,10,80.6,ok
C1236,100.0,100.0,54.9,76.4,85.9,83.3,0.6711,1.46,0.403,0.0055,19,77.4,100.0,100.0,54.9,76.4,66.7,83.3,0.6632,3.33,1.0,0.0079,15,74.1,ok
C1237,100.0,63.3,79.7,29.2,70.9,100.0,0.6476,3.72,0.951,0.006,7,69.2,100.0,63.3,79.7,45.8,66.7,100.0,0.6258,4,1.0,0.006,11,70.2,ok
C1238,100.0,100.0,94.4,100.0,79.7,94.9,0.7408,3.42,0.865,0.0062,38,87.8,100.0,100.0,94.4,55.0,78.1,94.9,0.7321,4.04,0.88,0.0062,132,83.0,ok
C1239,100.0,100.0,89.4,83.3,67.8,92.1,0.6854,3.81,0.981,0.0072,8,83.3,100.0,100.0,89.4,83.3,66.7,92.1,0.696,5.12,1.0,0.0072,8,83.1,ok
C1240,90.2,93.3,100.0,75.0,73.7,93.5,0.5836,2.69,0.923,0.0092,6,85.2,100.0,93.3,100.0,100.0,79.2,93.5,0.6068,2.74,0.869,0.0085,18,89.8,ok
C1241,0.0,18.0,28.2,0.0,16.7,54.9,0.0,1,0.0,0.0,0,24.6,0.0,18.0,28.2,0.0,16.7,54.9,0.0,1,0.0,0.0,0,24.6,ok
C1242,100.0,90.2,89.4,100.0,86.0,82.3,0.7798,3.62,0.803,0.0079,23,86.2,100.0,90.2,89.4,100.0,84.3,82.3,0.7334,4.08,0.82,0.0058,51,85.9,ok
C1243,100.0,83.3,53.9,100.0,83.3,89.5,0.6582,1.41,0.307,0.0071,38,78.5,100.0,83.3,53.9,100.0,77.9,89.5,0.6568,2.04,0.882,0.0051,38,77.6,ok
C1244,93.8,82.3,88.7,100.0,58.9,95.3,0.8285,1.22,0.159,0.004,14,82.4,100.0,82.3,88.7,100.0,77.2,95.3,0.6414,2.57,0.889,0.0057,17,86.2,ok
C1245,100.0,70.0,63.5,95.8,71.7,91.8,0.7482,3.59,0.943,0.006,11,72.3,100.0,70.0,63.5,100.0,66.7,91.8,0.727,3.95,0.992,0.0061,20,71.9,ok
C1246,100.0,98.4,100.0,66.7,100.0,100.0,0.874,2.04,0.643,0.0068,4,93.3,100.0,98.4,100.0,100.0,68.2,100.0,0.7315,3.48,0.977,0.0089,34,91.3,ok
C1247,100.0,60.0,78.2,100.0,70.4,100.0,0.6154,3.41,0.955,0.0072,28,78.8,100.0,60.0,78.2,100.0,66.7,100.0,0.6001,3.85,1.0,0.0073,26,78.1,ok
C1248,100.0,100.0,60.7,100.0,82.0,89.7,0.63,3.66,0.842,0.0065,59,80.0,100.0,100.0,60.7,100.0,71.1,89.7,0.6217,4.09,0.949,0.0064,61,78.1,ok
C1249,100.0,66.7,87.5,83.3,68.8,98.8,0.6502,3.81,0.971,0.0054,8,78.2,100.0,66.7,87.5,100.0,66.7,98.8,0.6403,3.98,1.0,0.0055,17,79.5,ok
C1250,100.0,58.9,73.2,100.0,71.2,96.2,0.6897,3.53,0.948,0.0056,35,77.1,100.0,58.9,73.2,100.0,66.7,96.2,0.6618,4,1.0,0.0058,53,76.4,ok
C1251,100.0,100.0,100.0,100.0,88.7,100.0,0.6384,2.8,0.777,0.0085,52,95.9,100.0,100.0,100.0,100.0,77.2,100.0,0.6179,3.36,0.889,0.0078,60,94.0,ok
C1252,99.4,100.0,96.4,89.1,74.0,94.2,0.5946,2.98,0.92,0.0054,24,88.4,100.0,100.0,96.4,89.1,73.4,94.2,0.5963,3.29,0.926,0.0054,37,88.4,ok
C1253,90.2,93.3,100.0,75.0,73.7,93.5,0.5836,2.69,0.923,0.0092,6,85.2,100.0,93.3,100.0,100.0,79.2,93.5,0.6068,2.74,0.869,0.0085,18,89.8,ok
C1254,100.0,73.3,88.4,12.5,66.7,100.0,0.6946,3.81,1.0,0.0065,3,71.2,100.0,73.3,88.4,25.0,66.7,100.0,0.6768,3.84,1.0,0.0065,6,72.5,ok
C1255,0.0,0.0,46.2,50.0,16.7,51.5,0.0,0.0,0.0,0.0,0,30.1,0.0,0.0,46.2,100.0,16.7,51.5,0.0,1,0.0,0.0,49,35.2,ok
C1256,100.0,84.8,50.1,46.2,69.8,98.8,0.67,3.45,0.961,0.0063,10,73.4,100.0,84.8,50.1,54.5,66.7,98.8,0.6815,5.38,1.0,0.0083,12,73.7,ok
C1257,100.0,96.7,100.0,91.7,85.9,96.4,0.6823,2.79,0.804,0.0077,10,91.8,100.0,96.7,100.0,100.0,82.4,96.4,0.6095,3.11,0.838,0.0062,21,92.0,ok
C1258,89.6,0.0,47.5,0.0,86.3,100.0,0.6949,2.6,0.8,0.0038,0,51.4,100.0,0.0,47.5,0.0,66.7,100.0,0.6336,4,1.0,0.0054,0,49.3,ok
C1259,100.0,87.8,85.2,4.2,66.7,82.2,0.6585,3.93,1.0,0.0055,1,66.6,100.0,87.8,85.2,8.3,66.7,82.2,0.6303,4,1.0,0.0055,2,67.1,ok
C1260,0.0,7.2,32.9,100.0,33.3,56.7,0.0,1,0.0,0.0,14,37.6,0.0,7.2,32.9,100.0,33.3,56.7,0.0,1,0.0,0.0,37,37.6,ok
C1261,84.9,66.7,53.4,100.0,81.9,89.5,0.5773,3.06,0.843,0.0096,33,75.2,81.3,66.7,53.4,100.0,77.1,89.5,0.573,3.33,0.89,0.0091,48,74.0,ok
C1262,75.0,26.2,29.4,100.0,68.6,36.6,0.5985,1.97,0.973,0.0031,18,47.3,75.0,26.2,29.4,100.0,66.7,36.6,0.5989,2,1.0,0.0031,36,47.0,ok
C1263,100.0,69.7,88.0,100.0,67.0,81.0,0.7172,3.73,0.989,0.0056,15,77.5,100.0,69.7,88.0,100.0,66.7,81.0,0.6927,3.86,1.0,0.0057,22,77.5,ok
C1264,100.0,100.0,90.9,43.8,75.5,100.0,0.6443,2.91,0.906,0.005,8,85.4,100.0,100.0,90.9,60.5,70.1,100.0,0.642,3.09,0.958,0.0053,17,86.2,ok
C1265,100.0,100.0,53.1,100.0,100.0,91.2,0.6316,1.9,0.552,0.0045,30,83.7,91.7,100.0,53.1,100.0,68.4,91.2,0.6639,2.31,0.975,0.0039,46,77.3,ok
C1266,100.0,72.2,81.1,100.0,81.8,58.9,0.6196,1.38,0.379,0.0049,16,80.6,79.2,72.2,81.1,100.0,84.8,58.9,0.6276,1.44,0.443,0.0033,41,78.7,ok
C1267,87.8,85.6,97.5,63.5,67.8,97.5,0.5807,3.51,0.981,0.0082,10,79.7,84.1,85.6,97.5,67.7,66.7,97.5,0.5764,3.67,1.0,0.0082,11,79.5,ok
C1268,70.8,79.5,94.2,100.0,75.0,83.4,0.6979,1.27,0.275,0.0029,16,81.6,87.5,79.5,94.2,100.0,66.7,83.4,0.7047,2,1.0,0.0037,18,82.2,ok
C1269,100.0,100.0,100.0,33.3,76.4,83.3,0.6579,3.76,0.897,0.0078,8,81.1,100.0,100.0,100.0,29.2,66.7,83.3,0.6425,3.92,1.0,0.0078,7,79.1,ok
C1270,100.0,55.6,91.3,83.9,69.6,100.0,0.7161,3.39,0.963,0.0061,9,80.0,100.0,55.6,91.3,96.4,67.0,100.0,0.6722,3.84,0.989,0.0061,13,80.8,ok
C1271,50.0,73.3,100.0,100.0,76.6,28.6,0.8052,2.47,0.895,0.0159,18,74.5,53.1,73.3,100.0,100.0,74.0,28.6,0.6269,3.52,0.92,0.0134,40,74.4,ok
C1272,100.0,83.3,62.2,75.0,72.5,84.5,0.6943,3.16,0.935,0.007,21,75.2,100.0,83.3,62.2,75.0,66.7,84.5,0.6634,3.8,1.0,0.0066,38,74.2,ok
C1273,100.0,100.0,100.0,100.0,66.7,91.6,0.7512,4.31,1.0,0.0065,12,87.8,100.0,100.0,100.0,100.0,66.7,91.6,0.7403,4.34,1.0,0.0065,26,87.8,ok
C1274,85.4,62.2,36.9,33.3,93.4,75.5,0.759,1.61,0.612,0.0036,8,61.5,85.4,62.2,36.9,50.0,72.7,75.5,0.726,1.93,0.933,0.0036,15,59.6,ok
C1275,84.4,100.0,70.7,85.9,84.0,62.5,0.6048,2.4,0.822,0.0114,28,79.9,53.7,100.0,70.7,85.9,66.7,62.5,0.5532,4.78,1.0,0.0111,21,73.3,ok
C1276,100.0,100.0,100.0,50.0,97.3,64.1,0.6544,2.37,0.692,0.0104,831,87.5,100.0,100.0,100.0,50.0,89.9,64.1,0.5965,2.73,0.765,0.0102,1368,86.3,ok
C1277,100.0,70.0,88.9,8.3,82.0,94.7,0.6823,3.34,0.842,0.0056,2,72.8,100.0,70.0,88.9,45.8,66.7,94.7,0.6677,4,1.0,0.0054,11,74.0,ok
C1278,0.0,32.1,36.1,75.9,16.7,70.5,0.0,1,0.0,0.0,26,40.2,0.0,32.1,36.1,75.9,16.7,70.5,0.0,1,0.0,0.0,84,40.2,ok
C1279,100.0,84.4,89.4,91.7,73.0,100.0,0.6688,3.07,0.93,0.0067,10,84.7,100.0,84.4,89.4,100.0,67.3,100.0,0.6318,3.87,0.986,0.0069,29,84.6,ok
C1280,100.0,33.3,48.4,50.0,75.2,49.1,0.6251,2.09,0.909,0.0052,24,53.4,100.0,33.3,48.4,50.0,66.7,49.1,0.6236,2.19,1.0,0.0052,35,52.0,ok
C1281,100.0,70.0,100.0,8.3,66.7,100.0,0.6028,4,1.0,0.0076,2,75.1,100.0,70.0,100.0,12.5,66.7,100.0,0.605,4.03,1.0,0.0073,3,75.6,ok
C1282,100.0,100.0,60.7,100.0,82.0,89.7,0.63,3.66,0.842,0.0065,59,80.0,100.0,100.0,60.7,100.0,71.1,89.7,0.6217,4.09,0.949,0.0064,61,78.1,ok
C1283,100.0,60.0,79.2,20.8,71.7,98.8,0.6807,3.71,0.943,0.0067,5,70.6,100.0,60.0,79.2,50.0,66.7,98.8,0.6694,3.94,1.0,0.0067,12,72.8,ok
C1284,100.0,100.0,99.4,66.7,85.2,100.0,0.6438,2.3,0.811,0.0057,4,90.0,100.0,100.0,99.4,100.0,89.3,100.0,0.6543,2.55,0.771,0.0048,32,94.1,ok
C1285,100.0,66.7,100.0,26.1,66.7,88.7,0.6021,3.89,1.0,0.0062,3,76.5,95.5,66.7,100.0,55.3,66.7,88.7,0.5899,4,1.0,0.0062,10,78.9,ok
C1286,100.0,55.6,88.3,60.9,84.6,100.0,0.6847,3.17,0.817,0.0055,6,77.8,100.0,55.6,88.3,73.4,66.7,100.0,0.6746,4,1.0,0.0058,9,76.1,ok
C1287,100.0,100.0,60.7,100.0,82.0,89.7,0.63,3.66,0.842,0.0065,59,80.0,100.0,100.0,60.7,100.0,71.1,89.7,0.6217,4.09,0.949,0.0064,61,78.1,ok
C1288,100.0,91.1,86.0,95.8,76.1,100.0,0.6826,3.38,0.9,0.0083,11,85.9,100.0,91.1,86.0,100.0,66.7,100.0,0.6511,3.97,1.0,0.0079,13,84.7,ok
C1289,100.0,100.0,76.9,79.2,81.6,89.8,0.6745,2.91,0.846,0.0057,7,82.4,100.0,100.0,76.9,100.0,73.1,89.8,0.6782,3.29,0.929,0.006,31,83.1,ok
C1290,0.0,33.3,51.4,8.3,16.7,72.8,0.0,1,0.0,0.0,2,36.6,0.0,33.3,51.4,16.7,16.7,72.8,0.0,1,0.0,0.0,4,37.4,ok
C1291,100.0,40.0,46.4,95.5,90.8,54.7,0.6212,1.6,0.268,0.009,35,66.4,94.7,40.0,46.4,95.5,100.0,54.7,0.589,1.8,0.301,0.0078,51,67.3,ok
C1292,100.0,100.0,50.6,90.6,79.8,83.2,0.6385,2.68,0.864,0.0059,96,76.3,100.0,100.0,50.6,40.6,73.5,83.2,0.6434,2.94,0.925,0.0059,166,70.1,ok
C1293,83.3,16.7,32.4,57.7,84.5,35.1,0.7313,1.82,0.818,0.0035,26,47.0,83.3,16.7,32.4,57.7,78.6,35.1,0.7287,1.88,0.875,0.0035,26,46.0,ok
C1294,87.5,100.0,50.5,100.0,85.3,86.4,0.6151,1.49,0.268,0.0037,14,79.0,83.3,100.0,50.5,100.0,86.3,86.4,0.7045,1.98,0.8,0.0035,26,78.7,ok
C1295,100.0,60.0,38.5,25.0,67.6,87.2,0.6231,3.82,0.983,0.0066,6,58.4,100.0,60.0,38.5,25.0,66.7,87.2,0.6129,3.88,1.0,0.0066,6,58.3,ok
C1296,100.0,40.0,55.6,29.2,67.5,100.0,0.6737,3.63,0.984,0.0077,7,63.1,100.0,40.0,55.6,50.0,66.7,100.0,0.6342,4,1.0,0.0077,26,65.1,ok
C1297,100.0,70.0,71.8,16.7,66.7,83.3,0.6956,3.23,1.0,0.0072,4,63.5,100.0,70.0,71.8,37.5,68.5,83.3,0.6995,3.28,0.974,0.0069,9,65.9,ok
C1298,100.0,76.7,72.9,37.1,71.6,100.0,0.6948,3.36,0.944,0.0052,4,72.1,100.0,76.7,72.9,33.0,66.7,100.0,0.6933,4,1.0,0.0051,3,70.8,ok
C1299,0.0,33.7,42.6,41.7,16.7,70.4,0.0,1,0.0,0.0,10,30.1,0.0,33.7,42.6,50.0,16.7,70.4,0.0,1,0.0,0.0,14,30.9,ok
C1300,100.0,83.3,48.7,100.0,90.4,94.0,0.6525,1.55,0.453,0.0055,32,78.7,93.8,83.3,48.7,100.0,66.9,94.0,0.6595,2.1,0.99,0.004,48,73.9,ok
C1301,100.0,52.2,100.0,87.5,76.5,100.0,0.6313,3.33,0.896,0.0076,9,82.9,100.0,52.2,100.0,100.0,66.7,100.0,0.6113,3.74,0.992,0.0076,15,82.5,ok
C1302,100.0,94.4,89.4,83.3,66.7,100.0,0.6878,3.83,1.0,0.0071,8,81.2,100.0,94.4,89.4,100.0,66.7,100.0,0.6801,3.85,1.0,0.0071,14,82.9,ok
C1303,100.0,100.0,83.9,100.0,67.8,60.6,0.705,1.23,0.231,0.0046,16,82.1,100.0,100.0,83.9,95.8,72.4,60.6,0.662,1.94,0.936,0.0045,11,82.5,ok
C1304,100.0,73.3,74.1,41.7,67.2,100.0,0.6205,3.92,0.987,0.0088,10,71.8,100.0,73.3,74.1,50.0,66.7,100.0,0.6047,4,1.0,0.0079,15,72.6,ok
C1305,90.2,93.3,100.0,75.0,73.7,93.5,0.5836,2.69,0.923,0.0092,6,85.2,100.0,93.3,100.0,100.0,79.2,93.5,0.6068,2.74,0.869,0.0085,18,89.8,ok
C1306,100.0,84.4,60.3,96.4,66.8,83.3,0.7237,3.95,0.991,0.007,14,72.8,100.0,84.4,60.3,96.4,66.7,83.3,0.7198,4,1.0,0.007,20,72.8,ok
C1307,100.0,75.6,88.8,57.7,77.2,94.7,0.6711,3.21,0.889,0.0058,6,79.3,100.0,75.6,88.8,53.6,66.9,94.7,0.6513,3.76,0.99,0.0062,5,77.1,ok
C1308,100.0,43.3,88.9,27.0,74.8,83.3,0.7265,3.38,0.912,0.0054,2,66.7,100.0,43.3,88.9,68.6,66.7,83.3,0.6826,4,1.0,0.0066,14,69.5,ok
C1309,100.0,100.0,60.7,100.0,82.0,89.7,0.63,3.66,0.842,0.0065,59,80.0,100.0,100.0,60.7,100.0,71.1,89.7,0.6217,4.09,0.949,0.0064,61,78.1,ok
C1310,100.0,66.7,76.9,77.9,68.8,96.9,0.6403,3.82,0.971,0.0054,8,74.6,100.0,66.7,76.9,94.5,66.7,96.9,0.6326,4,1.0,0.0055,17,76.0,ok
C1311,100.0,72.9,40.3,20.8,66.7,86.6,0.7645,4.15,1.0,0.0053,5,59.3,100.0,72.9,40.3,29.2,66.7,86.6,0.7576,4.15,1.0,0.0053,7,60.2,ok
C1312,0.0,0.0,29.4,25.0,33.3,63.6,0.0,1,0.0,0.0,6,28.8,0.0,0.0,29.4,50.0,33.3,63.6,0.0,1,0.0,0.0,12,31.4,ok
C1313,100.0,73.3,80.2,91.7,68.0,100.0,0.6425,3.74,0.979,0.006,10,79.1,100.0,73.3,80.2,100.0,66.7,100.0,0.6349,4,1.0,0.0063,15,79.7,ok
C1314,83.3,84.7,95.3,100.0,100.0,98.9,0.7142,2.43,0.641,0.0035,15,90.6,95.8,84.7,95.3,100.0,75.1,98.9,0.6482,3.38,0.91,0.0041,21,87.8,ok
C1315,100.0,94.4,97.7,58.8,90.0,83.3,0.603,2.49,0.764,0.0075,8,84.6,100.0,94.4,97.7,75.5,88.3,83.3,0.6067,2.74,0.78,0.0065,15,86.0,ok
C1316,100.0,84.4,89.4,100.0,80.8,100.0,0.6868,2.97,0.854,0.0065,13,87.0,100.0,84.4,89.4,100.0,66.7,100.0,0.6389,3.96,0.993,0.007,31,84.6,ok
C1317,100.0,93.3,88.5,95.0,73.1,88.4,0.6958,3.63,0.929,0.0067,16,83.1,100.0,93.3,88.5,95.0,68.3,88.4,0.6871,3.99,0.976,0.0068,24,82.3,ok
C1318,90.2,93.3,100.0,75.0,73.7,93.5,0.5836,2.69,0.923,0.0092,6,85.2,100.0,93.3,100.0,100.0,79.2,93.5,0.6068,2.74,0.869,0.0085,18,89.8,ok
C1319,100.0,70.0,93.4,57.2,77.5,100.0,0.6669,3.14,0.886,0.0069,5,79.4,100.0,70.0,93.4,73.9,68.9,100.0,0.6331,3.88,0.97,0.0072,9,79.6,ok
C1320,90.2,93.3,100.0,75.0,73.7,93.5,0.5836,2.69,0.923,0.0092,6,85.2,100.0,93.3,100.0,100.0,79.2,93.5,0.6068,2.74,0.869,0.0085,18,89.8,ok
C1321,100.0,100.0,89.4,10.1,75.5,93.7,0.6554,3.28,0.906,0.0068,1,76.3,100.0,100.0,89.4,30.9,70.7,93.7,0.6421,3.39,0.953,0.008,6,77.7,ok
C1322,100.0,43.3,89.4,90.3,71.8,100.0,0.6627,2.87,0.942,0.0075,10,79.7,100.0,43.3,89.4,98.6,66.7,100.0,0.6273,3.44,1.0,0.0062,18,79.6,ok
C1323,100.0,76.7,89.4,87.5,82.3,100.0,0.629,2.9,0.839,0.0059,9,84.9,100.0,76.7,89.4,83.3,67.1,100.0,0.6064,3.76,0.988,0.0059,8,81.9,ok
C1324,100.0,91.1,76.8,25.0,66.7,100.0,0.669,3.92,1.0,0.0064,6,73.8,100.0,91.1,76.8,41.7,66.7,100.0,0.6692,3.92,1.0,0.0064,10,75.5,ok
C1325,100.0,86.7,93.7,100.0,100.0,84.0,0.6689,2.44,0.609,0.0103,37,90.9,100.0,86.7,93.7,100.0,80.5,84.0,0.6569,2.99,0.857,0.01,33,87.6,ok
C1326,100.0,66.7,63.7,47.7,66.7,100.0,0.7194,3.9,1.0,0.0066,6,67.2,100.0,66.7,63.7,72.7,66.7,100.0,0.7132,3.94,1.0,0.0066,12,69.7,ok
C1327,90.2,93.3,100.0,75.0,73.7,93.5,0.5836,2.69,0.923,0.0092,6,85.2,100.0,93.3,100.0,100.0,79.2,93.5,0.6068,2.74,0.869,0.0085,18,89.8,ok
C1328,0.0,9.4,30.3,0.0,33.3,62.9,0.0,1,0.0,0.0,0,28.0,0.0,9.4,30.3,37.5,33.3,62.9,0.0,1,0.0,0.0,9,31.8,ok
C1329,100.0,55.6,88.3,48.1,78.2,100.0,0.6959,3.28,0.879,0.0055,5,75.8,100.0,55.6,88.3,64.8,66.7,100.0,0.6763,3.92,1.0,0.0058,9,75.5,ok
C1330,100.0,0.0,43.2,0.0,91.4,81.7,0.6627,1.57,0.571,0.0077,0,52.9,100.0,0.0,43.2,16.7,62.7,81.7,0.6627,1.2,0.2,0.0077,4,49.8,ok
C1331,100.0,73.3,86.1,79.2,67.1,100.0,0.6641,3.58,0.988,0.0074,7,77.1,100.0,73.3,86.1,100.0,66.7,100.0,0.6621,3.73,1.0,0.0074,12,79.1,ok
C1332,47.4,83.3,100.0,54.2,79.7,78.5,0.5512,2.76,0.865,0.0114,1,74.6,50.0,83.3,100.0,95.8,66.7,78.5,0.4864,3.84,1.0,0.0078,11,77.0,ok
C1333,100.0,70.0,63.5,91.7,72.2,91.8,0.7482,3.58,0.938,0.0058,10,72.1,100.0,70.0,63.5,100.0,66.7,91.8,0.727,3.95,0.992,0.0061,21,72.0,ok
C1334,89.6,100.0,54.3,100.0,72.6,100.0,0.7004,1.26,0.259,0.0038,29,80.0,89.6,100.0,54.3,100.0,66.7,100.0,0.7157,2,1.0,0.0038,50,79.0,ok
C1335,87.3,94.4,80.0,0.0,96.4,96.1,0.9017,1.67,0.667,0.0038,0,77.0,100.0,94.4,80.0,33.3,69.7,96.1,0.6991,1.96,0.962,0.0044,8,77.4,ok
C1336,100.0,100.0,61.0,100.0,59.7,79.2,0.6418,1.18,0.183,0.0044,28,78.6,100.0,100.0,61.0,100.0,82.8,79.2,0.7021,1.4,0.405,0.0044,35,82.5,ok
C1337,0.0,17.0,31.0,50.0,33.3,49.2,0.0,1,0.0,0.0,14,29.5,0.0,17.0,31.0,50.0,33.3,49.2,0.0,1,0.0,0.0,16,29.5,ok
C1338,100.0,31.1,53.2,63.0,69.0,97.9,0.6885,3.73,0.969,0.0067,10,63.3,100.0,31.1,53.2,71.4,66.7,97.9,0.6586,4,1.0,0.0067,17,63.8,ok
C1339,100.0,87.8,79.7,100.0,69.5,100.0,0.7151,3.5,0.964,0.0065,19,82.9,100.0,87.8,79.7,100.0,67.4,100.0,0.6743,3.93,0.985,0.0065,25,82.6,ok
C1340,100.0,82.2,76.3,14.3,66.7,100.0,0.7001,3.92,1.0,0.0061,3,68.2,100.0,82.2,76.3,35.2,66.7,100.0,0.6739,4,1.0,0.0061,8,70.3,ok
C1341,100.0,73.3,78.5,70.8,76.1,83.3,0.6899,3.63,0.9,0.0053,5,76.5,100.0,73.3,78.5,100.0,66.7,83.3,0.68,4,1.0,0.0054,35,77.9,ok
C1342,100.0,70.0,83.6,75.0,68.5,100.0,0.6933,3.53,0.974,0.0072,6,77.9,100.0,70.0,83.6,100.0,66.7,100.0,0.655,3.97,0.992,0.0072,14,80.2,ok
C1343,100.0,40.0,64.3,34.5,97.6,78.9,0.6046,2.18,0.689,0.0094,6,67.3,97.4,40.0,64.3,47.0,75.5,78.9,0.5922,2.73,0.906,0.0094,9,64.5,ok
C1344,100.0,70.0,78.8,76.4,66.7,99.6,0.6511,3.93,1.0,0.0056,14,74.5,100.0,70.0,78.8,76.4,66.7,99.6,0.6343,4,1.0,0.0061,21,74.5,ok
C1345,100.0,70.0,78.9,83.3,68.0,91.9,0.6764,3.56,0.979,0.0066,8,76.1,100.0,70.0,78.9,100.0,66.7,91.9,0.664,3.98,1.0,0.0067,19,77.6,ok
C1346,100.0,66.7,89.4,83.3,73.0,96.6,0.6384,3.46,0.93,0.0069,8,79.7,100.0,66.7,89.4,100.0,66.7,96.6,0.6094,3.81,1.0,0.0078,14,80.3,ok
C1347,100.0,100.0,54.6,68.2,94.4,78.1,0.7296,1.63,0.633,0.0054,18,79.4,100.0,100.0,54.6,68.2,66.7,78.1,0.7019,2,1.0,0.0058,33,74.7,ok
C1348,100.0,43.3,76.9,100.0,69.3,98.2,0.7492,3.6,0.966,0.0054,21,73.9,100.0,43.3,76.9,100.0,66.7,98.2,0.7199,3.94,0.995,0.0054,21,73.4,ok
C1349,100.0,100.0,89.4,87.5,67.4,100.0,0.6559,3.65,0.985,0.0072,9,84.3,100.0,100.0,89.4,95.8,66.7,100.0,0.6374,4,1.0,0.0072,11,85.0,ok
C1350,100.0,73.3,71.8,100.0,73.4,83.3,0.6948,3.56,0.926,0.0054,19,73.5,100.0,73.3,71.8,100.0,66.7,83.3,0.6782,3.86,1.0,0.0054,26,72.3,ok
C1351,85.4,87.1,38.1,54.8,95.5,82.0,0.7495,1.65,0.649,0.0036,10,67.9,91.7,87.1,38.1,63.2,69.8,82.0,0.7256,1.96,0.961,0.0039,17,65.1,ok
C1352,100.0,73.3,51.9,79.2,66.7,95.6,0.7036,4,1.0,0.0061,7,69.0,100.0,73.3,51.9,100.0,66.7,95.6,0.6935,4,1.0,0.0061,14,71.2,ok
C1353,100.0,64.4,76.9,44.5,67.5,92.2,0.6779,3.52,0.984,0.0062,5,71.0,100.0,64.4,76.9,65.3,66.7,92.2,0.6523,3.96,1.0,0.006,10,73.0,ok
C1354,100.0,70.0,86.8,79.7,69.4,100.0,0.7226,3.71,0.965,0.0058,8,77.6,100.0,70.0,86.8,96.4,66.7,100.0,0.6991,3.97,1.0,0.0066,28,78.8,ok
C1355,100.0,70.0,78.9,83.3,68.0,91.9,0.6764,3.56,0.979,0.0066,8,76.1,100.0,70.0,78.9,100.0,66.7,91.9,0.664,3.98,1.0,0.0067,19,77.6,ok
C1356,83.3,95.5,63.6,31.7,83.3,77.2,0.7394,1.41,0.415,0.0035,5,73.4,87.5,95.5,63.6,60.9,66.7,77.2,0.6889,2,1.0,0.0037,22,74.0,ok
C1357,83.1,100.0,89.6,58.3,100.0,47.2,0.5751,2,0.4,0.0047,2,79.9,100.0,100.0,89.6,95.8,75.5,47.2,0.6207,2.64,0.906,0.0057,11,81.6,ok
C1358,91.7,100.0,38.4,91.7,88.3,97.6,0.7036,1.9,0.78,0.0039,10,76.6,91.7,100.0,38.4,100.0,93.6,97.6,0.7066,1.83,0.729,0.0039,18,78.3,ok
C1359,100.0,70.0,86.6,79.7,70.7,100.0,0.7219,3.71,0.953,0.006,8,78.0,100.0,70.0,86.6,96.4,66.7,100.0,0.6982,4,1.0,0.0068,28,79.0,ok
C1360,100.0,100.0,89.4,87.5,67.4,100.0,0.6559,3.65,0.985,0.0072,9,84.3,100.0,100.0,89.4,95.8,66.7,100.0,0.6374,4,1.0,0.0072,11,85.0,ok
C1361,100.0,73.3,86.2,70.8,74.2,100.0,0.6578,3.53,0.918,0.0075,5,79.2,100.0,73.3,86.2,83.3,66.7,100.0,0.6333,3.98,1.0,0.0075,8,79.2,ok
C1362,100.0,70.0,76.6,100.0,66.7,99.3,0.6512,3.72,1.0,0.0077,14,76.4,100.0,70.0,76.6,100.0,66.7,99.3,0.6334,4.03,1.0,0.0075,18,76.4,ok
C1363,100.0,70.0,93.4,57.2,77.5,100.0,0.6669,3.14,0.886,0.0069,5,79.4,100.0,70.0,93.4,73.9,68.9,100.0,0.6331,3.88,0.97,0.0072,9,79.6,ok
C1364,89.6,99.9,58.4,45.8,93.9,0.0,0.621,1.62,0.62,0.0038,11,67.4,95.8,99.9,58.4,41.7,82.2,0.0,0.6199,1.84,0.84,0.0041,10,65.7,ok
C1365,100.0,70.0,93.4,57.2,77.5,100.0,0.6669,3.14,0.886,0.0069,5,79.4,100.0,70.0,93.4,73.9,68.9,100.0,0.6331,3.88,0.97,0.0072,9,79.6,ok
C1366,100.0,83.3,82.8,100.0,100.0,96.4,0.6602,1.77,0.487,0.0073,26,89.0,100.0,83.3,82.8,100.0,96.6,96.4,0.6676,1.94,0.699,0.0056,48,88.4,ok
C1367,100.0,70.0,89.4,57.0,66.7,100.0,0.662,3.7,1.0,0.0057,3,76.4,100.0,70.0,89.4,69.5,66.7,100.0,0.6311,4.02,1.0,0.0063,6,77.7,ok
C1368,100.0,82.2,76.3,14.3,66.7,100.0,0.7001,3.92,1.0,0.0061,3,68.2,100.0,82.2,76.3,35.2,66.7,100.0,0.6739,4,1.0,0.0061,8,70.3,ok
C1369,0.0,33.3,21.1,0.0,16.7,63.2,0.0,1,0.0,0.0,0,24.5,0.0,33.3,21.1,0.0,16.7,63.2,0.0,1,0.0,0.0,0,24.5,ok
C1370,100.0,73.3,78.1,30.2,66.7,99.6,0.6877,3.86,1.0,0.0061,3,71.6,100.0,73.3,78.1,46.9,66.7,99.6,0.6656,4.01,1.0,0.0062,7,73.3,ok
C1371,0.0,12.5,36.9,0.0,16.7,51.3,0.0,1,0.0,0.0,0,23.3,0.0,12.5,36.9,8.3,16.7,51.3,0.0,1,0.0,0.0,2,24.1,ok
C1372,100.0,0.0,40.0,16.7,99.5,75.2,0.5969,1.73,0.6,0.0061,4,55.7,100.0,0.0,40.0,45.8,83.6,75.2,0.608,2.09,0.826,0.0061,11,56.0,ok
C1373,90.2,93.3,100.0,75.0,73.7,93.5,0.5836,2.69,0.923,0.0092,6,85.2,100.0,93.3,100.0,100.0,79.2,93.5,0.6068,2.74,0.869,0.0085,18,89.8,ok
C1374,100.0,58.9,97.8,95.8,66.7,93.4,0.6191,3.42,1.0,0.0077,11,80.6,100.0,58.9,97.8,100.0,66.7,93.4,0.6044,3.62,1.0,0.0077,15,81.0,ok
C1375,100.0,66.7,70.4,100.0,66.7,83.3,0.7322,3.8,1.0,0.0077,16,72.9,100.0,66.7,70.4,100.0,66.7,83.3,0.7011,4,1.0,0.0077,44,72.9,ok
C1376,90.2,93.3,100.0,75.0,73.7,93.5,0.5836,2.69,0.923,0.0092,6,85.2,100.0,93.3,100.0,100.0,79.2,93.5,0.6068,2.74,0.869,0.0085,18,89.8,ok
C1377,100.0,73.3,81.5,40.0,68.8,83.3,0.6825,3.71,0.971,0.0065,6,70.6,100.0,73.3,81.5,65.0,66.7,83.3,0.6701,3.94,1.0,0.006,13,72.8,ok
C1378,100.0,85.6,100.0,77.1,97.1,41.1,0.6228,2.39,0.694,0.0102,10,80.3,100.0,85.6,100.0,81.3,70.2,41.1,0.6275,3.01,0.957,0.0086,11,76.1,ok
C1379,100.0,66.7,70.4,100.0,66.7,83.3,0.7322,3.8,1.0,0.0077,16,72.9,100.0,66.7,70.4,100.0,66.7,83.3,0.7011,4,1.0,0.0077,44,72.9,ok
C1380,100.0,73.3,78.7,57.0,76.3,83.3,0.6796,3.46,0.898,0.0063,8,73.7,100.0,73.3,78.7,65.3,66.9,83.3,0.6705,3.9,0.99,0.0063,10,73.0,ok
C1381,100.0,93.3,88.5,100.0,72.0,86.8,0.6927,3.58,0.94,0.0068,16,83.3,100.0,93.3,88.5,100.0,69.5,86.8,0.6838,3.89,0.964,0.0063,25,82.9,ok
C1382,100.0,55.6,86.5,83.3,74.0,88.2,0.6843,3.25,0.92,0.0064,8,77.5,100.0,55.6,86.5,100.0,66.7,88.2,0.6426,3.95,1.0,0.0067,25,78.0,ok
C1383,100.0,48.9,88.9,87.5,71.0,100.0,0.6965,3.29,0.95,0.0061,9,78.8,100.0,48.9,88.9,91.7,66.7,100.0,0.6462,3.97,0.992,0.0063,10,78.5,ok
C1384,0.0,9.9,28.6,12.5,16.7,35.4,0.0,1,0.0,0.0,3,17.2,0.0,9.9,28.6,29.2,16.7,35.4,0.0,1,0.0,0.0,7,18.9,ok
C1385,100.0,100.0,89.4,87.5,67.4,100.0,0.6559,3.65,0.985,0.0072,9,84.3,100.0,100.0,89.4,95.8,66.7,100.0,0.6374,4,1.0,0.0072,11,85.0,ok
C1386,100.0,84.4,83.7,48.9,69.0,95.7,0.6832,3.66,0.969,0.0064,9,76.2,100.0,84.4,83.7,57.2,66.7,95.7,0.6727,3.88,1.0,0.0068,11,76.7,ok
C1387,100.0,70.0,95.6,58.1,79.8,99.0,0.6875,2.95,0.864,0.0068,5,80.2,100.0,70.0,95.6,74.8,68.8,99.0,0.64,3.94,0.971,0.0072,9,80.1,ok
C1388,100.0,73.3,78.1,30.2,66.7,99.6,0.6877,3.86,1.0,0.0061,3,71.6,100.0,73.3,78.1,46.9,66.7,99.6,0.6656,4.01,1.0,0.0062,7,73.3,ok
C1389,100.0,77.8,61.5,83.9,74.2,86.8,0.6262,3.47,0.918,0.0071,9,72.8,100.0,77.8,61.5,96.4,66.7,86.8,0.6255,3.76,1.0,0.0071,20,72.7,ok
C1390,100.0,73.3,65.5,18.5,71.3,100.0,0.698,3.79,0.947,0.0056,4,66.3,100.0,73.3,65.5,31.0,67.4,100.0,0.6899,3.94,0.985,0.0056,7,66.9,ok
C1391,100.0,73.3,70.5,25.0,68.8,100.0,0.7083,3.71,0.971,0.0056,6,70.5,100.0,73.3,70.5,29.2,66.7,100.0,0.6719,4,1.0,0.0062,7,70.6,ok
C1392,100.0,64.4,77.1,29.0,67.4,92.2,0.6786,3.46,0.985,0.0063,5,69.6,100.0,64.4,77.1,49.8,66.7,92.2,0.6537,3.88,1.0,0.0063,10,71.6,ok
C1393,100.0,50.0,44.7,67.0,66.7,94.6,0.659,4,1.0,0.0063,8,63.6,100.0,50.0,44.7,83.6,66.7,94.6,0.6508,4,1.0,0.0063,16,65.3,ok
C1394,100.0,70.0,86.6,73.3,67.8,83.5,0.6606,3.57,0.981,0.007,7,76.0,100.0,70.0,86.6,94.1,66.7,83.5,0.6507,3.96,1.0,0.007,18,78.0,ok
C1395,100.0,67.8,86.5,55.9,72.4,98.0,0.6106,3.78,0.936,0.0072,21,77.6,100.0,67.8,86.5,55.9,69.4,98.0,0.6118,3.91,0.965,0.0072,28,77.1,ok
C1396,100.0,66.7,87.5,83.3,68.8,98.8,0.6502,3.81,0.971,0.0054,8,78.2,100.0,66.7,87.5,100.0,66.7,98.8,0.6403,3.98,1.0,0.0055,17,79.5,ok
C1397,100.0,83.3,92.6,50.0,69.8,86.5,0.6716,3.68,0.961,0.006,18,78.6,100.0,83.3,92.6,50.0,66.7,86.5,0.6553,3.97,0.992,0.0063,27,78.0,ok
C1398,100.0,100.0,89.4,87.5,67.4,100.0,0.6559,3.65,0.985,0.0072,9,84.3,100.0,100.0,89.4,95.8,66.7,100.0,0.6374,4,1.0,0.0072,11,85.0,ok
C1399,0.0,0.0,29.4,41.7,33.3,24.9,0.0,1,0.0,0.0,10,22.7,0.0,0.0,29.4,50.0,33.3,24.9,0.0,1,0.0,0.0,12,23.5,ok
C1400,100.0,70.0,78.8,76.4,66.7,99.6,0.6511,3.93,1.0,0.0056,14,74.5,100.0,70.0,78.8,76.4,66.7,99.6,0.6343,4,1.0,0.0061,21,74.5,ok
C1401,100.0,33.3,45.0,16.7,73.1,69.1,0.7367,3.21,0.929,0.008,4,55.5,100.0,33.3,45.0,16.7,80.1,69.1,0.7068,3.25,0.861,0.008,4,56.7,ok
C1402,100.0,70.0,78.9,83.3,68.0,91.9,0.6764,3.56,0.979,0.0066,8,76.1,100.0,70.0,78.9,100.0,66.7,91.9,0.664,3.98,1.0,0.0067,19,77.6,ok
C1403,0.0,0.0,42.8,46.8,33.3,49.0,0.0,1,0.0,0.0,6,31.6,0.0,0.0,42.8,71.8,33.3,49.0,0.0,1,0.0,0.0,17,34.2,ok
C1404,100.0,58.9,89.4,85.7,77.5,100.0,0.725,3.09,0.886,0.0062,9,80.6,100.0,58.9,89.4,94.0,66.7,100.0,0.6617,4,1.0,0.0062,11,79.6,ok
C1405,100.0,84.4,89.4,52.0,70.7,100.0,0.6552,3.58,0.953,0.0062,9,79.8,100.0,84.4,89.4,64.5,66.7,100.0,0.6406,4,1.0,0.0062,22,80.4,ok
C1406,100.0,100.0,100.0,62.5,66.7,100.0,0.7068,4,1.0,0.0051,3,85.5,100.0,100.0,100.0,91.7,66.7,100.0,0.6843,4,1.0,0.0051,10,88.4,ok
C1407,100.0,61.1,82.8,20.8,66.7,100.0,0.6909,3.81,1.0,0.0067,5,72.2,100.0,61.1,82.8,45.8,66.7,100.0,0.6665,3.95,1.0,0.0067,11,74.7,ok
C1408,100.0,43.3,88.9,27.0,74.8,83.3,0.7265,3.38,0.912,0.0054,2,66.7,100.0,43.3,88.9,68.6,66.7,83.3,0.6826,4,1.0,0.0066,14,69.5,ok
C1409,100.0,70.0,75.6,38.1,66.7,93.2,0.7077,4,1.0,0.006,5,69.6,100.0,70.0,75.6,54.8,66.7,93.2,0.7,4,1.0,0.0063,9,71.3,ok
C1410,100.0,70.0,76.6,100.0,66.7,99.3,0.6512,3.72,1.0,0.0077,14,76.4,100.0,70.0,76.6,100.0,66.7,99.3,0.6334,4.03,1.0,0.0075,18,76.4,ok
C1411,100.0,48.9,76.7,83.3,67.9,95.6,0.6373,3.52,0.98,0.0065,8,73.9,100.0,48.9,76.7,100.0,66.7,95.6,0.6247,3.94,1.0,0.0067,14,75.4,ok
C1412,100.0,72.2,85.3,83.3,66.7,97.1,0.6091,2.64,1.0,0.0089,8,79.6,100.0,72.2,85.3,100.0,79.8,97.1,0.611,2.67,0.864,0.0066,18,83.5,ok
C1413,100.0,63.3,79.7,29.2,70.9,100.0,0.6476,3.72,0.951,0.006,7,69.2,100.0,63.3,79.7,45.8,66.7,100.0,0.6258,4,1.0,0.006,11,70.2,ok
C1414,100.0,84.4,89.4,100.0,80.8,100.0,0.6868,2.97,0.854,0.0065,13,87.0,100.0,84.4,89.4,100.0,66.7,100.0,0.6389,3.96,0.993,0.007,31,84.6,ok
C1415,0.0,16.7,46.6,100.0,16.7,72.7,0.0,1,0.0,0.0,44,45.3,0.0,16.7,46.6,50.0,16.7,72.7,0.0,1,0.0,0.0,154,40.2,ok
C1416,100.0,84.8,50.1,46.2,69.8,98.8,0.67,3.45,0.961,0.0063,10,73.4,100.0,84.8,50.1,54.5,66.7,98.8,0.6815,5.38,1.0,0.0083,12,73.7,ok
C1417,100.0,66.7,82.0,75.0,69.7,100.0,0.7068,3.81,0.962,0.0068,6,74.3,100.0,66.7,82.0,100.0,66.7,100.0,0.7005,3.96,1.0,0.0065,12,76.3,ok
C1418,100.0,61.1,100.0,61.7,66.7,100.0,0.6764,3.32,1.0,0.0071,4,79.4,100.0,61.1,100.0,74.2,66.7,100.0,0.6322,4.02,1.0,0.0063,7,80.7,ok
C1419,100.0,93.3,96.9,50.8,82.5,98.2,0.6932,3.09,0.837,0.0065,4,85.6,100.0,93.3,96.9,84.1,66.7,98.2,0.6638,4.12,1.0,0.0065,12,86.3,ok
C1420,100.0,73.3,67.2,45.8,66.7,100.0,0.6428,3.79,1.0,0.0059,11,71.7,100.0,73.3,67.2,50.0,66.7,100.0,0.6248,4,1.0,0.0059,15,72.2,ok
C1421,100.0,73.3,85.3,79.2,68.8,91.9,0.6048,3.84,0.971,0.006,7,78.1,100.0,73.3,85.3,100.0,66.7,91.9,0.6058,4,1.0,0.0062,15,79.8,ok
C1422,100.0,64.4,80.6,20.8,71.0,83.3,0.646,3.5,0.95,0.0067,5,66.9,100.0,64.4,80.6,50.0,67.4,83.3,0.6218,3.88,0.985,0.0067,18,69.2,ok
C1423,100.0,74.4,29.4,100.0,69.9,50.4,0.686,1.24,0.244,0.0053,23,60.6,100.0,74.4,29.4,100.0,79.8,50.4,0.6827,1.34,0.336,0.0053,26,62.3,ok
C1424,100.0,94.4,99.7,100.0,72.4,88.3,0.6724,2.47,0.936,0.008,16,85.7,100.0,94.4,99.7,100.0,78.6,88.3,0.6508,3.02,0.875,0.006,28,86.8,ok
C1425,100.0,66.7,87.5,83.3,68.8,98.8,0.6502,3.81,0.971,0.0054,8,78.2,100.0,66.7,87.5,100.0,66.7,98.8,0.6403,3.98,1.0,0.0055,17,79.5,ok
C1426,100.0,47.4,29.4,16.7,66.7,93.3,0.6217,3.69,1.0,0.005,4,53.0,100.0,47.4,29.4,25.0,66.7,93.3,0.6218,3.71,1.0,0.005,6,53.9,ok
C1427,100.0,93.3,96.8,66.8,73.5,97.8,0.6997,3.3,0.925,0.0065,6,85.6,100.0,93.3,96.8,91.8,66.7,97.8,0.6655,4.07,1.0,0.0065,13,86.9,ok
C1428,100.0,58.9,80.9,68.0,70.7,94.3,0.6823,3.59,0.953,0.0054,10,74.0,100.0,58.9,80.9,72.2,66.7,94.3,0.6717,4,1.0,0.0054,11,73.8,ok
C1429,100.0,70.0,78.9,83.3,68.0,91.9,0.6764,3.56,0.979,0.0066,8,76.1,100.0,70.0,78.9,100.0,66.7,91.9,0.664,3.98,1.0,0.0067,19,77.6,ok
C1430,100.0,70.0,78.9,83.3,68.0,91.9,0.6764,3.56,0.979,0.0066,8,76.1,100.0,70.0,78.9,100.0,66.7,91.9,0.664,3.98,1.0,0.0067,19,77.6,ok
C1431,100.0,70.0,75.6,38.1,66.7,93.2,0.7077,4,1.0,0.006,5,69.6,100.0,70.0,75.6,54.8,66.7,93.2,0.7,4,1.0,0.0063,9,71.3,ok
C1432,100.0,70.0,75.6,38.1,66.7,93.2,0.7077,4,1.0,0.006,5,69.6,100.0,70.0,75.6,54.8,66.7,93.2,0.7,4,1.0,0.0063,9,71.3,ok
C1433,100.0,84.8,50.1,46.2,69.8,98.8,0.67,3.45,0.961,0.0063,10,73.4,100.0,84.8,50.1,54.5,66.7,98.8,0.6815,5.38,1.0,0.0083,12,73.7,ok
C1434,100.0,84.8,50.1,46.2,69.8,98.8,0.67,3.45,0.961,0.0063,10,73.4,100.0,84.8,50.1,54.5,66.7,98.8,0.6815,5.38,1.0,0.0083,12,73.7,ok
C1435,100.0,66.7,84.0,27.2,70.4,100.0,0.6855,3.45,0.955,0.0061,5,72.2,100.0,66.7,84.0,35.5,67.3,100.0,0.677,3.89,0.986,0.0061,7,72.5,ok
C1436,81.2,6.7,29.4,50.0,90.3,70.1,0.6461,1.76,0.761,0.0034,21,53.2,81.2,6.7,29.4,50.0,74.3,70.1,0.6431,1.92,0.917,0.0034,23,50.5,ok
C1437,0.0,86.3,62.5,20.8,33.3,83.3,0.0,1,0.0,0.0,5,50.8,100.0,86.3,62.5,50.0,100.0,83.3,0.6732,2.03,0.5,0.007,16,77.0,ok
C1438,100.0,61.1,100.0,34.9,80.5,100.0,0.7019,2.96,0.857,0.007,5,78.6,100.0,61.1,100.0,43.3,67.4,100.0,0.6517,3.93,0.985,0.0063,7,77.3,ok
C1439,100.0,66.7,87.5,83.3,68.8,98.8,0.6502,3.81,0.971,0.0054,8,78.2,100.0,66.7,87.5,100.0,66.7,98.8,0.6403,3.98,1.0,0.0055,17,79.5,ok
C1440,100.0,8.4,29.4,50.0,66.7,74.8,0.7063,3.89,0.994,0.0057,18,49.1,100.0,8.4,29.4,50.0,66.7,74.8,0.7016,4,1.0,0.0061,24,49.1,ok
C1441,100.0,73.3,71.7,58.3,68.3,97.1,0.6529,3.82,0.976,0.0062,8,72.5,100.0,73.3,71.7,75.0,66.7,97.1,0.6374,3.96,1.0,0.0063,18,73.9,ok
C1442,100.0,70.0,78.9,83.3,68.0,91.9,0.6764,3.56,0.979,0.0066,8,76.1,100.0,70.0,78.9,100.0,66.7,91.9,0.664,3.98,1.0,0.0067,19,77.6,ok
C1443,100.0,73.3,84.2,66.4,71.7,94.4,0.7038,3.6,0.943,0.0054,6,77.1,100.0,73.3,84.2,66.4,66.9,94.4,0.6878,3.96,0.99,0.0052,6,76.3,ok
C1444,100.0,66.7,100.0,32.0,79.7,100.0,0.6624,2.95,0.865,0.0066,2,81.1,100.0,66.7,100.0,52.8,66.7,100.0,0.6059,3.98,1.0,0.0066,7,81.1,ok
C1445,100.0,70.0,63.5,91.7,72.2,91.8,0.7482,3.58,0.938,0.0058,10,72.1,100.0,70.0,63.5,100.0,66.7,91.8,0.727,3.95,0.992,0.0061,21,72.0,ok
C1446,100.0,70.0,78.9,83.3,68.0,91.9,0.6764,3.56,0.979,0.0066,8,76.1,100.0,70.0,78.9,100.0,66.7,91.9,0.664,3.98,1.0,0.0067,19,77.6,ok
C1447,21.9,86.7,82.1,0.0,80.5,89.9,0.4686,4.43,0.857,0.0122,0,64.7,21.9,86.7,82.1,16.7,66.7,89.9,0.501,4.57,1.0,0.0122,4,64.0,ok
C1448,100.0,100.0,99.1,50.0,85.4,58.3,0.6878,2.94,0.809,0.0094,202,83.8,100.0,100.0,99.1,50.0,71.3,58.3,0.6223,3.82,0.947,0.0074,207,81.4,ok
C1449,71.1,100.0,47.8,100.0,87.4,83.0,0.9742,1.49,0.412,0.0071,23,77.1,70.8,100.0,47.8,95.0,68.6,83.0,0.7313,2.08,0.973,0.0029,100,73.4,ok
C1450,0.0,66.7,47.0,84.8,33.3,87.5,0.0,1,0.0,0.0,10,53.2,52.1,66.7,47.0,93.2,79.1,87.5,0.7707,1.87,0.87,0.002,19,68.0,ok
C1451,100.0,93.3,100.0,100.0,91.3,79.7,0.6784,2.19,0.751,0.0085,68,92.0,100.0,93.3,100.0,100.0,68.2,79.7,0.6076,4.33,0.977,0.0076,58,88.1,ok
C1452,71.9,98.4,100.0,100.0,100.0,77.5,0.7842,1.79,0.352,0.0122,21,91.6,100.0,98.4,100.0,100.0,68.7,77.5,0.7664,2.71,0.972,0.0069,39,89.6,ok
C1453,100.0,100.0,100.0,100.0,98.6,71.4,0.6533,2.6,0.68,0.0099,82,94.4,100.0,100.0,100.0,97.5,67.2,71.4,0.6183,3.9,0.987,0.0097,98,88.8,ok
C1454,48.4,100.0,42.6,91.8,71.8,79.4,0.5341,3.13,0.942,0.0105,18,69.0,50.0,100.0,42.6,91.8,66.7,79.4,0.5114,3.87,0.993,0.009,12,68.4,ok
C1455,100.0,100.0,89.4,95.5,100.0,63.8,0.6061,2.37,0.595,0.0077,75,89.7,100.0,100.0,89.4,95.5,72.0,63.8,0.6101,3.15,0.94,0.0067,87,85.0,ok
C1456,100.0,100.0,93.3,50.0,91.4,65.2,0.7397,1.75,0.75,0.0045,0,83.8,58.7,100.0,93.3,100.0,78.0,65.2,0.5461,3.19,0.881,0.0069,21,81.7,ok
C1457,100.0,92.6,52.7,82.3,75.7,100.0,0.6987,1.9,0.904,0.0087,21,78.2,100.0,92.6,52.7,82.3,67.6,100.0,0.6875,1.98,0.983,0.0077,39,76.9,ok
C1458,97.9,100.0,100.0,100.0,87.5,100.0,0.6182,2.16,0.788,0.0042,13,93.9,100.0,100.0,100.0,100.0,68.2,100.0,0.6576,3.79,0.977,0.0053,58,90.9,ok
C1459,71.1,96.7,47.8,100.0,87.4,83.2,0.9742,1.49,0.412,0.0071,23,76.7,70.8,96.7,47.8,96.2,68.6,83.2,0.7291,2.08,0.973,0.0029,99,73.0,ok
C1460,100.0,66.7,100.0,50.0,80.1,89.7,0.6084,4.32,0.861,0.0098,140,83.5,87.6,66.7,100.0,50.0,69.9,89.7,0.5805,5.44,0.96,0.0081,235,80.3,ok
C1461,71.2,100.0,86.3,100.0,99.2,63.2,0.561,2.01,0.279,0.0094,30,82.6,93.9,100.0,86.3,100.0,66.7,63.2,0.588,2.97,1.0,0.0063,28,79.7,ok
C1462,100.0,100.0,100.0,100.0,84.0,87.4,0.6894,2.46,0.822,0.0051,23,92.7,100.0,100.0,100.0,100.0,67.6,87.4,0.6087,3.8,0.983,0.0059,69,89.9,ok
C1463,100.0,100.0,100.0,100.0,91.4,87.8,0.7008,2.43,0.75,0.005,62,95.0,100.0,100.0,100.0,100.0,66.7,87.8,0.6666,4.06,0.995,0.0062,68,90.8,ok
C1464,95.3,93.3,100.0,50.0,98.9,99.0,0.6526,2.93,0.677,0.0107,174,91.4,100.0,93.3,100.0,50.0,75.1,99.0,0.6159,4.22,0.91,0.0081,237,87.9,ok
C1465,100.0,100.0,100.0,100.0,82.2,91.7,0.6248,3.0,0.84,0.0076,20,93.1,100.0,100.0,100.0,100.0,73.5,91.7,0.6384,3.49,0.925,0.0071,42,91.6,ok
C1466,100.0,90.0,91.9,100.0,69.6,86.6,0.6075,4.66,0.963,0.0078,15,86.9,100.0,90.0,91.9,100.0,74.6,86.6,0.5965,5.01,0.914,0.0062,38,87.7,ok
C1467,100.0,83.3,100.0,50.0,88.0,65.3,0.6409,3.55,0.783,0.0096,350,85.1,87.1,83.3,100.0,50.0,70.4,65.3,0.5799,5.61,0.955,0.009,383,80.6,ok
C1468,0.0,100.0,47.3,100.0,33.3,55.6,0.0,1,0.0,0.0,26,56.4,85.4,100.0,47.3,100.0,85.4,55.6,0.7054,1.85,0.809,0.0036,43,75.5,ok
C1469,100.0,41.7,92.3,50.0,85.8,35.1,0.6202,4.11,0.805,0.0085,628,73.0,100.0,41.7,92.3,50.0,78.0,35.1,0.6008,5.07,0.881,0.0076,638,71.6,ok
C1470,100.0,100.0,100.0,100.0,100.0,74.4,0.8132,2.02,0.614,0.0071,31,94.3,100.0,100.0,100.0,68.8,77.0,74.4,0.6839,2.5,0.891,0.0052,121,87.2,ok
C1471,100.0,100.0,100.0,50.0,70.1,84.3,0.6866,3.66,0.958,0.0071,160,86.0,100.0,100.0,100.0,50.0,72.1,84.3,0.6263,4.2,0.939,0.0074,158,86.4,ok
C1472,58.2,100.0,96.7,96.4,94.9,93.4,0.9753,1.64,0.421,0.0037,15,88.9,100.0,100.0,96.7,96.4,68.7,93.4,0.6473,3.85,0.972,0.0063,47,89.4,ok
C1473,100.0,90.0,100.0,50.0,91.9,73.8,0.6283,2.61,0.745,0.0068,159,87.5,100.0,90.0,100.0,50.0,69.3,73.8,0.6242,3.79,0.966,0.0076,164,83.7,ok
C1474,100.0,100.0,100.0,66.7,77.9,81.0,0.6027,2.56,0.882,0.0102,4,85.3,100.0,100.0,100.0,100.0,70.1,81.0,0.6059,3.04,0.958,0.0075,12,87.4,ok
C1475,100.0,100.0,100.0,100.0,100.0,72.8,0.6588,1.83,0.568,0.0065,39,92.6,100.0,100.0,100.0,100.0,66.7,72.8,0.6027,3.78,1.0,0.0068,53,86.9,ok
C1476,100.0,100.0,100.0,100.0,67.6,92.2,0.6882,1.31,0.194,0.0083,14,88.7,100.0,100.0,100.0,100.0,74.7,92.2,0.6097,2.63,0.913,0.0044,46,89.9,ok
C1477,100.0,86.0,100.0,100.0,72.9,88.8,0.7308,3.22,0.931,0.0103,14,88.3,100.0,86.0,100.0,100.0,67.6,88.8,0.6501,4.29,0.983,0.0055,23,87.4,ok
C1478,81.3,73.3,100.0,100.0,76.3,87.3,0.573,4.04,0.898,0.0093,18,84.8,64.0,73.3,100.0,100.0,66.7,87.3,0.5524,4.75,0.994,0.0076,41,81.1,ok
C1479,100.0,100.0,100.0,100.0,81.1,72.3,0.8747,2.38,0.851,0.0055,27,90.6,100.0,100.0,100.0,100.0,69.2,72.3,0.787,3.32,0.967,0.0053,56,88.5,ok
C1480,87.2,100.0,30.3,50.0,87.3,61.5,0.58,2.32,0.79,0.008,31,65.7,84.8,100.0,30.3,50.0,78.9,61.5,0.5772,2.49,0.872,0.0071,34,64.0,ok
C1481,100.0,41.7,82.3,50.0,87.8,72.0,0.6508,3.37,0.785,0.0063,202,76.8,89.3,41.7,82.3,50.0,74.4,72.0,0.5826,5.01,0.916,0.0069,196,73.2,ok
C1482,100.0,100.0,80.6,100.0,79.1,84.1,0.7576,1.52,0.202,0.0051,59,87.6,100.0,100.0,80.6,92.5,69.1,84.1,0.626,3.1,0.968,0.0051,102,85.2,ok
C1483,50.0,100.0,89.4,100.0,100.0,49.3,0.4765,3.02,0.52,0.0071,32,79.8,50.0,100.0,89.4,100.0,100.0,49.3,0.5195,3.14,0.619,0.0073,62,79.8,ok
C1484,100.0,100.0,100.0,70.0,100.0,79.0,0.7111,1.8,0.511,0.0081,120,92.0,100.0,100.0,100.0,50.0,75.5,79.0,0.6706,2.28,0.906,0.0054,441,85.8,ok
C1485,80.9,100.0,100.0,100.0,89.9,70.8,0.5725,2.67,0.765,0.0075,88,88.7,77.7,100.0,100.0,71.2,80.1,70.8,0.5687,2.99,0.861,0.0072,119,83.7,ok
C1486,100.0,100.0,92.2,50.0,74.8,69.6,0.6595,3.53,0.912,0.0062,345,80.7,100.0,100.0,92.2,50.0,68.9,69.6,0.6316,3.99,0.97,0.0063,591,79.6,ok
C1487,50.0,72.2,35.1,66.7,57.3,54.0,0.8868,1.17,0.167,0.0012,4,54.9,77.1,72.2,35.1,100.0,72.4,54.0,0.7301,1.26,0.257,0.0032,21,64.1,ok
C1488,100.0,100.0,95.4,100.0,66.3,98.9,0.6357,1.26,0.205,0.0071,32,89.1,100.0,100.0,95.4,100.0,68.9,98.9,0.6253,3.6,0.97,0.0069,31,89.6,ok
C1489,100.0,96.7,100.0,50.0,88.8,74.2,0.6957,3.0,0.776,0.0079,313,87.5,100.0,96.7,100.0,50.0,70.2,74.2,0.6188,3.96,0.957,0.0065,511,84.4,ok
C1490,90.6,50.0,100.0,50.0,77.0,51.8,0.663,3.79,0.891,0.011,177,74.2,100.0,50.0,100.0,50.0,67.5,51.8,0.6004,4.7,0.984,0.0089,222,73.7,ok
C1491,55.1,90.7,100.0,70.8,66.7,80.4,0.5418,4.69,1.0,0.0088,5,77.5,100.0,90.7,100.0,100.0,68.0,80.4,0.6251,4.54,0.979,0.0049,28,86.0,ok
C1492,90.6,45.0,100.0,50.0,88.8,9.4,0.6154,3.06,0.776,0.011,486,70.1,79.0,45.0,100.0,50.0,74.3,9.4,0.5759,3.85,0.917,0.0107,504,66.3,ok
C1493,100.0,96.7,100.0,86.8,83.9,73.5,0.7011,4.62,0.823,0.0066,35,88.9,100.0,96.7,100.0,86.8,70.9,73.5,0.6773,5.15,0.951,0.0065,55,86.7,ok
C1494,100.0,100.0,100.0,100.0,100.0,100.0,0.6269,2.16,0.644,0.0056,36,97.9,80.1,100.0,100.0,100.0,66.7,100.0,0.5716,4.02,0.992,0.007,33,89.8,ok
C1495,100.0,83.3,93.3,100.0,74.4,72.9,0.6637,3.82,0.916,0.0101,57,86.9,100.0,83.3,93.3,100.0,67.2,72.9,0.6626,4.47,0.987,0.0085,71,85.7,ok
C1496,54.7,60.0,100.0,100.0,81.6,5.8,0.6301,3.24,0.846,0.0133,76,70.7,67.9,60.0,100.0,100.0,67.5,5.8,0.557,4.52,0.984,0.0091,65,69.9,ok
C1497,100.0,100.0,100.0,91.7,55.9,48.7,0.6234,1.22,0.133,0.0103,10,80.3,84.5,100.0,100.0,100.0,72.1,48.7,0.5768,2.64,0.939,0.0093,21,82.1,ok
C1498,100.0,86.7,90.4,53.9,77.8,56.0,0.6566,3.81,0.883,0.0082,130,78.9,100.0,86.7,90.4,46.4,68.3,56.0,0.6483,4.4,0.976,0.0083,204,76.5,ok
C1499,100.0,76.7,100.0,92.5,92.2,69.7,0.655,3.24,0.742,0.0077,102,89.3,100.0,76.7,100.0,50.0,83.2,69.7,0.6555,4.34,0.83,0.0068,232,83.4,ok
C1500,66.6,83.3,100.0,100.0,81.2,68.8,0.5555,2.5,0.85,0.0098,24,82.5,50.0,83.3,100.0,100.0,84.8,68.8,0.5326,2.88,0.815,0.0075,43,81.2,ok
C1501,100.0,80.0,100.0,92.5,98.9,84.8,0.6859,2.48,0.677,0.0082,102,92.4,100.0,80.0,100.0,50.0,76.3,84.8,0.6058,3.62,0.898,0.0072,182,84.2,ok
C1502,100.0,100.0,100.0,100.0,100.0,79.1,0.6534,1.93,0.526,0.0048,29,94.7,100.0,100.0,100.0,100.0,68.7,79.1,0.6363,3.71,0.972,0.0057,91,89.4,ok
C1503,100.0,100.0,100.0,100.0,76.9,83.3,0.7385,4.59,0.892,0.0058,16,89.9,100.0,100.0,100.0,100.0,72.0,83.3,0.7378,5.22,0.94,0.006,40,89.0,ok
C1504,100.0,83.3,91.7,95.8,100.0,97.3,0.6151,1.99,0.582,0.0089,27,91.9,100.0,83.3,91.7,95.8,96.5,97.3,0.6422,2.05,0.7,0.007,79,91.3,ok
C1505,50.0,100.0,49.0,58.3,86.1,100.0,0.7719,1.83,0.167,0.0136,2,73.3,100.0,100.0,49.0,75.0,100.0,100.0,0.7072,2.37,0.657,0.0096,6,83.3,ok
C1506,100.0,99.2,100.0,100.0,66.7,100.0,0.7119,4.99,1.0,0.0083,14,89.9,100.0,99.2,100.0,100.0,66.7,100.0,0.7138,5.32,1.0,0.0083,28,89.9,ok
C1507,100.0,100.0,89.4,100.0,91.6,45.4,0.8012,1.87,0.748,0.0085,67,84.9,100.0,100.0,89.4,100.0,69.6,45.4,0.6379,2.52,0.963,0.007,69,81.1,ok
C1508,100.0,100.0,100.0,100.0,81.3,67.2,0.7376,1.37,0.306,0.0083,19,89.1,100.0,100.0,100.0,100.0,85.6,67.2,0.6564,2.67,0.807,0.0071,24,89.8,ok
C1509,75.8,100.0,96.2,100.0,93.7,65.0,0.5664,2.89,0.728,0.0101,53,87.4,69.2,100.0,96.2,100.0,76.2,65.0,0.5586,3.51,0.899,0.0099,53,83.6,ok
C1510,100.0,100.0,84.5,58.3,86.4,75.3,0.741,1.47,0.473,0.0089,2,82.3,100.0,100.0,84.5,100.0,90.0,75.3,0.6334,2.42,0.764,0.0078,25,87.2,ok
C1511,100.0,97.8,84.8,100.0,100.0,56.3,0.6037,2.79,0.617,0.0077,28,88.4,100.0,97.8,84.8,100.0,70.9,56.3,0.6159,3.56,0.951,0.0056,95,83.4,ok
C1512,76.1,100.0,100.0,100.0,100.0,77.1,0.5668,1.93,0.593,0.0091,21,90.9,70.6,100.0,100.0,100.0,74.0,77.1,0.5602,3.28,0.92,0.0091,27,85.8,ok
C1513,90.6,83.3,99.1,100.0,94.0,84.3,0.5859,3.16,0.725,0.0105,32,89.3,69.0,83.3,99.1,100.0,82.9,84.3,0.5583,3.81,0.833,0.0073,34,84.9,ok
C1514,87.5,17.7,91.4,100.0,69.9,96.6,0.7567,3.36,0.96,0.0037,16,75.2,100.0,17.7,91.4,100.0,67.1,96.6,0.6453,5.13,0.988,0.0069,62,76.2,ok
C1515,100.0,100.0,92.5,50.0,75.5,72.0,0.6566,4.69,0.906,0.0087,150,83.2,100.0,100.0,92.5,50.0,66.7,72.0,0.6102,5.94,0.996,0.0064,146,81.7,ok
C1516,50.0,100.0,99.5,100.0,78.2,71.7,0.6056,4.01,0.879,0.0163,71,84.9,33.1,100.0,99.5,95.0,68.7,71.7,0.5752,4.72,0.972,0.0139,100,80.8,ok
C1517,100.0,100.0,100.0,100.0,84.3,94.4,0.6898,3.44,0.82,0.0076,32,90.8,100.0,100.0,100.0,100.0,66.7,94.4,0.6699,4.63,1.0,0.0074,34,87.8,ok
C1518,100.0,76.0,57.6,50.0,78.4,76.0,0.6163,1.39,0.252,0.0092,0,70.7,100.0,76.0,57.6,100.0,89.2,76.0,0.708,1.95,0.772,0.0092,70,77.6,ok
C1519,100.0,100.0,99.5,100.0,80.3,72.0,0.6193,4.03,0.859,0.0055,90,89.8,100.0,100.0,99.5,95.0,67.4,72.0,0.6196,5.11,0.985,0.0054,100,87.1,ok
C1520,44.7,96.5,95.7,100.0,38.5,86.0,0.9099,1.04,0.044,0.0016,25,75.6,69.5,96.5,95.7,100.0,69.3,86.0,0.559,2.58,0.966,0.0072,54,83.8,ok
C1521,0.0,13.1,56.3,8.3,33.3,69.8,0.0,1,0.0,0.0,2,38.9,60.4,13.1,56.3,33.3,95.2,69.8,0.677,1.69,0.688,0.0024,8,59.1,ok
C1522,100.0,99.0,100.0,50.0,78.4,81.0,0.7283,3.43,0.877,0.0061,139,86.5,100.0,99.0,100.0,50.0,74.4,81.0,0.6903,3.96,0.916,0.0057,373,85.9,ok
C1523,99.2,94.4,95.2,87.5,86.4,83.1,0.5944,1.47,0.395,0.0055,9,89.5,100.0,94.4,95.2,100.0,95.5,83.1,0.6143,1.94,0.71,0.0047,43,92.4,ok
C1524,100.0,73.3,49.4,44.6,100.0,79.4,0.7674,1.84,0.564,0.0079,7,69.8,100.0,73.3,49.4,57.1,94.6,79.4,0.7409,2.06,0.719,0.0069,10,70.2,ok
C1525,100.0,100.0,93.7,100.0,81.3,53.8,0.5957,1.37,0.316,0.0045,53,85.6,100.0,100.0,93.7,100.0,69.3,53.8,0.6021,3.04,0.966,0.0066,56,83.5,ok
C1526,100.0,100.0,90.5,91.8,79.1,94.2,0.6827,3.65,0.87,0.01,25,87.6,100.0,100.0,90.5,91.8,66.7,94.2,0.6599,4.24,0.994,0.01,28,85.5,ok
C1527,100.0,80.0,89.0,100.0,100.0,82.2,0.7061,2.04,0.569,0.0091,54,90.1,100.0,80.0,89.0,50.0,67.3,82.2,0.6108,4.0,0.986,0.0076,138,79.4,ok
C1528,100.0,78.2,70.8,86.8,80.9,81.7,0.7452,2.56,0.853,0.0055,15,78.5,100.0,78.2,70.8,86.8,74.1,81.7,0.671,3.17,0.919,0.0057,31,77.3,ok
C1530,100.0,100.0,100.0,50.0,81.6,88.1,0.6613,3.66,0.846,0.0076,306,87.5,100.0,100.0,100.0,50.0,74.0,88.1,0.617,4.75,0.92,0.0063,474,86.2,ok
C1531,100.0,100.0,89.4,100.0,96.4,77.1,0.7127,2.14,0.701,0.0089,16,89.1,100.0,100.0,89.4,100.0,67.2,77.1,0.6508,3.29,0.987,0.0055,49,84.1,ok
C1532,100.0,100.0,100.0,100.0,98.8,98.2,0.6408,2.82,0.678,0.0066,31,97.5,99.7,100.0,100.0,100.0,66.8,98.2,0.5949,3.75,0.991,0.0056,84,92.0,ok
C1533,100.0,45.0,100.0,50.0,83.7,64.7,0.7027,3.14,0.825,0.0099,450,78.4,100.0,45.0,100.0,50.0,76.6,64.7,0.6148,3.29,0.895,0.0079,622,77.2,ok
C1534,0.0,100.0,79.9,58.3,33.3,54.8,0.0,1,0.0,0.0,2,58.7,100.0,100.0,79.9,100.0,92.9,54.8,0.6291,2.01,0.735,0.0053,51,85.0,ok
C1535,100.0,100.0,100.0,50.0,85.2,0.0,0.5987,3.2,0.811,0.0085,175,77.9,83.3,100.0,100.0,50.0,70.7,0.0,0.5754,3.88,0.953,0.0072,202,73.4,ok
C1536,100.0,100.0,100.0,50.0,78.9,42.3,0.7183,3.16,0.872,0.0076,20,81.6,100.0,100.0,100.0,50.0,71.2,42.3,0.6926,3.68,0.948,0.0074,40,80.2,ok
C1537,100.0,100.0,100.0,100.0,86.9,99.4,0.6214,1.48,0.336,0.0055,46,95.7,97.9,100.0,100.0,50.0,85.1,99.4,0.6479,2.05,0.812,0.0042,154,90.1,ok
C1538,100.0,73.3,69.5,100.0,79.9,80.1,0.6269,2.38,0.863,0.0077,19,79.9,100.0,73.3,69.5,100.0,86.7,80.1,0.605,2.48,0.796,0.0077,21,81.0,ok
C1539,97.9,41.7,100.0,85.0,82.6,44.5,0.7626,3.2,0.836,0.0042,108,78.7,100.0,41.7,100.0,50.0,74.2,44.5,0.6709,4.36,0.918,0.0054,347,73.9,ok
C1540,100.0,100.0,100.0,50.0,87.6,78.1,0.6431,3.1,0.787,0.0073,231,88.8,100.0,100.0,100.0,50.0,75.4,78.1,0.6068,4.28,0.907,0.0066,322,86.8,ok
C1541,100.0,100.0,100.0,83.3,98.2,81.5,0.5983,1.89,0.684,0.0047,8,91.5,66.4,100.0,100.0,100.0,100.0,81.5,0.5552,2.53,0.647,0.0063,17,89.5,ok
C1542,100.0,100.0,100.0,100.0,100.0,69.5,0.7348,1.95,0.626,0.0075,31,92.5,100.0,100.0,100.0,100.0,72.8,69.5,0.6935,2.77,0.932,0.0073,36,87.8,ok
C1543,100.0,100.0,95.4,53.3,78.2,69.3,0.7592,1.47,0.216,0.0094,1,82.3,100.0,100.0,95.4,99.1,100.0,69.3,0.6976,1.83,0.482,0.0094,31,90.7,ok
C1544,81.3,94.4,83.8,43.6,80.5,100.0,0.573,2.23,0.857,0.0063,5,78.7,100.0,94.4,83.8,72.7,76.6,100.0,0.6577,3.23,0.895,0.0061,15,83.3,ok
C1545,100.0,100.0,82.5,50.0,61.9,25.4,0.8207,1.24,0.176,0.0099,0,70.4,58.1,100.0,82.5,100.0,100.0,25.4,0.5453,1.94,0.417,0.0089,81,76.9,ok
C1546,100.0,33.3,100.0,50.0,73.5,18.6,0.6676,4.86,0.925,0.0089,365,69.2,100.0,33.3,100.0,50.0,68.3,18.6,0.5969,6.4,0.976,0.008,459,68.3,ok
C1547,100.0,100.0,97.9,100.0,87.5,71.3,0.79,1.52,0.274,0.0077,20,90.7,100.0,100.0,97.9,100.0,76.0,71.3,0.676,3.04,0.901,0.007,72,88.8,ok
C1548,100.0,100.0,89.4,100.0,70.1,96.8,0.6202,3.71,0.958,0.0076,30,86.7,100.0,100.0,89.4,100.0,66.7,96.8,0.636,4.12,0.996,0.0077,40,86.2,ok
C1549,100.0,79.2,92.3,65.5,97.0,22.6,0.6532,1.68,0.462,0.0055,47,78.8,84.2,79.2,92.3,65.5,70.9,22.6,0.5765,3.02,0.951,0.0067,76,72.5,ok
C1550,96.8,100.0,63.1,100.0,78.4,80.6,0.5915,3.64,0.877,0.008,84,80.7,84.9,100.0,63.1,50.0,68.7,80.6,0.5773,4.3,0.972,0.008,170,72.6,ok
C1551,75.0,83.3,42.1,50.9,93.5,46.8,0.6057,2.5,0.73,0.012,50,68.3,53.6,83.3,42.1,50.9,88.7,46.8,0.5735,2.87,0.777,0.0122,85,64.9,ok
C1552,81.3,86.7,100.0,70.8,79.3,100.0,0.7781,1.33,0.333,0.0116,5,84.9,59.3,86.7,100.0,100.0,88.5,100.0,0.5691,2.84,0.778,0.0116,12,86.8,ok
C1553,100.0,100.0,98.5,100.0,89.2,93.2,0.6748,2.25,0.772,0.0057,73,92.8,100.0,100.0,98.5,50.0,77.0,93.2,0.6746,2.65,0.891,0.0051,149,85.7,ok
C1554,83.1,100.0,78.3,100.0,89.0,98.4,0.5752,2.44,0.774,0.0097,51,87.3,100.0,100.0,78.3,100.0,68.2,98.4,0.6018,2.89,0.977,0.0066,76,85.8,ok
C1555,83.3,37.3,98.6,100.0,66.9,100.0,0.6977,4.24,0.99,0.0035,31,80.0,99.8,37.3,98.6,100.0,66.7,100.0,0.5951,5.48,0.994,0.0043,57,81.9,ok
C1556,71.9,90.0,100.0,100.0,87.9,86.6,0.7966,2.59,0.784,0.0122,55,89.0,100.0,90.0,100.0,100.0,70.4,86.6,0.6211,4.86,0.955,0.0078,58,89.4,ok
C1557,100.0,100.0,100.0,100.0,98.2,78.6,0.6514,2.54,0.684,0.0095,80,95.2,100.0,100.0,100.0,50.0,85.1,78.6,0.609,3.21,0.812,0.0086,167,87.9,ok
C1558,50.0,58.3,79.2,100.0,78.2,60.0,0.6391,3.89,0.879,0.0139,92,74.2,86.8,58.3,79.2,95.0,69.3,60.0,0.5796,4.86,0.966,0.0103,100,76.6,ok
C1559,95.3,100.0,100.0,100.0,80.6,47.9,0.6823,2.33,0.856,0.0107,74,86.0,100.0,100.0,100.0,50.0,79.0,47.9,0.5981,3.14,0.871,0.0069,182,81.2,ok
C1560,76.0,100.0,100.0,100.0,79.8,76.6,0.5667,3.65,0.864,0.0082,30,87.4,50.0,100.0,100.0,100.0,68.3,76.6,0.5201,4.76,0.976,0.0076,35,82.4,ok
C1561,100.0,100.0,100.0,100.0,100.0,77.5,0.681,2.11,0.557,0.0081,62,93.8,100.0,100.0,100.0,93.8,78.4,77.5,0.6521,2.88,0.877,0.0073,101,89.5,ok
C1562,100.0,100.0,54.6,68.2,93.9,75.4,0.7176,1.62,0.617,0.0054,18,79.0,100.0,100.0,54.6,68.2,68.0,75.4,0.6919,1.98,0.979,0.0058,33,74.6,ok
C1563,50.9,67.1,89.6,100.0,84.5,76.5,0.5368,2.77,0.818,0.0086,86,77.9,50.0,67.1,89.6,90.0,69.1,76.5,0.4814,3.97,0.968,0.0066,104,74.2,ok
C1564,100.0,83.3,53.3,100.0,90.9,95.7,0.6455,1.56,0.455,0.0055,34,80.1,100.0,83.3,53.3,100.0,67.5,95.7,0.6544,2.14,0.984,0.0047,40,76.1,ok
C1565,100.0,72.2,99.7,100.0,71.3,94.9,0.7309,2.77,0.947,0.0054,26,87.6,100.0,72.2,99.7,100.0,67.7,94.9,0.7603,2.75,0.982,0.0051,67,87.0,ok
C1566,100.0,100.0,88.7,50.0,93.3,78.9,0.7144,2.21,0.732,0.008,162,86.7,100.0,100.0,88.7,50.0,85.9,78.9,0.6727,2.44,0.804,0.0066,282,85.4,ok
C1567,100.0,80.0,100.0,50.0,81.8,33.1,0.631,3.22,0.844,0.0088,1077,78.9,100.0,80.0,100.0,50.0,72.5,33.1,0.605,3.68,0.935,0.0074,1216,77.4,ok
C1568,96.5,83.4,96.1,100.0,79.8,78.6,0.5911,3.07,0.864,0.0083,21,86.7,71.7,83.4,96.1,100.0,69.5,78.6,0.5616,3.8,0.964,0.0078,33,82.0,ok
C1569,52.8,55.6,74.8,72.2,100.0,88.8,0.539,2.21,0.625,0.008,11,76.1,50.5,55.6,74.8,76.4,100.0,88.8,0.5363,2.02,0.487,0.0084,13,76.3,ok
C1570,100.0,83.3,82.1,100.0,100.0,96.4,0.6598,1.83,0.512,0.0073,26,88.8,100.0,83.3,82.1,100.0,96.0,96.4,0.6673,1.97,0.705,0.0059,39,88.1,ok
C1571,100.0,100.0,100.0,50.0,86.8,7.2,0.6122,3.05,0.795,0.0068,155,78.3,100.0,100.0,100.0,50.0,87.5,7.2,0.6082,3.04,0.788,0.0068,162,78.4,ok
C1572,100.0,66.7,100.0,83.3,78.5,100.0,0.6817,2.55,0.876,0.0063,8,85.7,100.0,66.7,100.0,100.0,71.6,100.0,0.6806,2.99,0.944,0.0058,14,86.2,ok
C1573,100.0,100.0,95.0,83.3,62.9,88.8,0.7356,1.35,0.137,0.0075,8,86.0,73.0,100.0,95.0,100.0,100.0,88.8,0.5631,2.39,0.481,0.0072,26,90.8,ok
C1574,100.0,100.0,100.0,75.0,85.4,69.7,0.8619,1.45,0.447,0.0078,6,86.2,100.0,100.0,100.0,100.0,100.0,69.7,0.7791,2.04,0.584,0.0078,34,91.2,ok
C1575,61.8,100.0,70.0,46.4,100.0,74.1,0.5498,1.77,0.493,0.0104,6,75.9,100.0,100.0,70.0,71.4,88.5,74.1,0.6324,1.98,0.778,0.0104,19,81.1,ok
C1576,100.0,70.0,98.9,75.0,90.6,30.1,0.6303,3.71,0.758,0.0081,116,80.8,100.0,70.0,98.9,87.5,73.4,30.1,0.6117,4.64,0.926,0.0093,106,79.2,ok
C1577,100.0,100.0,100.0,50.0,79.2,73.4,0.7468,3.3,0.869,0.0067,491,85.5,100.0,100.0,100.0,50.0,77.9,73.4,0.6662,3.55,0.882,0.0056,926,85.3,ok
C1578,100.0,88.9,100.0,100.0,100.0,99.0,0.6626,2.29,0.635,0.0046,18,94.6,100.0,88.9,100.0,100.0,66.7,99.0,0.6287,3.35,1.0,0.0048,35,89.0,ok
C1579,97.9,100.0,100.0,100.0,84.2,100.0,0.5994,2.19,0.821,0.0042,15,93.3,100.0,100.0,100.0,100.0,68.2,100.0,0.6588,3.78,0.977,0.0053,59,90.8,ok
C1580,100.0,99.0,100.0,0.0,97.5,73.6,0.6527,1.69,0.451,0.0067,287,83.0,100.0,99.0,100.0,0.0,70.4,73.6,0.6332,2.51,0.955,0.0061,868,78.4,ok
C1581,100.0,96.7,100.0,100.0,96.0,74.7,0.807,1.66,0.471,0.0064,37,93.9,100.0,96.7,100.0,100.0,72.4,74.7,0.6018,3.66,0.936,0.0059,80,89.9,ok
C1582,100.0,100.0,72.3,74.5,100.0,55.4,0.6031,1.81,0.495,0.0093,16,82.5,100.0,100.0,72.3,74.5,86.5,55.4,0.6301,2.35,0.798,0.0075,15,80.2,ok
C1583,98.6,70.0,91.0,50.0,80.0,23.2,0.5936,3.49,0.862,0.0081,285,73.5,100.0,70.0,91.0,50.0,79.8,23.2,0.5957,3.52,0.864,0.0078,343,73.6,ok
C1584,100.0,66.7,56.7,100.0,95.5,58.9,0.6647,1.65,0.479,0.007,14,73.5,100.0,66.7,56.7,100.0,66.7,58.9,0.6644,2.23,1.0,0.0046,30,68.6,ok
C1585,100.0,57.2,47.2,44.8,100.0,60.7,0.6216,3.33,0.467,0.0078,4,67.2,100.0,57.2,47.2,78.2,85.1,60.7,0.7043,2.15,0.812,0.0077,38,68.0,ok
C1586,92.0,14.7,53.5,4.2,72.7,66.9,0.5858,1.53,0.526,0.0092,1,53.0,92.0,14.7,53.5,41.7,53.9,66.9,0.5858,1.25,0.246,0.0092,10,53.6,ok
C1587,62.1,72.2,100.0,50.0,100.0,97.9,0.5501,2.06,0.562,0.0091,0,82.6,100.0,72.2,100.0,91.7,66.7,97.9,0.6145,2.9,1.0,0.007,10,85.7,ok
C1588,100.0,100.0,82.7,100.0,100.0,81.0,0.6022,2.5,0.623,0.0052,37,89.8,100.0,100.0,82.7,100.0,70.1,81.0,0.632,3.44,0.958,0.0058,29,84.8,ok
C1589,100.0,100.0,100.0,100.0,99.0,84.1,0.6414,2.08,0.676,0.0066,40,95.9,100.0,100.0,100.0,50.0,70.4,84.1,0.6216,3.13,0.955,0.0057,176,85.9,ok
C1590,100.0,100.0,67.0,100.0,89.8,90.2,0.664,1.9,0.766,0.0056,26,86.2,100.0,100.0,67.0,100.0,72.2,90.2,0.6513,2.12,0.938,0.0056,41,83.2,ok
C1591,100.0,100.0,91.6,100.0,94.9,55.2,0.8606,1.64,0.414,0.0073,38,87.0,100.0,100.0,91.6,100.0,84.7,55.2,0.7238,2.64,0.816,0.0062,26,85.3,ok
C1592,51.6,100.0,100.0,95.8,100.0,89.5,0.6195,1.78,0.589,0.0135,11,88.8,98.7,100.0,100.0,100.0,92.1,89.5,0.5938,2.27,0.743,0.0098,23,93.5,ok
C1593,100.0,100.0,100.0,100.0,93.9,85.3,0.6654,1.62,0.413,0.0061,53,94.8,100.0,100.0,100.0,57.5,73.6,85.3,0.6418,2.67,0.924,0.0062,130,87.0,ok
C1594,100.0,42.2,46.5,91.7,71.2,89.3,0.7549,3.61,0.948,0.0066,10,64.4,100.0,42.2,46.5,100.0,66.7,89.3,0.7316,4,1.0,0.0066,36,64.5,ok
C1595,95.3,100.0,99.1,93.2,91.9,90.2,0.6625,1.58,0.455,0.0107,21,91.6,95.3,100.0,99.1,93.2,87.9,90.2,0.6663,2.0,0.784,0.0107,37,90.9,ok
C1596,100.0,100.0,55.0,100.0,93.9,72.5,0.725,1.62,0.616,0.0054,29,82.0,100.0,100.0,55.0,100.0,66.7,72.5,0.6982,2,1.0,0.0058,60,77.3,ok
C1597,82.8,82.7,97.6,75.0,66.7,94.9,0.6958,3.16,1.0,0.0115,6,81.4,96.6,82.7,97.6,100.0,71.5,94.9,0.5912,4.44,0.945,0.0089,77,86.4,ok
C1598,37.5,91.7,98.1,100.0,78.0,0.0,0.461,3.7,0.881,0.0112,22,71.0,32.8,91.7,98.1,100.0,71.6,0.0,0.4631,4.1,0.944,0.0115,20,69.3,ok
C1599,100.0,66.7,100.0,50.0,78.5,55.6,0.6102,3.44,0.876,0.0076,138,79.2,97.3,66.7,100.0,50.0,73.8,55.6,0.5921,3.75,0.922,0.0088,166,78.1,ok
C1600,94.6,84.4,100.0,100.0,100.0,100.0,0.5889,1.83,0.475,0.0085,16,94.3,100.0,84.4,100.0,100.0,89.9,100.0,0.5983,2.43,0.765,0.008,36,93.3,ok
C1601,50.0,50.0,43.5,46.8,56.5,73.5,0.7537,1.25,0.125,0.0015,0,53.3,100.0,50.0,43.5,96.8,87.9,73.5,0.6858,1.5,0.48,0.0056,20,69.7,ok
C1602,50.0,0.0,55.2,72.3,44.3,33.3,0.5082,1.13,0.072,0.0079,32,42.9,50.0,0.0,55.2,72.3,42.9,33.3,0.5134,1.12,0.065,0.0079,41,42.7,ok
C1603,100.0,100.0,100.0,50.0,82.7,83.0,0.7093,2.98,0.835,0.0064,210,87.4,100.0,100.0,100.0,50.0,75.2,83.0,0.6774,3.42,0.909,0.0056,327,86.1,ok
C1604,100.0,100.0,100.0,79.2,100.0,86.1,0.7613,1.91,0.523,0.0061,7,93.8,100.0,100.0,100.0,100.0,77.0,86.1,0.7278,2.77,0.891,0.0053,15,92.0,ok
C1605,100.0,86.7,88.1,100.0,45.6,74.2,0.6372,1.13,0.084,0.0081,30,80.2,80.5,86.7,88.1,100.0,71.9,74.2,0.5721,2.7,0.941,0.0073,54,82.3,ok
C1606,100.0,90.0,100.0,58.8,89.8,71.4,0.6621,3.53,0.766,0.0058,129,86.5,100.0,90.0,100.0,50.0,77.0,71.4,0.6261,4.65,0.891,0.0054,214,83.4,ok
C1607,100.0,70.0,100.0,86.9,71.7,32.0,0.6577,5.28,0.943,0.008,101,78.4,91.5,70.0,100.0,58.2,67.8,32.0,0.5852,6.82,0.981,0.0062,124,73.8,ok
C1608,72.9,100.0,65.4,100.0,43.6,69.5,0.7093,1.1,0.079,0.003,21,73.4,100.0,100.0,65.4,100.0,75.3,69.5,0.6501,2.18,0.908,0.0043,65,82.0,ok
C1609,84.0,100.0,100.0,100.0,97.3,51.5,0.5762,2.66,0.692,0.0078,39,87.3,78.4,100.0,100.0,100.0,91.8,51.5,0.5695,2.97,0.746,0.007,59,85.7,ok
C1610,100.0,70.0,93.6,60.1,82.8,38.9,0.7278,1.4,0.32,0.0067,7,74.3,100.0,70.0,93.6,72.6,88.4,38.9,0.6781,1.98,0.779,0.0055,10,76.5,ok
C1611,75.4,36.7,88.4,12.5,67.8,82.3,0.5858,1.23,0.231,0.0035,3,65.2,100.0,36.7,88.4,50.0,92.9,82.3,0.6378,1.6,0.527,0.0052,23,76.2,ok
C1612,100.0,100.0,81.6,50.0,82.5,68.4,0.6334,3.39,0.837,0.0069,140,76.6,100.0,100.0,81.6,67.5,74.0,68.4,0.6131,3.94,0.92,0.0074,122,77.0,ok
C1613,90.6,75.0,100.0,50.0,76.9,66.4,0.6984,3.23,0.892,0.011,183,80.5,100.0,75.0,100.0,50.0,73.5,66.4,0.6536,3.97,0.925,0.0103,311,81.0,ok
C1614,100.0,42.2,51.5,42.8,68.6,100.0,0.7204,3.48,0.973,0.0061,7,65.1,100.0,42.2,51.5,63.6,66.7,100.0,0.7006,4,1.0,0.0064,16,66.9,ok
C1615,94.3,99.5,81.9,98.2,98.3,79.2,0.5885,2.09,0.683,0.0093,13,88.1,91.1,99.5,81.9,98.2,80.1,79.2,0.5847,2.54,0.861,0.0083,47,84.6,ok
C1616,100.0,100.0,100.0,100.0,87.5,100.0,0.6182,2.16,0.788,0.0045,19,95.7,100.0,100.0,100.0,100.0,68.2,100.0,0.6576,3.79,0.977,0.0056,65,92.4,ok
C1617,50.0,33.3,28.6,25.0,91.9,77.9,0.6434,1.58,0.579,0.0015,6,52.3,50.0,33.3,28.6,41.7,87.6,77.9,0.6402,1.79,0.787,0.0015,10,53.3,ok
C1618,100.0,100.0,90.0,50.0,92.7,73.8,0.8651,2.4,0.737,0.006,171,84.2,100.0,100.0,90.0,50.0,69.4,73.8,0.7392,3.55,0.965,0.0059,237,80.2,ok
C1619,73.4,100.0,100.0,87.5,92.1,72.6,0.6417,2.82,0.743,0.0121,106,88.6,100.0,100.0,100.0,90.0,71.3,72.6,0.6196,4.24,0.947,0.0101,104,88.5,ok
C1620,100.0,100.0,100.0,50.0,84.0,54.9,0.7093,2.86,0.822,0.0089,486,84.1,100.0,100.0,100.0,50.0,73.3,54.9,0.6388,3.44,0.927,0.007,521,82.3,ok
C1621,100.0,100.0,100.0,100.0,100.0,87.9,0.8243,1.9,0.554,0.0044,25,95.6,100.0,100.0,100.0,77.5,79.4,87.9,0.7241,2.23,0.867,0.0046,114,89.8,ok
C1622,93.8,44.6,43.7,95.8,88.3,100.0,0.6791,1.78,0.78,0.004,11,73.4,93.8,44.6,43.7,100.0,66.7,100.0,0.6847,2,1.0,0.004,30,70.1,ok
C1623,100.0,60.0,49.4,55.9,75.1,87.7,0.6953,3.61,0.91,0.0067,18,66.7,100.0,60.0,49.4,55.9,66.7,87.7,0.6913,4.1,1.0,0.0068,22,65.3,ok
C1624,100.0,100.0,100.0,83.3,82.9,83.0,0.6038,2.44,0.833,0.0102,8,86.9,100.0,100.0,100.0,100.0,68.7,83.0,0.6112,3.11,0.972,0.0075,12,86.1,ok
C1625,0.0,23.6,88.8,70.8,16.7,41.6,0.0,1,0.0,0.0,5,46.6,0.0,23.6,88.8,100.0,16.7,41.6,0.0,1,0.0,0.0,39,49.6,ok
C1626,100.0,100.0,53.5,100.0,90.5,57.4,0.6065,2.47,0.759,0.0073,23,77.4,100.0,100.0,53.5,100.0,77.7,57.4,0.5962,2.87,0.884,0.0063,25,75.2,ok
C1627,50.0,100.0,75.3,54.2,38.3,52.5,0.8787,1.04,0.043,0.0005,1,61.1,100.0,100.0,75.3,83.3,71.8,52.5,0.6303,2.25,0.942,0.0052,8,75.7,ok
C1628,86.6,73.3,77.0,95.8,96.0,71.0,0.5793,1.66,0.367,0.0085,11,81.8,100.0,73.3,77.0,100.0,100.0,71.0,0.6317,1.77,0.465,0.0084,21,84.5,ok
C1629,41.8,100.0,92.8,100.0,99.7,80.9,0.5613,2.4,0.669,0.0123,25,86.8,68.4,100.0,92.8,100.0,96.7,80.9,0.5576,2.69,0.698,0.0087,31,89.5,ok
C1630,100.0,100.0,89.4,100.0,100.0,50.6,0.6339,1.95,0.643,0.0104,36,87.4,78.4,100.0,89.4,100.0,91.4,50.6,0.5714,2.65,0.75,0.0105,33,83.3,ok
C1631,100.0,84.6,98.1,98.6,87.6,78.8,0.7618,2.8,0.787,0.0059,16,88.9,100.0,84.6,98.1,98.6,66.7,78.8,0.6464,5.02,1.0,0.0064,22,85.3,ok
C1632,100.0,100.0,92.8,100.0,83.8,100.0,0.7408,2.7,0.824,0.0055,29,92.0,100.0,100.0,92.8,100.0,73.3,100.0,0.626,3.9,0.927,0.006,31,90.2,ok
C1633,100.0,32.2,54.9,100.0,78.2,93.7,0.6712,2.89,0.879,0.0061,55,71.1,100.0,32.2,54.9,100.0,72.1,93.7,0.6494,3.24,0.939,0.006,69,70.1,ok
C1634,88.1,70.0,99.3,50.0,73.2,57.7,0.5811,4.4,0.928,0.0104,358,77.5,73.9,70.0,99.3,50.0,71.0,57.7,0.5642,4.83,0.95,0.0099,360,75.4,ok
C1635,57.7,86.7,100.0,61.3,84.2,39.7,0.5449,3.38,0.821,0.006,127,77.2,61.5,86.7,100.0,50.0,74.8,39.7,0.5494,3.71,0.912,0.0058,184,74.9,ok
C1636,100.0,43.3,68.6,95.8,80.0,91.7,0.6299,2.7,0.862,0.0062,11,77.1,93.4,43.3,68.6,100.0,72.9,91.7,0.5874,3.55,0.931,0.0068,13,75.6,ok
C1637,50.0,98.1,45.4,70.8,79.3,85.3,0.8787,1.33,0.333,0.0017,5,70.1,100.0,98.1,45.4,100.0,80.6,85.3,0.6382,1.86,0.856,0.0046,45,79.2,ok
C1638,100.0,43.3,64.9,41.7,66.7,97.2,0.6314,3.99,1.0,0.0076,10,66.9,100.0,43.3,64.9,50.0,66.7,97.2,0.6199,4,1.0,0.0078,15,67.8,ok
C1639,87.5,75.0,100.0,100.0,100.0,81.2,0.721,2.19,0.622,0.0112,81,90.5,100.0,75.0,100.0,50.0,76.1,81.2,0.6545,3.22,0.9,0.0078,239,82.8,ok
C1640,100.0,60.0,81.7,100.0,90.4,83.8,0.6558,1.55,0.447,0.0065,54,81.6,100.0,60.0,81.7,100.0,70.3,83.8,0.6697,2.11,0.956,0.0052,85,78.2,ok
C1641,82.6,100.0,84.6,96.4,94.9,69.6,0.5745,2.29,0.716,0.0081,15,87.8,95.2,100.0,84.6,96.4,82.0,69.6,0.5896,2.84,0.842,0.0077,22,87.1,ok
C1642,100.0,100.0,81.3,100.0,88.0,53.9,0.6445,3.02,0.783,0.0083,35,85.0,99.4,100.0,81.3,100.0,69.4,53.9,0.5946,6.07,0.965,0.0102,43,81.8,ok
C1643,89.9,33.2,58.4,83.3,57.6,45.5,0.5858,1.17,0.169,0.0042,8,62.4,93.8,33.2,58.4,100.0,74.2,45.5,0.6493,1.27,0.268,0.004,18,67.4,ok
C1644,100.0,100.0,89.4,100.0,99.5,77.4,0.6165,1.73,0.307,0.0095,21,91.0,100.0,100.0,89.4,100.0,88.4,77.4,0.6163,2.37,0.779,0.007,27,89.1,ok
C1645,88.6,70.0,94.8,50.0,72.7,87.9,0.5817,4.2,0.933,0.01,175,80.7,96.1,70.0,94.8,50.0,69.9,87.9,0.5907,4.05,0.96,0.0099,194,81.2,ok
C1646,100.0,100.0,77.8,100.0,85.9,84.0,0.6402,1.46,0.307,0.009,53,88.1,100.0,100.0,77.8,50.0,91.8,84.0,0.6565,2.03,0.746,0.0056,176,84.0,ok
C1647,51.7,100.0,100.0,79.2,89.4,100.0,0.5874,1.53,0.5,0.0023,7,87.0,75.3,100.0,100.0,100.0,77.8,100.0,0.5659,2.74,0.883,0.0058,50,90.0,ok
C1648,100.0,100.0,95.4,50.0,100.0,67.8,0.7541,2.0,0.607,0.0071,162,87.6,100.0,100.0,95.4,50.0,76.2,67.8,0.7038,2.46,0.899,0.0062,374,83.6,ok
C1649,27.6,60.0,66.0,100.0,93.9,59.3,0.9564,1.62,0.53,0.0008,94,68.8,79.2,60.0,66.0,50.0,100.0,59.3,0.845,1.85,0.584,0.0033,153,70.8,ok
C1650,70.8,79.0,83.9,52.7,77.3,83.3,0.7117,1.29,0.294,0.0029,14,72.5,79.2,79.0,83.9,52.7,67.5,83.3,0.7038,1.98,0.984,0.0033,26,71.8,ok
C1651,100.0,100.0,64.9,100.0,93.4,62.7,0.7539,1.61,0.309,0.0067,14,84.4,100.0,100.0,64.9,100.0,73.6,62.7,0.6658,3.18,0.924,0.0067,60,81.1,ok
C1652,100.0,100.0,90.7,50.0,91.7,74.4,0.8666,2.42,0.747,0.006,163,84.3,100.0,100.0,90.7,50.0,70.8,74.4,0.741,3.52,0.952,0.0059,260,80.7,ok
C1653,68.8,100.0,100.0,100.0,67.7,72.7,0.7117,1.26,0.217,0.0028,16,84.7,100.0,100.0,100.0,100.0,76.2,72.7,0.6248,2.41,0.899,0.0057,24,89.9,ok
C1654,84.4,56.7,100.0,65.0,79.2,51.4,0.6388,4.09,0.869,0.0114,124,77.2,100.0,56.7,100.0,50.0,80.7,51.4,0.598,4.89,0.855,0.0087,260,77.8,ok
C1655,100.0,66.7,100.0,50.0,79.2,18.7,0.6248,3.69,0.869,0.0088,165,74.6,60.5,66.7,100.0,50.0,69.7,18.7,0.5482,5.43,0.962,0.0083,202,68.3,ok
C1656,100.0,100.0,62.2,76.2,100.0,66.0,0.7665,1.86,0.416,0.0104,115,81.5,100.0,100.0,62.2,50.0,100.0,66.0,0.7504,2.13,0.523,0.0103,225,78.8,ok
C1657,100.0,80.0,100.0,50.0,100.0,80.3,0.6416,2.6,0.647,0.0085,255,87.4,100.0,80.0,100.0,50.0,76.6,80.3,0.5959,3.46,0.895,0.0068,285,83.4,ok
C1658,100.0,100.0,96.9,100.0,74.0,39.7,0.7623,2.5,0.92,0.0099,16,82.7,100.0,100.0,96.9,100.0,70.0,39.7,0.6221,3.38,0.959,0.0064,34,82.0,ok
C1659,100.0,93.3,100.0,65.0,95.5,53.1,0.6815,2.53,0.71,0.0087,124,87.1,100.0,93.3,100.0,50.0,74.6,53.1,0.6079,3.48,0.914,0.0072,302,82.0,ok
C1660,100.0,100.0,89.4,97.3,72.0,58.1,0.6343,7.1,0.94,0.009,25,83.2,100.0,100.0,89.4,97.3,67.1,58.1,0.6055,7.48,0.976,0.0074,34,82.4,ok
C1661,95.5,58.3,92.8,50.0,76.5,8.1,0.5899,4.63,0.896,0.0089,246,70.2,51.9,58.3,92.8,50.0,71.7,8.1,0.538,6.01,0.943,0.0084,317,64.2,ok
C1662,100.0,97.9,81.6,100.0,89.1,83.4,0.6037,2.03,0.773,0.0098,12,87.0,87.3,97.9,81.6,100.0,67.2,83.4,0.5802,2.62,0.987,0.0098,16,81.7,ok
C1663,100.0,100.0,89.4,100.0,66.7,64.2,0.7365,4.54,0.992,0.0103,26,81.5,100.0,100.0,89.4,100.0,66.7,64.2,0.7161,4.94,1.0,0.008,29,81.5,ok
C1664,100.0,100.0,89.4,75.0,100.0,61.0,0.6488,4.13,0.596,0.0092,6,84.4,100.0,100.0,89.4,100.0,100.0,61.0,0.6133,3.97,0.571,0.0096,20,87.0,ok
C1665,100.0,94.4,89.0,100.0,78.7,87.3,0.6242,2.73,0.874,0.0058,22,85.9,100.0,94.4,89.0,100.0,66.7,87.3,0.6195,3.17,1.0,0.0051,58,83.9,ok
C1666,100.0,94.8,66.4,100.0,66.3,72.2,0.6406,1.25,0.209,0.007,45,80.7,100.0,94.8,66.4,83.8,72.4,72.2,0.596,2.54,0.936,0.0058,109,80.1,ok
C1667,100.0,70.0,100.0,100.0,77.5,32.0,0.6328,4.32,0.886,0.0071,16,81.4,100.0,70.0,100.0,100.0,69.7,32.0,0.6392,5.4,0.962,0.0079,35,80.1,ok
C1668,0.0,100.0,75.9,0.0,33.3,1.5,0.0,0.0,0.0,0.0,0,43.5,97.8,100.0,75.9,8.3,71.9,1.5,0.5927,2.35,0.941,0.0044,2,62.5,ok
C1669,85.4,97.6,72.4,100.0,96.6,50.8,0.623,2.58,0.699,0.0036,45,82.5,80.5,97.6,72.4,100.0,81.7,50.8,0.5869,3.12,0.845,0.0037,55,79.4,ok
C1670,100.0,76.7,99.9,50.0,72.8,30.9,0.7046,3.23,0.932,0.008,172,74.4,100.0,76.7,99.9,50.0,79.4,30.9,0.6679,3.36,0.867,0.008,287,75.5,ok
C1671,100.0,100.0,54.6,68.2,94.4,77.3,0.7296,1.63,0.633,0.0056,18,79.4,100.0,100.0,54.6,68.2,66.7,77.3,0.7021,2,1.0,0.0057,33,74.6,ok
C1672,100.0,100.0,93.4,100.0,100.0,92.4,0.668,2.21,0.497,0.0058,64,95.2,100.0,100.0,93.4,50.0,74.2,92.4,0.6888,2.58,0.918,0.0054,389,85.8,ok
C1673,100.0,76.9,83.8,75.0,96.5,75.8,0.6543,1.67,0.5,0.007,24,81.9,100.0,76.9,83.8,75.0,69.0,75.8,0.6561,2.18,0.969,0.0049,32,77.2,ok
C1674,100.0,100.0,99.9,100.0,81.6,90.8,0.5987,2.79,0.846,0.009,61,92.0,100.0,100.0,99.9,87.5,84.5,90.8,0.5982,2.91,0.818,0.0066,106,91.2,ok
C1675,87.5,100.0,57.8,100.0,75.7,100.0,0.6987,1.28,0.277,0.0037,19,80.8,89.6,100.0,57.8,100.0,66.7,100.0,0.7156,2,1.0,0.0038,32,79.5,ok
C1676,100.0,58.3,100.0,50.0,89.2,21.9,0.6741,2.69,0.772,0.0069,303,75.3,85.2,58.3,100.0,50.0,72.3,21.9,0.5776,4.59,0.937,0.0065,359,70.7,ok
C1677,100.0,40.0,58.0,42.4,68.9,100.0,0.6718,3.24,0.97,0.0063,8,66.9,100.0,40.0,58.0,50.8,66.7,100.0,0.6035,3.93,1.0,0.0063,10,67.4,ok
C1678,100.0,76.9,83.8,75.0,96.5,75.8,0.6543,1.67,0.5,0.007,24,81.9,100.0,76.9,83.8,75.0,69.0,75.8,0.6561,2.18,0.969,0.0049,32,77.2,ok
C1679,100.0,100.0,89.9,50.0,80.2,59.4,0.6686,3.27,0.86,0.0094,162,81.0,100.0,100.0,89.9,50.0,73.4,59.4,0.6352,4.02,0.926,0.0069,247,79.9,ok
C1680,100.0,100.0,86.9,41.4,82.6,66.0,0.686,3.49,0.836,0.0061,7,79.4,100.0,100.0,86.9,62.3,80.9,66.0,0.7064,3.23,0.853,0.006,18,81.2,ok
C1681,100.0,100.0,98.0,95.8,77.8,100.0,0.7447,4.01,0.883,0.0091,24,92.0,100.0,100.0,98.0,95.8,69.4,100.0,0.6998,4.72,0.965,0.0075,56,90.6,ok
C1682,100.0,77.8,98.3,70.8,66.7,83.3,0.7051,3.74,1.0,0.0062,5,80.6,100.0,77.8,98.3,87.5,66.7,83.3,0.657,4.02,1.0,0.0062,9,82.3,ok
C1683,100.0,71.7,100.0,95.8,66.7,98.9,0.6768,5.5,0.993,0.0052,11,87.4,100.0,71.7,100.0,100.0,68.8,98.9,0.6085,6.77,0.971,0.0074,19,88.2,ok
C1684,64.5,83.3,100.0,100.0,79.9,96.5,0.553,3.43,0.863,0.0088,15,86.2,50.3,83.3,100.0,100.0,66.9,96.5,0.536,3.82,0.99,0.0081,26,82.2,ok
C1685,100.0,100.0,90.9,100.0,76.0,98.6,0.6381,3.53,0.901,0.008,70,89.8,100.0,100.0,90.9,100.0,69.2,98.6,0.6117,4.48,0.967,0.0072,81,88.6,ok
C1686,100.0,100.0,100.0,100.0,100.0,91.5,0.6142,1.84,0.567,0.0067,12,96.5,100.0,100.0,100.0,100.0,72.8,91.5,0.6386,2.87,0.932,0.0063,48,91.9,ok
C1687,46.8,41.7,48.6,100.0,66.7,50.7,0.9043,2.28,0.993,0.0231,46,60.1,50.0,41.7,48.6,53.8,69.2,50.7,0.7436,2.67,0.967,0.0136,133,56.2,ok
C1688,100.0,100.0,100.0,100.0,99.4,91.8,0.6828,2.55,0.672,0.0089,44,97.0,100.0,100.0,100.0,100.0,71.5,91.8,0.6461,4.2,0.945,0.0073,58,92.2,ok
C1689,100.0,100.0,100.0,100.0,99.9,100.0,0.6467,2.4,0.667,0.0069,18,95.2,100.0,100.0,100.0,100.0,67.4,100.0,0.6286,3.83,0.985,0.0066,21,89.7,ok
C1690,100.0,100.0,100.0,100.0,96.0,77.0,0.6738,2.28,0.705,0.0048,14,92.7,89.4,100.0,100.0,100.0,70.9,77.0,0.5827,3.13,0.951,0.0053,34,87.1,ok
C1691,59.4,100.0,100.0,100.0,91.7,33.6,0.6595,2.83,0.747,0.013,31,83.5,86.2,100.0,100.0,62.5,79.3,33.6,0.5789,3.28,0.868,0.0088,126,80.8,ok
C1692,100.0,82.8,76.0,100.0,90.4,94.9,0.6439,1.55,0.448,0.0055,17,84.8,100.0,82.8,76.0,100.0,66.9,94.9,0.6541,2.15,0.99,0.0047,26,80.8,ok
C1693,50.0,100.0,100.0,100.0,100.0,76.6,0.5156,2.28,0.581,0.0096,15,86.0,79.4,100.0,100.0,100.0,78.7,76.6,0.5708,2.95,0.874,0.0096,54,85.9,ok
C1694,79.3,100.0,100.0,100.0,76.2,100.0,0.5706,3.71,0.899,0.0068,14,89.5,77.6,100.0,100.0,100.0,78.1,100.0,0.5686,3.99,0.88,0.006,31,89.6,ok
C1695,11.6,92.8,84.9,68.1,42.5,67.3,1.0,1.08,0.079,0.0011,5,65.2,79.2,92.8,84.9,97.3,92.1,67.3,0.6884,1.74,0.743,0.0033,28,84.6,ok
C1696,100.0,100.0,100.0,53.2,72.0,100.0,0.7176,3.6,0.94,0.0084,6,85.8,100.0,100.0,100.0,53.2,66.7,100.0,0.7564,5.11,1.0,0.0082,6,84.9,ok
C1697,100.0,83.3,86.5,100.0,66.7,45.4,0.6096,3.18,1.0,0.0097,22,76.8,90.6,83.3,86.5,100.0,69.8,45.4,0.5979,3.46,0.961,0.011,39,76.2,ok
C1698,100.0,33.3,100.0,100.0,66.7,77.4,0.6743,3.05,0.993,0.0043,26,77.1,98.9,33.3,100.0,100.0,73.3,77.4,0.594,3.17,0.927,0.0054,31,78.1,ok
C1699,100.0,100.0,99.4,100.0,100.0,52.6,0.6648,2.44,0.605,0.0092,41,90.8,100.0,100.0,99.4,100.0,93.8,52.6,0.6447,2.47,0.727,0.0092,50,89.7,ok
C1700,100.0,82.8,76.0,100.0,90.4,94.9,0.6439,1.55,0.448,0.0055,17,84.8,100.0,82.8,76.0,100.0,66.9,94.9,0.6541,2.15,0.99,0.0047,26,80.8,ok
C1701,100.0,66.7,85.2,87.5,68.8,92.2,0.6579,3.69,0.971,0.0061,9,76.4,100.0,66.7,85.2,100.0,69.0,92.2,0.6411,3.75,0.969,0.0061,20,77.7,ok
C1702,50.0,100.0,56.7,93.6,79.4,78.0,0.6891,2.27,0.867,0.0211,100,74.4,65.6,100.0,56.7,98.6,77.8,78.0,0.6042,3.02,0.883,0.0126,86,76.5,ok
C1703,100.0,33.3,35.6,50.0,82.4,88.8,0.6423,2.19,0.838,0.0073,14,60.8,100.0,33.3,35.6,50.0,66.7,88.8,0.6531,2.45,1.0,0.0071,19,58.2,ok
C1704,97.9,61.1,81.2,54.1,92.9,67.7,0.6721,1.6,0.571,0.0042,16,74.4,100.0,61.1,81.2,54.1,70.1,67.7,0.6726,1.99,0.958,0.0044,29,70.7,ok
C1705,100.0,100.0,100.0,50.0,88.9,67.2,0.6523,1.52,0.457,0.0062,239,85.0,100.0,100.0,100.0,50.0,94.4,67.2,0.6564,1.63,0.563,0.0053,287,85.9,ok
C1706,72.6,41.7,94.8,70.0,79.9,53.1,0.5626,3.77,0.863,0.0096,120,73.7,81.3,41.7,94.8,76.2,78.0,53.1,0.573,3.83,0.881,0.0095,115,75.1,ok
C1707,100.0,100.0,53.7,100.0,70.1,96.2,0.7243,4.1,0.958,0.0044,39,76.9,100.0,100.0,53.7,100.0,66.7,96.2,0.7244,4.35,1.0,0.0044,48,76.3,ok
C1708,100.0,47.9,49.4,23.0,68.5,92.6,0.6679,3.7,0.974,0.0064,3,59.1,100.0,47.9,49.4,52.1,66.7,92.6,0.6458,4,1.0,0.0065,10,61.7,ok
C1709,68.1,100.0,61.0,100.0,73.7,85.4,0.9825,1.34,0.234,0.0091,40,77.1,100.0,100.0,61.0,100.0,74.7,85.4,0.7159,2.17,0.913,0.006,46,81.0,ok
C1710,0.0,100.0,47.5,62.5,33.3,57.9,0.0,1,0.0,0.0,3,49.8,100.0,100.0,47.5,100.0,66.9,57.9,0.7468,3.01,0.99,0.0075,16,71.2,ok
C1711,100.0,40.0,75.9,95.8,66.7,83.3,0.7696,4,1.0,0.0054,11,70.4,100.0,40.0,75.9,100.0,66.7,83.3,0.7297,3.99,1.0,0.0054,22,70.8,ok
C1712,100.0,56.7,100.0,95.8,68.6,100.0,0.6804,3.59,0.973,0.0067,11,83.2,100.0,56.7,100.0,100.0,66.7,100.0,0.6331,4,1.0,0.007,16,83.2,ok
C1713,72.9,50.0,35.0,78.4,99.5,89.5,0.7701,1.73,0.557,0.003,9,68.2,70.8,50.0,35.0,90.9,89.1,89.5,0.7774,1.92,0.773,0.0029,25,67.5,ok
C1714,100.0,73.3,87.1,70.8,71.8,96.0,0.6253,3.8,0.942,0.0065,5,79.3,100.0,73.3,87.1,100.0,66.7,96.0,0.6332,4,1.0,0.0066,12,81.4,ok
C1715,100.0,73.3,71.9,53.0,68.6,84.2,0.7144,3.79,0.973,0.0061,4,69.4,100.0,73.3,71.9,86.4,66.7,84.2,0.7061,4,1.0,0.0061,13,72.5,ok
C1716,100.0,98.8,95.6,83.2,69.5,4.5,0.823,2.81,0.964,0.0076,46,75.2,74.9,98.8,95.6,83.2,70.7,4.5,0.5654,4.45,0.953,0.0069,20,72.4,ok
C1717,50.0,83.3,100.0,100.0,87.5,61.1,0.6048,2.49,0.788,0.015,49,79.7,36.9,83.3,100.0,100.0,81.9,61.1,0.548,3.09,0.843,0.0119,75,77.2,ok
C1718,100.0,86.7,71.7,66.7,70.8,89.3,0.6782,3.7,0.952,0.0076,4,75.6,100.0,86.7,71.7,95.8,66.7,89.3,0.6736,3.97,1.0,0.0076,11,77.9,ok
C1719,0.0,100.0,47.5,62.5,33.3,57.9,0.0,1,0.0,0.0,3,49.8,100.0,100.0,47.5,100.0,66.9,57.9,0.7468,3.01,0.99,0.0075,16,71.2,ok
C1720,100.0,100.0,100.0,100.0,79.8,70.2,0.6764,1.36,0.277,0.0075,35,88.3,100.0,100.0,100.0,100.0,93.0,70.2,0.6303,2.0,0.734,0.0066,76,90.6,ok
C1721,100.0,100.0,66.0,100.0,78.8,84.7,0.7926,4.03,0.873,0.0081,17,82.1,100.0,100.0,66.0,100.0,73.4,84.7,0.7574,4.75,0.926,0.008,18,81.2,ok
C1722,100.0,66.7,89.4,20.8,66.7,99.9,0.6335,3.59,1.0,0.0062,5,72.8,100.0,66.7,89.4,50.0,66.7,99.9,0.6099,4,1.0,0.007,12,75.7,ok
C1723,22.5,100.0,50.4,100.0,34.1,91.7,0.9704,1.01,0.007,0.0003,50,65.0,52.9,100.0,50.4,100.0,100.0,91.7,0.5391,3.32,0.516,0.0103,81,79.8,ok
C1724,99.4,66.7,43.9,100.0,90.9,66.7,0.5946,1.56,0.435,0.0052,44,73.9,100.0,66.7,43.9,70.0,100.0,66.7,0.6112,1.74,0.542,0.0045,120,72.4,ok
C1725,70.6,94.4,90.5,8.3,92.7,66.0,0.5603,2.58,0.737,0.0046,2,74.9,100.0,94.4,90.5,29.2,73.5,66.0,0.6014,3.15,0.925,0.005,7,77.3,ok
C1726,100.0,61.1,84.4,20.8,68.5,100.0,0.6996,3.63,0.974,0.0067,5,69.5,100.0,61.1,84.4,29.2,66.7,100.0,0.6735,3.94,1.0,0.0058,7,70.0,ok
C1727,96.4,93.5,88.4,100.0,86.1,95.0,0.9054,3.95,0.802,0.0083,25,89.1,100.0,93.5,88.4,100.0,69.8,95.0,0.7839,5.45,0.961,0.0054,62,86.7,ok
C1728,54.2,100.0,76.6,87.5,36.4,72.2,0.8453,1.03,0.026,0.0021,9,68.4,100.0,100.0,76.6,77.5,90.2,72.2,0.6633,1.76,0.762,0.0044,114,82.0,ok
C1729,82.3,43.0,66.0,50.0,66.7,100.0,0.9436,4.47,1.0,0.0097,17,67.1,100.0,43.0,66.0,50.0,66.7,100.0,0.8264,6.18,1.0,0.0103,14,69.2,ok
C1730,100.0,100.0,82.2,100.0,76.0,99.7,0.6722,3.37,0.901,0.007,16,85.6,100.0,100.0,82.2,100.0,66.7,99.7,0.6552,4.03,1.0,0.0069,17,84.1,ok
C1731,100.0,43.3,64.9,41.7,66.7,97.2,0.6314,3.99,1.0,0.0076,10,66.9,100.0,43.3,64.9,50.0,66.7,97.2,0.6199,4,1.0,0.0078,15,67.8,ok
C1732,0.0,0.0,9.4,50.0,16.7,16.8,0.0,1,0.0,0.0,28,12.0,0.0,0.0,9.4,50.0,16.7,16.8,0.0,1,0.0,0.0,32,12.0,ok
C1733,100.0,26.7,50.0,41.5,67.2,100.0,0.6467,3.49,0.987,0.0088,8,61.9,100.0,26.7,50.0,58.2,66.7,100.0,0.6186,4,1.0,0.0079,12,63.5,ok
C1734,100.0,40.0,75.9,95.8,66.7,83.3,0.7696,4,1.0,0.0054,11,70.4,100.0,40.0,75.9,100.0,66.7,83.3,0.7297,3.99,1.0,0.0054,22,70.8,ok
C1735,100.0,66.7,79.5,8.3,68.1,100.0,0.6835,3.63,0.978,0.0067,2,68.5,100.0,66.7,79.5,29.2,66.7,100.0,0.6716,3.8,1.0,0.0067,7,70.4,ok
C1736,100.0,70.0,87.5,82.7,66.7,100.0,0.6902,3.85,1.0,0.0062,13,79.2,100.0,70.0,87.5,82.7,66.7,100.0,0.6693,4,1.0,0.0065,24,79.2,ok
C1737,100.0,100.0,89.4,87.5,67.4,100.0,0.6559,3.65,0.985,0.0072,9,84.3,100.0,100.0,89.4,95.8,66.7,100.0,0.6374,4,1.0,0.0072,11,85.0,ok
C1738,100.0,57.8,82.7,8.3,71.1,96.6,0.6729,3.69,0.949,0.0077,2,68.7,100.0,57.8,82.7,29.2,67.4,96.6,0.6475,3.94,0.985,0.0077,7,70.2,ok
C1739,100.0,56.7,100.0,46.5,68.5,100.0,0.6172,3.79,0.974,0.0065,2,77.9,100.0,56.7,100.0,88.2,66.7,100.0,0.6048,4,1.0,0.007,19,81.9,ok
C1740,100.0,40.0,75.9,95.8,66.7,83.3,0.7696,4,1.0,0.0054,11,70.4,100.0,40.0,75.9,100.0,66.7,83.3,0.7297,3.99,1.0,0.0054,22,70.8,ok
C1741,100.0,76.7,94.1,79.2,72.2,100.0,0.6798,3.62,0.938,0.0062,7,81.9,100.0,76.7,94.1,100.0,66.7,100.0,0.6637,3.84,0.992,0.0062,39,83.1,ok
C1742,40.7,100.0,93.9,25.0,55.5,77.8,0.9207,1.18,0.147,0.0016,6,69.2,100.0,100.0,93.9,33.3,70.4,77.8,0.6829,2.28,0.955,0.0044,8,79.6,ok
C1743,70.4,66.7,100.0,70.8,100.0,95.7,0.56,1.95,0.55,0.0066,5,84.8,84.6,66.7,100.0,100.0,73.3,95.7,0.577,2.54,0.927,0.0056,31,85.0,ok
C1744,100.0,43.3,64.9,41.7,66.7,97.2,0.6314,3.99,1.0,0.0076,10,66.9,100.0,43.3,64.9,50.0,66.7,97.2,0.6199,4,1.0,0.0078,15,67.8,ok
C1745,100.0,66.7,84.5,66.8,69.6,100.0,0.7114,3.81,0.963,0.0065,6,74.1,100.0,66.7,84.5,91.8,66.7,100.0,0.7005,3.96,1.0,0.0065,12,76.2,ok
C1746,100.0,60.0,76.1,45.8,71.0,100.0,0.6959,3.79,0.95,0.0056,11,70.3,100.0,60.0,76.1,50.0,67.4,100.0,0.6837,3.94,0.985,0.0056,18,70.2,ok
C1747,58.3,94.4,88.4,25.0,86.4,76.6,0.695,1.5,0.273,0.0023,6,72.5,58.3,94.4,88.4,25.0,74.3,76.6,0.703,2.12,0.917,0.0023,6,70.5,ok
C1748,100.0,73.3,100.0,20.8,66.7,100.0,0.7247,3.81,1.0,0.0063,5,77.4,100.0,73.3,100.0,37.5,66.7,100.0,0.6653,4,1.0,0.0066,9,79.1,ok
C1749,100.0,73.3,79.5,23.9,66.7,100.0,0.6561,3.62,1.0,0.0067,4,71.7,100.0,73.3,79.5,53.1,66.7,100.0,0.6361,3.81,1.0,0.0067,11,74.6,ok
C1750,100.0,66.7,88.9,20.8,66.7,100.0,0.6299,3.91,1.0,0.0062,5,72.6,100.0,66.7,88.9,50.0,66.7,100.0,0.6109,4,1.0,0.0062,12,75.6,ok
C1751,81.9,100.0,95.1,86.4,91.1,39.0,0.5737,2.25,0.753,0.0051,12,81.6,79.4,100.0,95.1,86.4,100.0,39.0,0.5708,2.08,0.608,0.0051,25,82.8,ok
C1752,100.0,73.3,84.8,18.5,67.8,97.5,0.6744,3.47,0.981,0.0071,4,72.5,100.0,73.3,84.8,47.7,66.7,97.5,0.644,4,1.0,0.0068,11,75.3,ok
C1753,100.0,84.4,83.4,45.7,69.1,95.7,0.6817,3.71,0.968,0.0068,9,75.8,100.0,84.4,83.4,54.0,66.7,95.7,0.6705,3.96,1.0,0.0069,11,76.2,ok
C1754,100.0,100.0,89.4,100.0,67.2,83.3,0.8593,3.53,0.987,0.0055,22,82.3,100.0,100.0,89.4,100.0,66.7,83.3,0.8136,4.06,1.0,0.0049,22,82.2,ok
C1755,100.0,64.4,72.2,28.1,66.7,96.2,0.706,3.78,1.0,0.0058,5,67.6,100.0,64.4,72.2,40.6,66.7,96.2,0.6877,4,1.0,0.0058,8,68.9,ok
C1756,100.0,55.6,91.3,83.9,69.6,100.0,0.7161,3.39,0.963,0.0061,9,80.0,100.0,55.6,91.3,96.4,67.0,100.0,0.6722,3.84,0.989,0.0061,13,80.8,ok
C1757,100.0,50.0,83.6,100.0,78.3,83.3,0.7455,3.45,0.878,0.0053,12,75.5,100.0,50.0,83.6,87.5,66.7,83.3,0.7245,4,1.0,0.0054,9,72.2,ok
C1758,100.0,73.3,89.4,79.2,67.7,100.0,0.6845,3.56,0.982,0.0077,7,80.4,100.0,73.3,89.4,100.0,66.7,100.0,0.6425,4,1.0,0.0077,22,82.3,ok
C1759,0.0,34.2,54.3,100.0,16.7,65.6,0.0,1,0.0,0.0,20,46.1,0.0,34.2,54.3,100.0,16.7,65.6,0.0,1,0.0,0.0,53,46.1,ok
C1760,100.0,73.3,87.1,70.8,71.8,96.0,0.6253,3.8,0.942,0.0065,5,79.3,100.0,73.3,87.1,100.0,66.7,96.0,0.6332,4,1.0,0.0066,12,81.4,ok
C1761,100.0,64.4,72.2,28.1,66.7,96.2,0.706,3.78,1.0,0.0058,5,67.6,100.0,64.4,72.2,40.6,66.7,96.2,0.6877,4,1.0,0.0058,8,68.9,ok
C1762,100.0,67.8,75.8,100.0,74.7,100.0,0.6893,3.52,0.913,0.0067,13,78.7,100.0,67.8,75.8,100.0,67.9,100.0,0.6697,3.93,0.98,0.0067,13,77.5,ok
C1763,100.0,58.9,71.0,29.2,69.1,100.0,0.689,3.74,0.968,0.0062,7,68.1,100.0,58.9,71.0,50.0,66.7,100.0,0.6746,4,1.0,0.0062,13,69.8,ok
C1764,100.0,67.8,77.2,100.0,74.7,100.0,0.6893,3.52,0.913,0.0067,13,78.8,100.0,67.8,77.2,100.0,66.7,100.0,0.6681,3.99,0.993,0.0067,12,77.4,ok
C1765,100.0,100.0,82.2,100.0,75.7,99.7,0.6804,3.29,0.904,0.007,14,85.6,100.0,100.0,82.2,100.0,67.4,99.7,0.6587,3.94,0.985,0.0069,19,84.2,ok
C1766,100.0,55.6,88.0,94.1,77.3,98.0,0.6354,3.51,0.888,0.006,19,79.9,100.0,55.6,88.0,94.1,71.0,98.0,0.6288,3.83,0.95,0.006,27,78.8,ok
C1767,100.0,76.7,75.0,65.9,68.8,95.4,0.6831,3.61,0.971,0.0072,16,73.2,100.0,76.7,75.0,65.9,66.7,95.4,0.6561,3.9,1.0,0.0072,24,72.9,ok
C1768,100.0,50.0,83.6,100.0,78.3,83.3,0.7455,3.45,0.878,0.0053,12,75.5,100.0,50.0,83.6,87.5,66.7,83.3,0.7245,4,1.0,0.0054,9,72.2,ok
C1769,100.0,54.4,88.2,75.0,66.7,100.0,0.6937,3.79,1.0,0.0064,6,73.2,100.0,54.4,88.2,100.0,66.7,100.0,0.6724,3.97,1.0,0.0063,13,75.8,ok
C1770,100.0,70.0,85.5,69.2,66.7,100.0,0.674,3.78,1.0,0.006,7,76.0,100.0,70.0,85.5,60.8,66.7,100.0,0.6577,4,1.0,0.006,5,75.1,ok
C1771,100.0,55.6,89.5,72.3,74.0,100.0,0.712,3.32,0.92,0.0055,7,78.9,100.0,55.6,89.5,93.2,67.1,100.0,0.6662,3.9,0.988,0.0057,16,79.8,ok
C1772,100.0,66.7,89.4,33.1,68.8,100.0,0.6573,3.59,0.971,0.0059,5,74.2,100.0,66.7,89.4,41.4,66.7,100.0,0.6237,4.12,1.0,0.0059,7,74.7,ok
C1773,100.0,55.6,73.7,39.7,71.6,91.0,0.6718,3.27,0.944,0.0056,8,70.4,100.0,55.6,73.7,39.7,67.8,91.0,0.6409,3.66,0.981,0.0056,8,69.8,ok
C1774,100.0,54.4,60.0,12.5,66.7,100.0,0.7622,3.88,1.0,0.0067,3,66.2,100.0,54.4,60.0,33.3,66.7,100.0,0.7872,3.97,1.0,0.0067,8,68.3,ok
C1775,100.0,73.3,100.0,20.8,66.7,100.0,0.7247,3.81,1.0,0.0063,5,77.4,100.0,73.3,100.0,37.5,66.7,100.0,0.6653,4,1.0,0.0066,9,79.1,ok
C1776,100.0,73.3,70.3,35.3,66.7,100.0,0.6902,3.74,1.0,0.0056,4,70.8,100.0,73.3,70.3,47.8,66.7,100.0,0.6638,3.92,1.0,0.0061,7,72.1,ok
C1777,100.0,73.3,84.9,61.0,71.5,93.5,0.6443,3.8,0.945,0.0065,7,77.1,100.0,73.3,84.9,81.8,66.7,93.5,0.626,4,1.0,0.0066,13,78.4,ok
C1778,100.0,73.3,53.7,29.2,69.4,94.1,0.7348,3.51,0.965,0.0054,7,67.3,100.0,73.3,53.7,29.2,66.7,94.1,0.7024,3.95,1.0,0.0054,7,66.8,ok
C1779,100.0,76.7,75.0,65.9,68.8,95.4,0.6831,3.61,0.971,0.0072,16,73.2,100.0,76.7,75.0,65.9,66.7,95.4,0.6561,3.9,1.0,0.0072,24,72.9,ok
C1780,100.0,70.0,84.4,49.5,72.2,100.0,0.6815,3.66,0.938,0.0062,5,73.7,100.0,70.0,84.4,74.5,66.7,100.0,0.6666,4.02,1.0,0.0064,11,75.3,ok
C1781,100.0,76.7,72.9,45.8,68.3,77.9,0.6697,3.75,0.976,0.0045,4,68.3,100.0,76.7,72.9,66.6,66.7,77.9,0.6683,4,1.0,0.0045,9,70.1,ok
C1782,100.0,43.3,73.8,65.5,66.7,100.0,0.653,3.97,1.0,0.0069,22,68.7,100.0,43.3,73.8,65.5,66.7,100.0,0.6291,4,1.0,0.007,36,68.7,ok
C1783,100.0,40.0,75.9,95.8,66.7,83.3,0.7696,4,1.0,0.0054,11,70.4,100.0,40.0,75.9,100.0,66.7,83.3,0.7297,3.99,1.0,0.0054,22,70.8,ok
C1784,100.0,58.9,71.0,29.2,69.1,100.0,0.689,3.74,0.968,0.0062,7,68.1,100.0,58.9,71.0,50.0,66.7,100.0,0.6746,4,1.0,0.0062,13,69.8,ok
C1785,100.0,55.6,100.0,99.5,74.0,100.0,0.7134,3.58,0.92,0.0075,12,84.0,100.0,55.6,100.0,99.5,66.7,100.0,0.7061,3.99,1.0,0.007,22,82.8,ok
C1786,100.0,27.8,49.4,20.8,66.7,100.0,0.6534,3.97,1.0,0.0068,5,52.6,100.0,27.8,49.4,33.3,66.7,100.0,0.6388,4,1.0,0.0068,8,53.9,ok
C1787,100.0,66.7,83.4,46.8,69.7,100.0,0.7091,3.81,0.962,0.0065,6,71.8,100.0,66.7,83.4,71.8,66.7,100.0,0.7005,3.96,1.0,0.0065,12,73.8,ok
C1788,100.0,66.7,84.5,66.8,69.6,100.0,0.7114,3.81,0.963,0.0065,6,74.1,100.0,66.7,84.5,91.8,66.7,100.0,0.7005,3.96,1.0,0.0065,12,76.2,ok
C1789,100.0,54.4,88.2,75.0,66.7,100.0,0.6937,3.79,1.0,0.0064,6,73.2,100.0,54.4,88.2,100.0,66.7,100.0,0.6724,3.97,1.0,0.0063,13,75.8,ok
C1790,100.0,51.1,61.8,16.7,66.7,100.0,0.7389,4,1.0,0.0062,4,58.4,100.0,51.1,61.8,37.5,66.7,100.0,0.7297,4,1.0,0.0062,9,60.5,ok
C1791,100.0,55.6,100.0,99.5,74.0,100.0,0.7134,3.58,0.92,0.0075,12,84.0,100.0,55.6,100.0,99.5,66.7,100.0,0.7061,3.99,1.0,0.007,22,82.8,ok
C1792,100.0,82.2,75.7,20.8,66.7,92.8,0.6369,3.92,1.0,0.0066,5,68.6,100.0,82.2,75.7,50.0,66.7,92.8,0.6188,4,1.0,0.0066,12,71.6,ok
C1793,100.0,50.0,87.9,44.7,87.7,100.0,0.7252,3.2,0.786,0.0053,8,76.8,100.0,50.0,87.9,61.4,75.5,100.0,0.6988,3.72,0.906,0.0062,12,76.5,ok
C1794,100.0,66.7,84.5,66.8,69.6,100.0,0.7114,3.81,0.963,0.0065,6,74.1,100.0,66.7,84.5,91.8,66.7,100.0,0.7005,3.96,1.0,0.0065,12,76.2,ok
C1795,100.0,54.4,88.2,75.0,66.7,100.0,0.6937,3.79,1.0,0.0064,6,73.2,100.0,54.4,88.2,100.0,66.7,100.0,0.6724,3.97,1.0,0.0063,13,75.8,ok
C1796,100.0,84.4,89.4,70.8,82.5,97.1,0.6708,2.84,0.837,0.0064,5,83.7,100.0,84.4,89.4,75.0,70.1,97.1,0.6417,3.75,0.958,0.0064,6,82.0,ok
C1797,100.0,55.6,100.0,99.5,74.0,100.0,0.7134,3.58,0.92,0.0075,12,84.0,100.0,55.6,100.0,99.5,66.7,100.0,0.7061,3.99,1.0,0.007,22,82.8,ok
C1798,100.0,55.6,100.0,99.5,74.0,100.0,0.7134,3.58,0.92,0.0075,12,84.0,100.0,55.6,100.0,99.5,66.7,100.0,0.7061,3.99,1.0,0.007,22,82.8,ok
C1799,100.0,40.0,75.9,95.8,66.7,83.3,0.7696,4,1.0,0.0054,11,70.4,100.0,40.0,75.9,100.0,66.7,83.3,0.7297,3.99,1.0,0.0054,22,70.8,ok
C1800,100.0,36.7,49.4,20.8,66.7,90.7,0.7238,4,1.0,0.0055,5,56.2,100.0,36.7,49.4,45.8,66.7,90.7,0.7144,4,1.0,0.0055,11,58.8,ok
C1801,100.0,66.7,88.9,20.8,66.7,100.0,0.6299,3.91,1.0,0.0062,5,72.6,100.0,66.7,88.9,50.0,66.7,100.0,0.6109,4,1.0,0.0062,12,75.6,ok
C1802,100.0,55.6,100.0,99.5,74.0,100.0,0.7134,3.58,0.92,0.0075,12,84.0,100.0,55.6,100.0,99.5,66.7,100.0,0.7061,3.99,1.0,0.007,22,82.8,ok
C1803,100.0,73.3,64.1,96.4,66.7,82.9,0.7186,3.82,1.0,0.0054,19,71.3,100.0,73.3,64.1,96.4,66.7,82.9,0.6991,4,1.0,0.0054,21,71.3,ok
C1804,100.0,66.7,84.5,66.8,69.6,100.0,0.7114,3.81,0.963,0.0065,6,74.1,100.0,66.7,84.5,91.8,66.7,100.0,0.7005,3.96,1.0,0.0065,12,76.2,ok
C1805,100.0,51.1,61.8,16.7,66.7,100.0,0.7389,4,1.0,0.0062,4,58.4,100.0,51.1,61.8,37.5,66.7,100.0,0.7297,4,1.0,0.0062,9,60.5,ok
C1806,100.0,50.0,87.9,53.8,87.7,100.0,0.7252,3.2,0.786,0.0053,8,77.4,100.0,50.0,87.9,70.5,78.2,100.0,0.7044,3.61,0.879,0.0064,13,77.4,ok
C1807,100.0,55.6,100.0,99.5,74.0,100.0,0.7134,3.58,0.92,0.0075,12,84.0,100.0,55.6,100.0,99.5,66.7,100.0,0.7061,3.99,1.0,0.007,22,82.8,ok
C1808,100.0,66.7,84.5,66.8,69.6,100.0,0.7114,3.81,0.963,0.0065,6,74.1,100.0,66.7,84.5,91.8,66.7,100.0,0.7005,3.96,1.0,0.0065,12,76.2,ok
C1809,100.0,66.7,84.5,66.8,69.6,100.0,0.7114,3.81,0.963,0.0065,6,74.1,100.0,66.7,84.5,91.8,66.7,100.0,0.7005,3.96,1.0,0.0065,12,76.2,ok
C1810,100.0,75.0,89.8,100.0,83.5,100.0,0.6656,3.34,0.827,0.0057,16,87.7,100.0,75.0,89.8,100.0,66.7,100.0,0.6689,5,1.0,0.0062,27,84.9,ok
C1811,100.0,52.7,41.1,50.0,77.9,87.9,0.6844,3.45,0.882,0.0051,21,63.9,100.0,52.7,41.1,50.0,66.7,87.9,0.6626,3.94,1.0,0.0052,50,62.0,ok
C1812,100.0,65.8,49.4,33.3,70.8,91.6,0.6634,3.57,0.952,0.0077,8,66.2,100.0,65.8,49.4,50.0,66.7,91.6,0.6535,4,1.0,0.0071,16,67.2,ok
C1813,100.0,42.5,49.8,29.2,67.6,90.2,0.6657,3.46,0.983,0.0088,7,62.6,100.0,42.5,49.8,50.0,66.7,90.2,0.6373,4,1.0,0.0079,18,64.5,ok
C1814,100.0,24.0,68.6,87.7,76.8,92.7,0.7437,3.01,0.893,0.0048,13,72.1,100.0,24.0,68.6,87.7,66.7,92.7,0.66,4,1.0,0.0053,20,70.3,ok
C1815,100.0,31.6,74.3,83.3,82.0,100.0,0.6801,3.01,0.842,0.0046,8,75.2,100.0,31.6,74.3,100.0,66.7,100.0,0.6385,4,1.0,0.0052,14,74.3,ok
C1816,100.0,73.9,61.7,69.8,82.6,70.0,0.6786,2.6,0.836,0.0043,9,73.9,100.0,73.9,61.7,82.3,66.7,70.0,0.6289,4,1.0,0.0049,15,72.5,ok
C1817,100.0,75.1,83.3,100.0,79.9,98.7,0.7089,2.8,0.863,0.0073,25,85.9,100.0,75.1,83.3,100.0,66.7,98.7,0.6501,3.96,1.0,0.0077,22,83.6,ok
C1818,87.5,55.6,55.1,48.7,67.6,85.8,0.6829,3.37,0.983,0.0037,7,65.2,100.0,55.6,55.1,69.5,66.7,85.8,0.6308,4,1.0,0.0045,25,68.7,ok
C1819,100.0,33.3,78.9,80.5,100.0,82.3,0.6608,2.44,0.662,0.0062,20,78.8,100.0,33.3,78.9,80.5,81.1,82.3,0.6189,3.55,0.851,0.0063,27,75.6,ok
C1820,100.0,33.3,87.5,83.3,72.8,100.0,0.7778,5.14,0.932,0.005,8,78.5,100.0,33.3,87.5,100.0,66.7,100.0,0.6915,6.85,1.0,0.0056,24,79.2,ok
C1821,100.0,33.3,73.9,87.5,88.8,99.7,0.6887,2.76,0.776,0.0054,9,78.2,100.0,33.3,73.9,100.0,66.7,99.7,0.6219,4,1.0,0.0056,12,75.7,ok
C1822,87.5,57.4,65.4,71.7,78.5,88.1,0.6911,3,0.876,0.0037,10,73.4,100.0,57.4,65.4,80.0,66.7,88.1,0.6426,4,1.0,0.0046,27,73.7,ok
C1823,100.0,54.0,72.5,85.7,78.6,97.5,0.6631,3,0.875,0.0054,9,78.0,100.0,54.0,72.5,98.2,66.7,97.5,0.6047,4,1.0,0.006,17,77.2,ok
C1824,100.0,55.2,51.5,55.9,74.9,100.0,0.7124,3.3,0.911,0.005,16,70.5,100.0,55.2,51.5,55.9,66.7,100.0,0.6777,4,1.0,0.005,21,69.1,ok
C1825,100.0,22.2,52.8,46.0,99.2,100.0,0.6693,2.62,0.674,0.0049,7,67.6,100.0,22.2,52.8,66.8,85.1,100.0,0.6223,3.44,0.812,0.005,13,67.4,ok
C1826,100.0,70.7,72.5,25.0,79.4,97.1,0.698,2.93,0.867,0.0046,6,75.2,100.0,70.7,72.5,50.0,66.7,97.1,0.6319,4,1.0,0.0049,26,75.6,ok
C1827,100.0,60.7,51.5,72.7,95.0,83.0,0.6494,2.84,0.715,0.0056,34,73.2,100.0,60.7,51.5,72.7,87.5,83.0,0.626,3.31,0.788,0.0058,35,72.0,ok
C1828,100.0,73.1,65.4,100.0,88.1,100.0,0.6329,3.23,0.782,0.0047,14,81.6,100.0,73.1,65.4,100.0,67.5,100.0,0.6024,4.65,0.984,0.0052,19,78.1,ok
C1829,100.0,34.6,50.1,50.0,87.6,83.3,0.6115,2.94,0.787,0.0073,12,66.4,100.0,34.6,50.1,50.0,77.2,83.3,0.6043,3.67,0.889,0.0075,18,64.7,ok
C1830,89.6,61.9,69.9,100.0,87.0,95.3,0.7466,4.6,0.793,0.0038,21,78.9,95.8,61.9,69.9,91.7,68.2,95.3,0.7354,6.21,0.977,0.0041,10,75.6,ok
C1831,100.0,66.7,61.6,79.1,83.6,89.6,0.665,2.87,0.826,0.0049,17,76.5,100.0,66.7,61.6,79.1,68.5,89.6,0.6211,3.92,0.974,0.0057,22,73.9,ok
C1832,100.0,74.4,48.9,50.0,66.7,78.9,0.6973,3.81,1.0,0.005,13,66.1,100.0,74.4,48.9,50.0,66.7,78.9,0.6772,4,1.0,0.005,16,66.1,ok
C1833,100.0,44.5,69.9,88.2,68.9,82.4,0.6511,3.74,0.97,0.0061,24,69.3,100.0,44.5,69.9,88.2,66.7,82.4,0.6327,4,1.0,0.0063,26,68.9,ok
C1834,100.0,78.2,78.8,68.0,100.0,100.0,0.703,2.45,0.615,0.0063,9,85.2,100.0,78.2,78.8,80.5,85.1,100.0,0.7647,4.25,0.812,0.0063,22,83.9,ok
C1835,100.0,73.2,55.2,29.2,100.0,77.2,0.6442,2.45,0.636,0.0069,7,72.5,100.0,73.2,55.2,50.0,83.4,77.2,0.619,3.48,0.828,0.0069,16,71.8,ok
C1836,100.0,66.7,78.3,100.0,75.8,100.0,0.6953,3.19,0.903,0.0048,15,83.9,100.0,66.7,78.3,100.0,66.7,100.0,0.6424,4,1.0,0.0055,22,82.4,ok
C1837,100.0,43.3,67.3,16.7,72.7,97.2,0.6615,3.2,0.933,0.0057,4,68.5,100.0,43.3,67.3,50.0,66.7,97.2,0.6239,4,1.0,0.0058,21,70.9,ok
C1838,100.0,61.1,81.2,76.8,70.8,100.0,0.7043,3.82,0.952,0.0049,18,79.1,100.0,61.1,81.2,76.8,66.7,100.0,0.694,5.05,1.0,0.0051,29,78.4,ok
C1839,100.0,43.3,54.4,59.1,74.2,97.4,0.6452,3.23,0.918,0.0058,12,68.9,100.0,43.3,54.4,59.1,66.7,97.4,0.6199,3.95,1.0,0.0058,12,67.6,ok
C1840,95.8,58.6,67.6,54.9,82.9,100.0,0.731,3.63,0.833,0.0041,11,74.1,100.0,58.6,67.6,59.1,66.7,100.0,0.7126,5.45,1.0,0.0051,15,72.3,ok
C1841,100.0,22.2,74.7,50.0,69.6,91.8,0.7174,3.58,0.963,0.0052,12,67.5,100.0,22.2,74.7,50.0,66.7,91.8,0.6704,4,1.0,0.0054,17,67.0,ok
C1842,100.0,37.4,68.6,48.3,100.0,91.3,0.6334,2.34,0.623,0.007,7,75.2,99.2,37.4,68.6,69.1,85.3,91.3,0.5944,3.43,0.81,0.0073,15,74.7,ok
C1843,100.0,67.8,74.4,42.4,72.5,82.7,0.6596,3.88,0.935,0.0043,8,72.2,100.0,67.8,74.4,42.4,66.7,82.7,0.6402,5,1.0,0.0043,8,71.2,ok
C1844,79.2,66.6,71.5,52.9,74.5,96.0,0.8286,6.15,0.915,0.0033,8,71.9,91.7,66.6,71.5,65.4,64.5,96.0,0.8117,7.55,1.0,0.0039,11,72.9,ok
C1845,100.0,71.3,53.7,31.4,96.2,95.7,0.6283,2.66,0.703,0.0061,7,72.2,100.0,71.3,53.7,52.3,77.2,95.7,0.6033,3.67,0.889,0.0064,14,71.1,ok
C1846,100.0,40.7,72.4,59.5,93.4,83.3,0.6729,2.54,0.731,0.005,5,74.9,100.0,40.7,72.4,88.6,66.7,83.3,0.6139,4,1.0,0.0056,15,73.3,ok
C1847,100.0,78.3,62.4,100.0,80.9,98.1,0.6787,3.06,0.853,0.0068,26,80.8,100.0,78.3,62.4,100.0,66.7,98.1,0.6443,4,1.0,0.0068,27,78.4,ok
C1848,100.0,42.7,62.0,74.0,73.7,100.0,0.7011,3.12,0.923,0.0053,11,72.7,100.0,42.7,62.0,78.2,66.7,100.0,0.6648,4,1.0,0.0055,17,71.9,ok
C1849,100.0,49.3,68.8,94.5,74.3,94.6,0.6856,3.22,0.917,0.0052,16,76.4,100.0,49.3,68.8,94.5,66.7,94.6,0.6387,3.96,1.0,0.0053,31,75.1,ok
C1850,100.0,46.7,76.9,47.1,98.3,99.6,0.6627,2.41,0.683,0.0058,10,77.3,100.0,46.7,76.9,55.5,83.4,99.6,0.6225,3.48,0.828,0.0063,18,75.7,ok
C1851,100.0,29.0,57.2,41.7,79.4,72.1,0.5983,3.23,0.867,0.0067,10,61.6,91.6,29.0,57.2,50.0,66.7,72.1,0.5853,3.89,1.0,0.0067,15,59.3,ok
C1852,100.0,54.4,68.4,70.9,97.9,98.7,0.6202,2.61,0.687,0.0071,18,78.8,100.0,54.4,68.4,70.9,83.1,98.7,0.5954,3.49,0.831,0.0065,20,76.3,ok
C1853,100.0,48.9,60.2,41.7,82.2,85.6,0.7068,3.08,0.84,0.005,10,69.5,100.0,48.9,60.2,37.5,66.7,85.6,0.6579,4,1.0,0.0055,9,66.5,ok
C1854,100.0,55.6,78.0,100.0,97.8,90.2,0.6512,2.55,0.688,0.0063,30,84.3,97.9,55.6,78.0,100.0,76.0,90.2,0.5928,3.82,0.901,0.0067,32,80.3,ok
C1855,100.0,40.0,55.2,25.0,72.6,96.2,0.654,3.41,0.934,0.0052,6,63.9,100.0,40.0,55.2,50.0,66.7,96.2,0.6259,4,1.0,0.0054,13,65.5,ok
C1856,100.0,22.2,65.2,89.4,70.2,52.8,0.6646,3.36,0.957,0.0051,10,65.2,100.0,22.2,65.2,97.7,66.7,52.8,0.6294,4,1.0,0.0053,18,65.4,ok
C1857,100.0,36.5,55.2,50.0,73.3,94.4,0.692,3.57,0.927,0.0065,16,66.6,100.0,36.5,55.2,50.0,68.4,94.4,0.6462,3.92,0.975,0.007,24,65.8,ok
C1858,100.0,49.7,41.1,50.0,72.3,100.0,0.6967,3.04,0.937,0.0057,14,63.8,100.0,49.7,41.1,50.0,66.7,100.0,0.6552,3.6,1.0,0.0059,17,62.8,ok
C1859,100.0,28.9,51.7,31.8,66.7,100.0,0.6828,3.63,1.0,0.0043,6,61.8,100.0,28.9,51.7,56.8,66.7,100.0,0.6593,4,1.0,0.0043,18,64.4,ok
C1860,100.0,66.7,75.1,45.8,84.4,94.9,0.6621,2.99,0.819,0.0073,11,77.2,100.0,66.7,75.1,50.0,66.7,94.9,0.6461,4,1.0,0.0073,14,74.7,ok
C1861,100.0,64.9,87.6,33.3,68.7,92.7,0.6993,2.96,0.972,0.0054,8,75.0,100.0,64.9,87.6,50.0,66.7,92.7,0.63,4,1.0,0.006,23,76.3,ok
C1862,100.0,50.0,57.2,38.0,77.0,100.0,0.6627,3.36,0.891,0.0046,4,68.7,100.0,50.0,57.2,71.4,66.7,100.0,0.6383,4,1.0,0.0048,13,70.3,ok
C1863,100.0,40.0,66.9,50.0,100.0,97.0,0.6143,2.27,0.651,0.0064,16,75.2,78.0,40.0,66.9,50.0,85.1,97.0,0.5691,3.44,0.812,0.0072,18,70.0,ok
C1864,100.0,58.7,51.6,33.3,98.9,72.8,0.6294,2.72,0.677,0.0073,8,69.2,100.0,58.7,51.6,50.0,82.2,72.8,0.607,3.51,0.84,0.0072,16,68.1,ok
C1865,100.0,57.1,72.9,100.0,83.4,94.7,0.6645,3.04,0.828,0.0068,22,81.1,100.0,57.1,72.9,100.0,66.7,94.7,0.6297,4,1.0,0.0072,28,78.3,ok
C1866,100.0,32.0,58.0,57.0,66.8,89.9,0.6825,3.37,0.991,0.0051,9,67.2,100.0,32.0,58.0,69.5,66.7,89.9,0.6507,3.9,1.0,0.0052,23,68.4,ok
C1867,100.0,78.7,100.0,95.8,100.0,86.3,0.716,2.42,0.655,0.0063,11,90.5,100.0,78.7,100.0,100.0,70.4,86.3,0.6364,4.8,0.955,0.0057,18,85.9,ok
C1868,100.0,58.0,67.4,74.1,96.0,74.7,0.6335,2.61,0.705,0.005,15,76.4,100.0,58.0,67.4,74.1,82.0,74.7,0.608,3.53,0.842,0.0055,16,74.0,ok
C1869,97.9,61.6,55.7,82.7,70.2,100.0,0.7135,3.43,0.957,0.0042,11,73.1,100.0,61.6,55.7,86.8,66.7,100.0,0.6808,4,1.0,0.0049,20,73.2,ok
C1870,100.0,26.7,74.9,12.5,97.8,81.7,0.6236,2.29,0.688,0.0062,3,69.0,91.5,26.7,74.9,41.7,77.2,81.7,0.5852,3.67,0.889,0.0066,10,67.5,ok
C1871,100.0,75.6,55.2,33.3,67.1,92.8,0.6955,3.87,0.988,0.0067,8,66.7,100.0,75.6,55.2,50.0,66.7,92.8,0.6832,4,1.0,0.0067,14,68.3,ok
C1872,100.0,32.8,62.5,49.6,72.9,83.4,0.6851,3.13,0.931,0.0049,7,67.1,100.0,32.8,62.5,70.5,66.7,83.4,0.625,4,1.0,0.0051,28,68.2,ok
C1873,100.0,70.1,62.6,78.6,80.5,100.0,0.7014,2.96,0.857,0.0063,13,78.1,100.0,70.1,62.6,78.6,66.7,100.0,0.6514,3.97,1.0,0.0062,24,75.7,ok
C1874,100.0,52.2,52.8,100.0,72.7,100.0,0.685,3.59,0.933,0.006,32,72.7,100.0,52.2,52.8,100.0,66.7,100.0,0.6636,4,1.0,0.006,57,71.7,ok
C1875,100.0,38.9,99.6,100.0,81.4,98.4,0.6,3.2,0.848,0.0051,49,85.6,100.0,38.9,99.6,100.0,77.4,98.4,0.6023,3.86,0.887,0.0048,40,85.0,ok
C1876,100.0,67.8,88.0,100.0,88.3,100.0,0.6898,3.16,0.78,0.0048,13,86.6,100.0,67.8,88.0,100.0,67.0,100.0,0.6427,4.88,0.989,0.0058,26,83.0,ok
C1877,100.0,50.0,54.4,100.0,68.3,93.2,0.6505,3.26,0.976,0.0046,17,72.9,100.0,50.0,54.4,100.0,66.7,93.2,0.6181,3.98,1.0,0.0051,27,72.6,ok
C1878,100.0,56.1,70.9,100.0,69.1,95.4,0.7853,4.14,0.968,0.0043,25,77.7,100.0,56.1,70.9,100.0,66.7,95.4,0.6912,5.82,1.0,0.0046,48,77.3,ok
C1879,100.0,72.8,65.6,77.7,71.4,86.9,0.6744,3.14,0.946,0.0057,12,75.8,100.0,72.8,65.6,77.7,66.7,86.9,0.6352,4,1.0,0.0057,22,75.0,ok
C1880,97.9,51.6,73.7,20.8,81.8,96.3,0.705,2.88,0.844,0.0042,5,72.4,100.0,51.6,73.7,50.0,66.7,96.3,0.6464,4,1.0,0.0053,26,73.0,ok
C1881,100.0,61.1,88.4,100.0,89.8,100.0,0.655,2.7,0.766,0.0053,17,86.9,100.0,61.1,88.4,100.0,66.7,100.0,0.6049,4,1.0,0.0055,24,83.0,ok
C1882,100.0,40.0,56.3,75.0,92.7,92.1,0.6473,2.58,0.737,0.0057,6,73.2,100.0,40.0,56.3,95.8,77.2,92.1,0.6036,3.67,0.889,0.0058,11,72.7,ok
C1883,100.0,69.1,83.8,63.8,83.1,68.6,0.6768,3.06,0.831,0.0067,8,78.8,100.0,69.1,83.8,80.5,66.7,68.6,0.6271,4,1.0,0.0067,20,77.7,ok
C1884,100.0,61.3,63.0,65.2,78.2,69.9,0.6838,2.59,0.879,0.0063,9,71.7,100.0,61.3,63.0,77.7,66.7,69.9,0.6211,3.74,1.0,0.0069,20,71.0,ok
C1885,100.0,65.2,59.9,52.0,72.2,76.8,0.7019,3.2,0.938,0.0063,9,70.0,100.0,65.2,59.9,60.4,66.7,76.8,0.6477,4,1.0,0.0071,11,69.9,ok
C1886,100.0,62.0,74.6,100.0,74.0,100.0,0.7177,3.27,0.92,0.0058,26,80.3,100.0,62.0,74.6,100.0,66.7,100.0,0.6662,4,1.0,0.0058,49,79.0,ok
C1887,100.0,23.6,70.6,83.3,81.7,86.5,0.705,2.89,0.845,0.0043,8,73.7,100.0,23.6,70.6,100.0,66.7,86.5,0.6206,3.99,1.0,0.0056,18,72.9,ok
C1888,93.8,43.4,68.1,87.3,75.8,100.0,0.6885,3.32,0.903,0.004,15,74.5,100.0,43.4,68.1,87.3,66.7,100.0,0.6424,4,1.0,0.0045,22,73.7,ok
C1889,100.0,64.9,88.3,100.0,100.0,85.5,0.6377,2.43,0.631,0.0059,17,86.3,87.6,64.9,88.3,100.0,69.7,85.5,0.5805,4.54,0.962,0.0053,25,79.7,ok
C1890,100.0,61.1,85.0,69.1,79.6,73.1,0.6984,3.35,0.866,0.0058,17,75.7,100.0,61.1,85.0,69.1,66.7,73.1,0.6546,4,1.0,0.0058,29,73.5,ok
C1891,100.0,32.2,64.9,37.5,100.0,62.9,0.6192,2.58,0.648,0.0053,9,67.9,100.0,32.2,64.9,50.0,84.2,62.9,0.5996,3.43,0.821,0.0055,12,66.5,ok
C1892,97.9,59.4,61.7,100.0,69.9,100.0,0.7414,5.88,0.96,0.0042,26,74.9,100.0,59.4,61.7,100.0,66.7,100.0,0.7213,6.96,1.0,0.0044,23,74.6,ok
C1893,63.0,66.7,78.6,100.0,22.0,92.6,0.9964,8.18,1.0,0.0043,33,66.3,86.0,66.7,78.6,100.0,0.0,92.6,0.9337,10.54,1.0,0.0044,42,65.3,ok
C1894,100.0,71.1,53.8,81.8,99.3,90.2,0.6417,2.89,0.673,0.0048,33,76.7,100.0,71.1,53.8,81.8,83.6,90.2,0.6295,3.48,0.826,0.0048,42,74.0,ok
C1895,100.0,10.0,80.0,58.1,72.8,97.7,0.687,3.51,0.932,0.005,11,66.9,100.0,10.0,80.0,41.4,66.7,97.7,0.6499,4,1.0,0.0051,7,64.2,ok
C1896,93.8,61.8,73.4,70.2,72.3,100.0,0.7116,3.32,0.937,0.004,9,75.6,100.0,61.8,73.4,82.7,66.7,100.0,0.6665,4,1.0,0.005,16,76.7,ok
C1897,54.7,88.8,87.7,48.3,79.0,95.7,1.0189,3.5,0.871,0.0043,8,77.3,93.6,88.8,87.7,65.0,66.7,95.7,0.9128,6.15,1.0,0.0052,19,81.6,ok
C1898,100.0,59.9,51.5,52.7,68.4,96.2,0.7005,3.59,0.975,0.0054,13,68.0,100.0,59.9,51.5,52.7,66.7,96.2,0.6629,4,1.0,0.0054,28,67.7,ok
C1899,100.0,66.7,70.4,68.9,87.2,100.0,0.6812,2.84,0.791,0.0067,10,80.0,100.0,66.7,70.4,73.1,66.7,100.0,0.6186,4,1.0,0.0065,11,76.9,ok
C1900,100.0,22.2,63.3,50.0,100.0,100.0,0.6566,2.36,0.615,0.007,18,72.5,100.0,22.2,63.3,50.0,89.8,100.0,0.6205,3.26,0.766,0.0072,17,70.7,ok
C1901,100.0,33.3,50.7,100.0,71.9,54.5,0.6705,3.51,0.941,0.0057,12,64.7,100.0,33.3,50.7,100.0,66.7,54.5,0.6394,4,1.0,0.0065,21,63.9,ok
C1902,100.0,65.0,52.1,95.8,78.3,100.0,0.661,3.23,0.878,0.0059,11,76.0,100.0,65.0,52.1,100.0,66.7,100.0,0.6328,4,1.0,0.0061,24,74.4,ok
C1903,100.0,63.2,52.4,93.2,90.5,100.0,0.6162,2.84,0.759,0.0065,17,77.2,100.0,63.2,52.4,93.2,77.2,100.0,0.5954,3.67,0.889,0.0068,21,74.9,ok
C1904,100.0,26.1,72.3,100.0,77.5,95.7,0.6771,2.96,0.886,0.0062,29,75.6,100.0,26.1,72.3,100.0,66.7,95.7,0.6292,4,1.0,0.0059,15,73.8,ok
C1905,100.0,51.6,59.6,65.0,100.0,92.0,0.6085,2.43,0.6,0.0067,19,76.0,87.7,51.6,59.6,65.0,90.4,92.0,0.5806,3.28,0.76,0.0065,21,72.9,ok
C1906,100.0,51.6,59.3,100.0,73.0,90.7,0.7148,2.69,0.93,0.0058,19,74.6,100.0,51.6,59.3,100.0,66.7,90.7,0.6601,3.52,1.0,0.0065,23,73.5,ok
C1907,100.0,59.8,73.2,77.3,100.0,96.2,0.6505,2.75,0.6,0.0058,20,82.8,100.0,59.8,73.2,77.3,90.4,96.2,0.6221,4.04,0.76,0.0062,22,81.2,ok
C1908,100.0,61.4,86.4,96.8,97.5,87.7,0.6179,1.69,0.391,0.0063,25,87.0,72.0,61.4,86.4,96.8,85.3,87.7,0.5619,3.25,0.81,0.0061,26,81.6,ok
C1909,100.0,76.1,79.5,76.4,92.2,81.2,0.6809,2.72,0.742,0.0054,17,82.6,100.0,76.1,79.5,76.4,69.3,81.2,0.6187,3.9,0.966,0.0057,26,78.7,ok
C1910,100.0,71.2,86.8,62.0,77.1,100.0,0.685,3.01,0.89,0.0062,9,81.6,100.0,71.2,86.8,74.5,66.7,100.0,0.637,4,1.0,0.0062,21,81.1,ok
C1911,100.0,27.8,63.6,58.9,100.0,84.1,0.6456,2.4,0.64,0.0059,10,71.0,81.7,27.8,63.6,63.1,80.5,84.1,0.5735,3.57,0.857,0.0069,11,65.9,ok
C1912,100.0,67.7,55.7,71.4,70.6,99.6,0.7193,3.54,0.954,0.0051,15,73.6,100.0,67.7,55.7,71.4,66.7,99.6,0.6831,4,1.0,0.0062,32,72.9,ok
C1913,100.0,44.1,52.8,61.4,100.0,98.8,0.6605,2.51,0.623,0.0057,17,72.4,100.0,44.1,52.8,61.4,86.3,98.8,0.6249,3.4,0.8,0.0063,33,70.1,ok
C1914,100.0,31.1,54.6,45.6,73.1,91.0,0.6763,3.17,0.929,0.0053,8,65.4,100.0,31.1,54.6,62.3,66.7,91.0,0.6194,4,1.0,0.0057,23,66.0,ok
C1915,100.0,17.7,78.2,25.0,100.0,100.0,0.6782,2.13,0.619,0.0062,6,72.1,99.2,17.7,78.2,50.0,85.1,100.0,0.5943,3.44,0.812,0.0069,23,72.0,ok
C1916,100.0,55.6,66.1,50.0,70.8,94.7,0.6449,3.34,0.952,0.0049,12,71.4,100.0,55.6,66.1,50.0,66.7,94.7,0.6186,4,1.0,0.0059,18,70.7,ok
C1917,100.0,32.2,56.2,56.1,74.2,95.0,0.6372,3.16,0.918,0.0053,9,66.3,99.1,32.2,56.2,68.6,66.7,95.0,0.5942,4,1.0,0.0053,12,66.2,ok
C1918,100.0,46.3,70.3,42.7,71.6,97.5,0.6883,3.19,0.944,0.0067,6,71.1,100.0,46.3,70.3,55.2,66.7,97.5,0.632,3.98,1.0,0.0071,9,71.5,ok
C1919,100.0,41.1,63.1,83.6,94.5,97.1,0.6532,2.44,0.72,0.0053,14,76.4,100.0,41.1,63.1,83.6,82.0,97.1,0.5957,3.53,0.842,0.0055,17,74.3,ok
C1920,100.0,48.9,57.5,53.6,73.3,98.8,0.7074,3.47,0.927,0.0051,14,70.2,100.0,48.9,57.5,53.6,66.7,98.8,0.6675,4,1.0,0.0061,35,69.1,ok
C1921,100.0,22.8,54.4,50.0,67.5,98.8,0.6879,3.45,0.984,0.005,13,64.0,100.0,22.8,54.4,50.0,66.7,98.8,0.6272,4,1.0,0.0058,22,63.9,ok
C1922,95.8,53.3,61.5,64.5,68.7,94.7,0.6673,3.57,0.972,0.0041,13,70.7,100.0,53.3,61.5,64.5,66.7,94.7,0.6467,4,1.0,0.0047,18,70.8,ok
C1923,100.0,63.1,62.0,68.2,76.1,98.1,0.6499,3.35,0.9,0.0063,17,75.4,100.0,63.1,62.0,68.2,68.4,98.1,0.6231,3.91,0.975,0.0073,23,74.1,ok
C1924,100.0,22.2,62.0,85.0,72.9,94.0,0.66,3.39,0.931,0.0055,13,69.8,100.0,22.2,62.0,85.0,66.7,94.0,0.626,4,1.0,0.0056,13,68.8,ok
C1925,100.0,66.7,68.0,50.0,69.6,90.5,0.6675,3.58,0.963,0.0048,15,71.8,100.0,66.7,68.0,50.0,66.7,90.5,0.638,4,1.0,0.005,34,71.3,ok
C1926,100.0,57.8,51.0,50.9,68.4,51.6,0.6966,3.69,0.975,0.0069,14,62.6,100.0,57.8,51.0,50.9,66.7,51.6,0.6639,4,1.0,0.0069,21,62.3,ok
C1927,100.0,25.6,78.1,41.7,75.8,94.9,0.6417,2.97,0.903,0.0057,10,70.9,100.0,25.6,78.1,50.0,66.7,94.9,0.6132,4,1.0,0.0062,12,70.2,ok
C1928,100.0,72.0,56.5,41.1,82.9,100.0,0.6704,3.11,0.833,0.0063,9,72.7,100.0,72.0,56.5,53.6,66.7,100.0,0.6228,4,1.0,0.0063,14,71.2,ok
C1929,100.0,73.3,40.8,50.0,67.8,100.0,0.6958,3.83,0.981,0.0068,19,65.5,100.0,73.3,40.8,50.0,66.7,100.0,0.6742,4,1.0,0.0068,27,65.3,ok
C1930,100.0,28.9,53.9,63.2,70.6,93.7,0.7097,3.72,0.954,0.0043,17,63.8,100.0,28.9,53.9,63.2,66.7,93.7,0.6886,4,1.0,0.0045,28,63.2,ok
C1931,100.0,55.5,62.0,16.7,70.8,98.4,0.6616,3.42,0.952,0.0067,4,68.2,100.0,55.5,62.0,50.0,66.7,98.4,0.6228,4,1.0,0.0069,19,70.9,ok
C1932,100.0,52.2,51.5,50.0,70.1,80.9,0.7004,3.67,0.958,0.0064,16,64.1,100.0,52.2,51.5,50.0,66.7,80.9,0.6682,4,1.0,0.0064,18,63.5,ok
C1933,100.0,69.3,56.1,100.0,98.2,96.0,0.6532,2.57,0.684,0.0053,30,80.6,100.0,69.3,56.1,100.0,80.7,96.0,0.6108,3.56,0.855,0.0057,33,77.6,ok
C1934,96.8,34.4,69.8,25.0,97.3,78.3,0.5915,2.51,0.692,0.007,6,69.5,80.9,34.4,69.8,29.2,77.2,78.3,0.5725,3.67,0.889,0.0071,7,64.7,ok
C1935,100.0,67.8,68.2,80.9,85.4,94.0,0.679,2.82,0.809,0.0051,15,80.1,100.0,67.8,68.2,80.9,66.7,94.0,0.6232,4,1.0,0.0055,13,76.9,ok
C1936,100.0,26.7,65.8,46.6,83.2,100.0,0.617,2.72,0.83,0.008,3,70.2,86.3,26.7,65.8,71.6,66.7,100.0,0.579,4.67,1.0,0.0085,9,68.3,ok
C1937,100.0,82.3,87.0,100.0,100.0,100.0,0.788,3.45,0.659,0.0046,17,91.3,100.0,82.3,87.0,100.0,66.7,100.0,0.7639,5.35,1.0,0.005,18,85.6,ok
C1938,100.0,51.5,75.8,17.6,100.0,100.0,0.6941,2.1,0.575,0.0047,4,76.1,100.0,51.5,75.8,34.2,77.2,100.0,0.64,3.67,0.889,0.0046,8,73.9,ok
C1939,100.0,33.5,81.9,29.2,100.0,100.0,0.5993,1.92,0.508,0.0059,7,76.5,94.7,33.5,81.9,50.0,81.1,100.0,0.589,3.55,0.851,0.0063,20,74.8,ok
C1940,100.0,40.0,64.4,64.4,73.3,91.9,0.6704,3.51,0.927,0.0051,10,70.7,100.0,40.0,64.4,60.2,66.7,91.9,0.634,4,1.0,0.0057,9,69.1,ok
C1941,100.0,42.7,76.8,37.5,83.4,92.9,0.6717,2.8,0.828,0.0058,9,73.0,100.0,42.7,76.8,50.0,66.7,92.9,0.6438,4,1.0,0.0058,19,71.4,ok
C1942,100.0,81.0,75.6,50.0,100.0,84.5,0.6897,2.46,0.635,0.0067,14,81.3,100.0,81.0,75.6,33.3,79.9,84.5,0.7613,4.45,0.863,0.006,8,76.1,ok
C1943,97.9,82.6,95.9,100.0,84.1,100.0,0.8691,4.7,0.74,0.0042,33,91.0,100.0,82.6,95.9,100.0,47.3,100.0,0.7798,8.16,0.997,0.0047,35,85.0,ok
C1944,100.0,69.1,77.5,95.0,100.0,100.0,0.6519,2.59,0.663,0.0056,19,86.5,100.0,69.1,77.5,95.0,83.8,100.0,0.6162,3.47,0.824,0.0063,25,83.7,ok
C1945,100.0,32.7,79.4,47.3,87.4,100.0,0.7156,2.84,0.789,0.0043,7,75.2,100.0,32.7,79.4,68.2,66.7,100.0,0.6474,4,1.0,0.0051,12,73.8,ok
C1946,100.0,76.3,68.5,72.7,80.6,97.8,0.6981,3.06,0.856,0.0063,13,80.6,100.0,76.3,68.5,72.7,68.4,97.8,0.655,3.92,0.975,0.0072,25,78.6,ok
C1947,100.0,74.6,78.9,76.4,97.4,96.2,0.7298,2.6,0.691,0.0067,18,84.5,100.0,74.6,78.9,68.0,66.7,96.2,0.6402,4,1.0,0.006,10,78.4,ok
C1948,100.0,92.2,75.4,100.0,83.5,100.0,0.7675,3.04,0.827,0.005,13,86.7,100.0,92.2,75.4,95.8,66.7,100.0,0.7958,5,1.0,0.0064,11,83.4,ok
C1949,100.0,97.2,55.8,100.0,73.0,99.9,0.7848,3.29,0.686,0.0046,15,83.2,100.0,97.2,55.8,100.0,43.3,99.9,0.6943,6.62,0.976,0.0044,59,78.1,ok
C1950,100.0,40.3,80.1,87.7,100.0,90.6,0.644,2.4,0.609,0.0066,14,81.5,100.0,40.3,80.1,87.7,86.3,90.6,0.634,3.4,0.8,0.0069,18,79.1,ok
C1951,100.0,100.0,100.0,75.0,87.5,100.0,0.7324,2.9,0.788,0.0054,6,92.4,100.0,100.0,100.0,79.2,73.5,100.0,0.6819,5.12,0.925,0.0065,7,90.4,ok
C1952,100.0,72.6,54.1,29.2,100.0,100.0,0.7304,2.31,0.622,0.0054,7,74.9,100.0,72.6,54.1,37.5,77.2,100.0,0.7325,4.56,0.889,0.0066,9,71.9,ok
C1953,100.0,53.2,71.0,70.6,67.8,98.4,0.6936,3.56,0.981,0.005,8,75.2,100.0,53.2,71.0,78.9,66.7,98.4,0.6708,4,1.0,0.0049,10,75.9,ok
C1954,100.0,51.7,84.5,83.3,69.7,100.0,0.7489,4.35,0.962,0.0056,8,79.3,100.0,51.7,84.5,100.0,66.7,100.0,0.6926,5.72,1.0,0.0057,19,80.5,ok
C1955,93.8,58.9,81.8,50.8,83.3,93.2,0.7956,3.8,0.829,0.004,5,77.1,100.0,58.9,81.8,80.0,66.7,93.2,0.6821,6,1.0,0.0049,23,77.9,ok
C1956,100.0,78.5,76.6,80.5,72.4,91.2,0.766,4.82,0.936,0.0049,19,80.8,100.0,78.5,76.6,80.5,66.7,91.2,0.7519,5.99,1.0,0.0049,20,79.9,ok
C1957,100.0,22.2,57.5,33.3,72.2,100.0,0.6903,3.44,0.938,0.0057,8,64.0,100.0,22.2,57.5,50.0,66.7,100.0,0.6689,4,1.0,0.0057,14,64.8,ok
C1958,100.0,57.2,78.0,41.7,85.7,85.0,0.6635,2.75,0.806,0.0068,10,75.6,100.0,57.2,78.0,50.0,66.7,85.0,0.6329,3.92,1.0,0.0073,15,73.2,ok
C1959,100.0,48.6,47.9,33.3,76.3,100.0,0.6942,3.37,0.898,0.0059,8,65.8,100.0,48.6,47.9,50.0,66.7,100.0,0.6652,4,1.0,0.0058,12,65.8,ok
C1960,100.0,47.8,72.2,69.6,74.1,88.4,0.6979,3.04,0.919,0.005,7,74.0,100.0,47.8,72.2,57.1,66.7,88.4,0.6385,4,1.0,0.005,4,71.5,ok
C1961,100.0,22.2,55.5,91.7,77.1,94.0,0.6528,3.01,0.89,0.0052,10,70.3,99.4,22.2,55.5,100.0,66.7,94.0,0.5946,3.98,1.0,0.0056,13,69.3,ok
C1962,100.0,28.9,51.0,91.7,74.2,86.6,0.6595,3.26,0.918,0.0044,10,67.3,100.0,28.9,51.0,100.0,66.7,86.6,0.615,4,1.0,0.0049,13,66.9,ok
C1963,100.0,72.8,81.5,45.8,91.4,85.2,0.6576,2.78,0.75,0.0063,11,80.0,100.0,72.8,81.5,50.0,67.6,85.2,0.6314,3.95,0.983,0.0063,13,76.4,ok
C1964,100.0,68.2,56.2,29.2,72.9,98.1,0.7189,3.26,0.931,0.0049,7,70.2,100.0,68.2,56.2,20.8,66.7,98.1,0.6697,4,1.0,0.0054,5,68.2,ok
C1965,100.0,38.6,89.3,58.3,82.4,91.2,0.662,2.84,0.838,0.0052,2,77.8,100.0,38.6,89.3,100.0,66.7,91.2,0.6306,4,1.0,0.0054,24,79.4,ok
C1966,100.0,33.3,62.9,100.0,84.3,94.2,0.6384,2.99,0.82,0.0048,24,75.3,100.0,33.3,62.9,100.0,68.6,94.2,0.6026,3.9,0.973,0.0052,26,72.7,ok
C1967,100.0,66.7,72.3,70.5,82.4,100.0,0.7048,3.05,0.838,0.007,14,78.8,100.0,66.7,72.3,70.5,67.2,100.0,0.6707,3.94,0.987,0.0067,30,76.2,ok
C1968,100.0,87.3,81.8,45.3,81.1,100.0,0.6993,3,0.851,0.0077,10,81.9,100.0,87.3,81.8,45.3,66.7,100.0,0.662,4,1.0,0.0073,10,79.4,ok
C1969,100.0,67.9,70.9,29.2,83.1,100.0,0.7299,3.08,0.831,0.005,7,74.4,100.0,67.9,70.9,29.2,68.0,100.0,0.7015,3.9,0.979,0.005,7,71.8,ok
C1970,100.0,66.7,68.4,20.8,85.9,81.5,0.6548,2.9,0.804,0.0066,5,72.2,100.0,66.7,68.4,37.5,66.7,81.5,0.6162,4,1.0,0.0072,9,70.7,ok
C1971,100.0,50.0,64.1,76.4,79.6,72.8,0.7003,3.21,0.866,0.0064,13,71.5,100.0,50.0,64.1,76.4,66.7,72.8,0.6615,3.98,1.0,0.0067,18,69.4,ok
C1972,100.0,71.8,66.2,100.0,81.1,100.0,0.6838,2.9,0.851,0.0054,15,81.7,100.0,71.8,66.2,100.0,66.7,100.0,0.6374,4,1.0,0.0056,30,79.3,ok
C1973,100.0,69.4,84.9,52.4,97.3,89.1,0.6986,2.51,0.692,0.0054,8,82.9,100.0,69.4,84.9,60.8,66.7,89.1,0.6385,4,1.0,0.0062,10,78.6,ok
C1974,100.0,42.2,64.3,100.0,80.7,100.0,0.7009,3.28,0.855,0.005,20,76.8,100.0,42.2,64.3,100.0,66.7,100.0,0.671,4,1.0,0.0055,17,74.4,ok
C1975,100.0,61.1,56.4,50.0,68.8,100.0,0.7167,4.57,0.971,0.0045,22,68.4,100.0,61.1,56.4,50.0,66.7,100.0,0.7157,4.94,1.0,0.0044,28,68.0,ok
C1976,100.0,22.2,59.8,57.3,82.4,88.6,0.6725,2.59,0.838,0.0068,18,67.8,100.0,22.2,59.8,57.3,68.4,88.6,0.6035,3.59,0.975,0.007,19,65.5,ok
C1977,100.0,52.9,57.3,92.3,76.9,100.0,0.6917,3.32,0.892,0.0056,13,75.0,100.0,52.9,57.3,92.3,68.4,100.0,0.6607,3.92,0.975,0.0058,22,73.6,ok
C1978,100.0,66.7,69.4,50.0,79.3,94.1,0.6939,3.39,0.868,0.0077,14,76.3,100.0,66.7,69.4,50.0,66.7,94.1,0.6503,4,1.0,0.0077,14,74.1,ok
C1979,100.0,43.3,85.4,41.7,87.0,97.4,0.7184,2.74,0.793,0.0055,10,76.8,100.0,43.3,85.4,16.7,66.7,97.4,0.6675,4,1.0,0.0058,4,70.8,ok
C1980,100.0,44.4,85.1,55.3,92.6,99.6,0.6388,2.67,0.738,0.005,4,79.4,100.0,44.4,85.1,72.0,66.7,99.6,0.6271,4,1.0,0.0058,8,76.7,ok
C1981,100.0,51.1,80.0,50.0,79.3,95.0,0.7034,3.21,0.868,0.0077,12,77.1,100.0,51.1,80.0,50.0,66.7,95.0,0.6616,3.99,1.0,0.0077,23,75.0,ok
C1982,100.0,70.7,92.7,100.0,96.6,94.6,0.6969,2.35,0.699,0.0073,27,90.8,100.0,70.7,92.7,100.0,69.3,94.6,0.6264,3.85,0.966,0.0079,40,86.1,ok
C1983,100.0,70.2,80.6,73.5,100.0,85.7,0.6522,1.96,0.491,0.0072,10,83.8,100.0,70.2,80.6,81.8,83.1,85.7,0.6025,3.48,0.831,0.0073,26,81.8,ok
C1984,100.0,51.3,94.0,91.4,100.0,64.8,0.6715,2.32,0.624,0.0067,21,83.3,100.0,51.3,94.0,91.4,67.2,64.8,0.5956,3.93,0.987,0.0067,20,77.7,ok
C1985,100.0,71.8,51.6,33.3,98.9,72.8,0.6315,2.72,0.677,0.0073,8,71.0,100.0,71.8,51.6,50.0,82.2,72.8,0.6087,3.51,0.84,0.0072,16,69.9,ok
C1986,100.0,40.9,57.4,83.3,71.6,88.3,0.6882,3.54,0.944,0.0047,8,71.2,100.0,40.9,57.4,100.0,66.7,88.3,0.655,4,1.0,0.0051,27,72.0,ok
C1987,100.0,74.5,65.3,70.2,71.3,88.1,0.6787,3.15,0.947,0.0072,8,75.8,100.0,74.5,65.3,86.8,66.7,88.1,0.6362,4,1.0,0.0077,18,76.7,ok
C1988,100.0,71.5,68.3,50.0,100.0,100.0,0.6619,2.44,0.61,0.0062,12,79.7,100.0,71.5,68.3,50.0,86.8,100.0,0.6241,3.36,0.795,0.0058,12,77.5,ok
C1989,100.0,50.0,50.6,41.7,79.8,99.4,0.6471,3.19,0.864,0.0053,10,71.0,100.0,50.0,50.6,50.0,70.7,99.4,0.6321,3.72,0.953,0.0053,19,70.3,ok
C1990,100.0,66.7,87.5,79.5,88.8,76.2,0.6921,2.31,0.776,0.0064,16,82.9,100.0,66.7,87.5,79.5,66.7,76.2,0.6237,3.65,1.0,0.0075,25,79.2,ok
C1991,100.0,68.5,80.3,84.1,88.2,77.7,0.6983,2.7,0.781,0.0049,15,81.1,100.0,68.5,80.3,84.1,66.7,77.7,0.6645,3.98,1.0,0.0057,15,77.5,ok
C1992,100.0,66.7,81.5,33.3,92.7,94.3,0.6651,2.63,0.737,0.005,8,78.3,100.0,66.7,81.5,41.7,66.7,94.3,0.633,3.99,1.0,0.006,10,74.7,ok
C1993,100.0,66.7,77.1,16.7,87.9,75.9,0.6814,2.89,0.784,0.0043,4,72.7,100.0,66.7,77.1,20.8,66.7,75.9,0.6415,4,1.0,0.0049,5,69.5,ok
C1994,100.0,15.6,73.4,87.5,70.4,98.1,0.6451,3.44,0.955,0.0062,9,72.0,100.0,15.6,73.4,100.0,66.7,98.1,0.6251,4,1.0,0.0062,35,72.6,ok
C1995,100.0,42.2,82.3,56.8,86.3,73.3,0.618,2.73,0.8,0.0059,14,75.4,93.3,42.2,82.3,52.7,66.7,73.3,0.5873,4,1.0,0.0064,11,70.8,ok
C1996,100.0,66.7,56.3,42.3,86.8,91.1,0.6764,2.9,0.795,0.0055,6,72.7,100.0,66.7,56.3,67.3,66.7,91.1,0.6419,3.99,1.0,0.0061,13,71.8,ok
C1997,100.0,58.0,67.7,100.0,81.6,100.0,0.738,3.85,0.846,0.0043,31,80.2,100.0,58.0,67.7,100.0,66.7,100.0,0.6788,5.17,1.0,0.0045,34,77.7,ok
C1998,100.0,62.9,83.6,31.0,92.8,96.9,0.7204,2.74,0.736,0.0062,7,78.5,100.0,62.9,83.6,26.8,66.7,96.9,0.6706,3.99,1.0,0.0062,6,73.6,ok
C1999,100.0,66.7,80.6,37.5,94.6,92.5,0.7458,2.47,0.719,0.0073,9,79.5,100.0,66.7,80.6,50.0,67.8,92.5,0.662,3.88,0.981,0.0073,19,76.2,ok
C2000,100.0,73.8,89.8,62.7,90.3,100.0,0.7059,2.79,0.761,0.0084,6,85.8,100.0,73.8,89.8,83.6,66.7,100.0,0.6551,3.99,1.0,0.0084,11,83.9,ok
C2001,100.0,28.8,79.9,20.8,89.9,99.6,0.6933,2.86,0.765,0.0066,5,72.3,100.0,28.8,79.9,29.2,66.7,99.6,0.6443,4,1.0,0.0066,7,69.2,ok
C2002,100.0,70.2,79.7,100.0,78.3,100.0,0.6925,3.08,0.878,0.0072,17,84.7,100.0,70.2,79.7,100.0,66.7,100.0,0.6633,3.99,1.0,0.0073,25,82.7,ok
C2003,100.0,53.3,76.2,46.7,82.5,93.2,0.6972,2.93,0.837,0.0073,11,76.1,100.0,53.3,76.2,50.9,66.7,93.2,0.6477,3.95,1.0,0.0073,13,73.8,ok
C2004,100.0,70.0,67.1,50.0,76.6,94.1,0.7195,3.38,0.895,0.0051,14,75.6,100.0,70.0,67.1,50.0,66.7,94.1,0.6679,4,1.0,0.0057,12,73.9,ok
C2005,100.0,76.0,81.2,37.5,79.7,97.8,0.7008,3.14,0.865,0.0073,9,79.3,100.0,76.0,81.2,50.0,66.7,97.8,0.6636,4,1.0,0.0073,12,78.3,ok
C2006,100.0,33.3,79.6,20.8,79.4,94.9,0.6431,2.93,0.867,0.0055,5,70.9,95.7,33.3,79.6,20.8,66.7,94.9,0.5902,3.98,1.0,0.0065,5,68.2,ok
C2007,100.0,72.6,100.0,65.9,82.2,99.1,0.6988,3.03,0.84,0.0054,16,84.0,100.0,72.6,100.0,65.9,66.7,99.1,0.6367,3.99,1.0,0.0054,26,81.3,ok
C2008,100.0,22.0,58.6,12.5,71.1,98.5,0.6811,3.1,0.949,0.0067,3,61.0,100.0,22.0,58.6,37.5,66.7,98.5,0.6203,4,1.0,0.0067,9,62.8,ok
C2009,100.0,67.7,65.4,100.0,72.0,95.9,0.7148,3.4,0.94,0.0063,18,78.8,100.0,67.7,65.4,100.0,66.7,95.9,0.6696,4,1.0,0.0063,21,77.9,ok
C2010,100.0,60.0,66.4,58.2,74.3,91.0,0.7205,3.39,0.917,0.0062,17,74.0,100.0,60.0,66.4,58.2,66.7,91.0,0.6849,4,1.0,0.0063,21,72.6,ok
C2011,100.0,68.9,77.1,91.8,84.7,90.5,0.6492,3.13,0.816,0.0077,21,83.0,100.0,68.9,77.1,91.8,66.7,90.5,0.6236,4,1.0,0.0077,17,80.0,ok
C2012,100.0,76.5,72.5,100.0,76.2,94.4,0.6952,3.18,0.899,0.0057,17,81.8,100.0,76.5,72.5,100.0,66.7,94.4,0.6525,4,1.0,0.0063,16,80.2,ok
C2013,100.0,42.5,63.7,100.0,72.8,97.8,0.6991,3.04,0.932,0.0077,13,74.9,100.0,42.5,63.7,100.0,66.7,97.8,0.6473,4,1.0,0.0069,13,73.8,ok
C2014,100.0,33.3,61.7,99.5,76.4,100.0,0.673,2.96,0.897,0.0077,13,74.4,100.0,33.3,61.7,99.5,66.7,100.0,0.6107,3.98,1.0,0.0077,25,72.8,ok
C2015,100.0,67.7,92.5,66.7,100.0,87.8,0.6687,2.29,0.623,0.0067,4,86.4,100.0,67.7,92.5,100.0,66.7,87.8,0.6202,3.99,1.0,0.0073,13,84.2,ok
C2016,100.0,48.4,85.7,78.0,86.7,97.9,0.6441,2.75,0.796,0.0073,10,81.7,100.0,48.4,85.7,86.4,66.7,97.9,0.6092,3.98,1.0,0.0072,17,79.1,ok
C2017,100.0,43.3,55.9,71.2,74.2,100.0,0.6975,3.19,0.918,0.0051,10,70.2,100.0,43.3,55.9,71.2,66.7,100.0,0.6623,4,1.0,0.0053,10,68.9,ok
C2018,100.0,61.1,73.6,81.8,82.5,100.0,0.7235,3.05,0.837,0.0056,13,79.1,100.0,61.1,73.6,65.2,66.7,100.0,0.6647,4,1.0,0.0058,8,74.8,ok
C2019,100.0,60.7,76.6,67.7,83.3,96.2,0.6859,3.07,0.829,0.0051,11,79.7,100.0,60.7,76.6,67.7,66.7,96.2,0.6535,4,1.0,0.0064,11,76.8,ok
C2020,100.0,75.6,87.2,66.7,100.0,100.0,0.6716,2.61,0.657,0.0046,4,86.2,100.0,75.6,87.2,100.0,72.0,100.0,0.603,4.63,0.94,0.0048,19,84.8,ok
C2021,100.0,60.7,83.6,43.0,80.9,97.7,0.6792,3.19,0.853,0.0077,9,78.1,100.0,60.7,83.6,38.8,66.7,97.7,0.6509,4,1.0,0.0077,8,75.2,ok
C2022,100.0,55.6,54.7,100.0,70.3,66.5,0.6744,3.44,0.956,0.0058,17,69.8,100.0,55.6,54.7,100.0,66.7,66.5,0.6304,3.96,1.0,0.0058,28,69.2,ok
C2023,100.0,66.7,81.3,100.0,96.8,58.9,0.714,2.17,0.697,0.0063,25,82.3,100.0,66.7,81.3,100.0,68.0,58.9,0.6092,3.86,0.979,0.0073,16,77.4,ok
C2024,95.8,43.3,87.1,93.2,100.0,70.1,0.7094,2.25,0.607,0.0041,16,81.4,100.0,43.3,87.1,93.2,66.7,70.1,0.6355,4,1.0,0.0051,18,76.2,ok
C2025,100.0,28.9,76.0,20.8,69.3,100.0,0.7028,3.22,0.966,0.0054,5,68.0,100.0,28.9,76.0,37.5,66.7,100.0,0.6442,4,1.0,0.0061,9,69.2,ok
C2026,100.0,54.7,86.5,100.0,96.8,98.0,0.7222,2.2,0.697,0.0062,20,86.2,100.0,54.7,86.5,100.0,66.7,98.0,0.6031,3.66,0.994,0.0063,23,81.0,ok
C2027,100.0,73.1,81.4,100.0,93.4,89.0,0.6673,2.7,0.731,0.005,12,86.4,100.0,73.1,81.4,100.0,66.7,89.0,0.6231,4,1.0,0.005,15,81.9,ok
C2028,100.0,66.7,75.0,100.0,91.5,100.0,0.6748,2.74,0.749,0.0077,31,84.3,100.0,66.7,75.0,100.0,66.7,100.0,0.6477,3.99,1.0,0.0077,31,80.1,ok
C2029,100.0,59.7,66.7,41.7,72.3,96.5,0.6951,3.47,0.937,0.0077,10,72.0,100.0,59.7,66.7,50.0,66.7,96.5,0.6632,4,1.0,0.0077,18,71.9,ok
C2030,100.0,64.6,78.2,55.2,83.3,93.8,0.6826,2.94,0.829,0.005,8,77.9,100.0,64.6,78.2,71.8,66.7,93.8,0.6246,4,1.0,0.006,23,76.8,ok
C2031,100.0,42.7,58.7,100.0,72.3,100.0,0.7097,3.41,0.937,0.0055,21,74.1,100.0,42.7,58.7,100.0,66.7,100.0,0.6696,4,1.0,0.0061,21,73.2,ok
C2032,100.0,71.3,52.2,100.0,75.4,97.4,0.5967,3.38,0.907,0.0068,18,75.9,92.0,71.3,52.2,100.0,66.7,97.4,0.5858,3.98,1.0,0.0066,42,73.5,ok
C2033,100.0,72.2,58.8,50.0,78.1,98.8,0.7271,3.45,0.88,0.0047,23,72.1,100.0,72.2,58.8,50.0,66.7,98.8,0.7063,4,1.0,0.0048,19,70.2,ok
C2034,100.0,74.6,80.0,100.0,82.2,100.0,0.6707,3.08,0.84,0.0077,13,85.9,100.0,74.6,80.0,100.0,66.7,100.0,0.642,4,1.0,0.0078,18,83.2,ok
C2035,100.0,48.9,43.7,29.2,74.0,79.2,0.7158,3.51,0.92,0.0056,7,59.4,100.0,48.9,43.7,50.0,66.7,79.2,0.6988,3.92,1.0,0.0057,16,60.3,ok
C2036,100.0,60.0,40.1,33.3,69.7,89.9,0.7009,3.79,0.962,0.0062,8,60.9,100.0,60.0,40.1,50.0,66.7,89.9,0.7012,4,1.0,0.0062,12,62.1,ok
C2037,100.0,74.8,80.0,94.1,78.8,100.0,0.6734,3.15,0.873,0.0058,13,85.1,100.0,74.8,80.0,81.6,66.7,100.0,0.6492,4,1.0,0.0058,9,81.7,ok
C2038,100.0,66.7,47.5,35.1,74.5,98.4,0.6706,3.16,0.915,0.0053,7,67.8,100.0,66.7,47.5,22.6,66.7,98.4,0.6401,4,1.0,0.0054,4,65.2,ok
C2039,97.9,28.9,45.2,50.0,75.5,99.7,0.6725,3.14,0.906,0.0042,16,62.4,100.0,28.9,45.2,50.0,66.7,99.7,0.6578,3.71,1.0,0.0043,18,61.2,ok
C2040,100.0,70.9,97.3,100.0,90.9,76.9,0.6807,2.41,0.755,0.0063,51,88.5,100.0,70.9,97.3,100.0,66.7,76.9,0.6095,3.95,0.993,0.0075,76,84.4,ok
C2041,100.0,72.5,78.3,53.2,81.9,98.2,0.6775,3.08,0.843,0.0072,18,78.7,100.0,72.5,78.3,53.2,66.7,98.2,0.6407,4,1.0,0.0072,16,76.1,ok
C2042,100.0,66.7,75.8,100.0,79.2,90.9,0.6775,3,0.869,0.0047,14,82.3,100.0,66.7,75.8,100.0,66.7,90.9,0.6324,4,1.0,0.0058,22,80.2,ok
C2043,100.0,81.7,83.3,62.1,96.0,88.5,0.7026,2.6,0.705,0.0057,10,85.3,100.0,81.7,83.3,66.3,66.7,88.5,0.6464,4,1.0,0.0057,11,80.8,ok
C2044,100.0,38.5,72.3,50.0,67.8,78.9,0.6866,3.62,0.981,0.0045,15,68.0,100.0,38.5,72.3,50.0,66.7,78.9,0.6558,4,1.0,0.0049,24,67.8,ok
C2045,100.0,51.9,58.3,41.7,89.3,96.0,0.6749,2.83,0.771,0.005,10,70.6,100.0,51.9,58.3,33.3,66.7,96.0,0.6531,4,1.0,0.0056,8,65.9,ok
C2046,100.0,46.8,94.3,97.7,100.0,96.8,0.7213,2.23,0.657,0.0054,17,86.9,100.0,46.8,94.3,97.7,66.7,96.8,0.6379,3.98,1.0,0.0061,22,81.2,ok
C2047,100.0,54.1,59.5,41.7,86.5,87.2,0.6509,2.99,0.798,0.0066,10,71.6,100.0,54.1,59.5,50.0,66.7,87.2,0.6157,4,1.0,0.0066,14,69.1,ok
C2048,100.0,71.7,59.6,25.0,77.7,72.1,0.6824,3.21,0.884,0.0055,6,68.9,100.0,71.7,59.6,29.2,66.7,72.1,0.6433,4,1.0,0.0062,7,67.5,ok
C2049,100.0,28.9,78.6,33.3,89.9,90.6,0.666,2.59,0.765,0.0049,8,71.9,100.0,28.9,78.6,41.7,66.7,90.6,0.6152,3.97,1.0,0.0057,10,68.8,ok
C2050,100.0,66.7,66.1,45.8,78.7,69.0,0.685,2.91,0.874,0.006,11,71.3,100.0,66.7,66.1,50.0,66.7,69.0,0.6415,3.97,1.0,0.0067,23,69.7,ok
C2051,100.0,24.4,94.6,77.7,89.1,88.4,0.6797,2.74,0.773,0.0052,13,80.3,100.0,24.4,94.6,77.7,66.7,88.4,0.6461,4,1.0,0.0059,14,76.5,ok
C2052,100.0,66.7,72.2,100.0,86.0,99.1,0.683,3.03,0.803,0.0057,28,83.2,100.0,66.7,72.2,100.0,67.1,99.1,0.6213,3.94,0.988,0.0058,26,80.0,ok
C2053,100.0,44.5,59.2,100.0,92.3,90.7,0.672,2.21,0.741,0.0057,19,78.0,91.9,44.5,59.2,100.0,66.7,90.7,0.5857,3.78,1.0,0.0064,28,72.6,ok
C2054,100.0,61.6,81.0,37.5,82.4,80.8,0.7323,3.03,0.838,0.0067,9,75.1,100.0,61.6,81.0,50.0,66.7,80.8,0.6902,4,1.0,0.0067,20,73.7,ok
C2055,100.0,32.2,50.8,41.7,72.2,78.9,0.6967,3.67,0.938,0.0045,10,60.8,100.0,32.2,50.8,50.0,66.7,78.9,0.6761,4,1.0,0.0048,32,60.7,ok
C2056,100.0,75.8,73.3,100.0,80.1,82.2,0.6836,3.01,0.861,0.0058,12,82.1,100.0,75.8,73.3,100.0,66.7,82.2,0.6504,4,1.0,0.0061,32,79.8,ok
C2057,100.0,69.1,60.7,78.2,77.1,92.8,0.681,3.31,0.89,0.005,27,75.4,100.0,69.1,60.7,78.2,66.7,92.8,0.6633,4,1.0,0.0051,30,73.6,ok
C2058,100.0,50.0,98.1,31.9,79.2,85.8,0.6836,3.07,0.869,0.0054,7,75.4,100.0,50.0,98.1,52.7,66.7,85.8,0.6207,4,1.0,0.0056,13,75.4,ok
C2059,100.0,70.2,83.6,29.2,88.3,95.4,0.7136,2.87,0.78,0.0084,7,79.2,100.0,70.2,83.6,41.7,67.2,95.4,0.6678,3.93,0.987,0.0084,10,76.8,ok
C2060,100.0,76.8,64.9,85.9,78.0,99.0,0.6794,3.17,0.881,0.0063,16,79.8,100.0,76.8,64.9,85.9,66.7,99.0,0.6427,4,1.0,0.0063,21,77.9,ok
C2061,100.0,67.8,53.3,50.0,81.4,100.0,0.6576,3.2,0.848,0.0058,22,72.5,100.0,67.8,53.3,50.0,66.7,100.0,0.6326,4,1.0,0.0058,30,70.0,ok
C2062,100.0,51.1,69.4,50.0,75.3,99.7,0.7013,2.86,0.908,0.0062,19,72.6,100.0,51.1,69.4,50.0,66.7,99.7,0.662,3.67,1.0,0.0062,14,71.1,ok
C2063,100.0,51.1,95.8,100.0,96.6,98.7,0.6807,2.14,0.699,0.0059,18,87.8,100.0,51.1,95.8,100.0,66.7,98.7,0.6211,3.99,1.0,0.0071,18,82.7,ok
C2064,100.0,60.0,77.8,25.0,79.7,62.1,0.6857,2.92,0.865,0.0054,6,70.2,100.0,60.0,77.8,41.7,66.7,62.1,0.6262,3.99,1.0,0.0065,10,69.7,ok
C2065,100.0,44.6,81.4,69.8,83.4,77.6,0.7262,2.48,0.828,0.0047,10,76.8,100.0,44.6,81.4,78.2,66.7,77.6,0.6336,3.68,1.0,0.0059,24,74.8,ok
C2066,100.0,54.7,57.4,100.0,73.5,77.1,0.7264,3.4,0.925,0.0055,23,73.4,100.0,54.7,57.4,100.0,66.7,77.1,0.6822,4,1.0,0.0056,29,72.2,ok
C2067,100.0,39.5,56.7,56.3,73.5,80.0,0.6735,3.12,0.925,0.0053,5,66.4,100.0,39.5,56.7,85.5,66.7,80.0,0.6295,4,1.0,0.0053,21,68.2,ok
C2068,100.0,66.7,74.8,74.1,80.1,95.9,0.695,2.98,0.861,0.0067,18,79.7,100.0,66.7,74.8,74.1,66.7,95.9,0.6565,3.98,1.0,0.0067,22,77.4,ok
C2069,100.0,84.4,62.5,99.5,83.1,90.0,0.671,3.17,0.831,0.0061,22,81.2,100.0,84.4,62.5,99.5,66.7,90.0,0.6434,4,1.0,0.0061,37,78.4,ok
C2070,100.0,68.3,81.6,75.8,86.3,84.1,0.6606,2.72,0.8,0.0075,10,80.5,100.0,68.3,81.6,84.1,67.8,84.1,0.6154,3.93,0.981,0.0074,19,78.2,ok
C2071,100.0,73.3,65.8,66.4,73.4,92.4,0.6602,3.44,0.926,0.0073,13,76.1,100.0,73.3,65.8,66.4,66.7,92.4,0.625,4,1.0,0.0073,20,74.9,ok
C2072,100.0,28.9,70.1,80.7,71.0,100.0,0.6734,3.47,0.95,0.0043,9,72.5,100.0,28.9,70.1,93.2,66.7,100.0,0.6547,4,1.0,0.0044,16,73.0,ok
C2073,100.0,46.6,73.0,100.0,67.6,96.9,0.6854,3.31,0.983,0.0077,20,76.7,100.0,46.6,73.0,100.0,66.7,96.9,0.6577,3.96,1.0,0.0077,24,76.6,ok
C2074,100.0,22.8,73.2,25.0,77.0,100.0,0.6822,3.16,0.891,0.0052,6,68.3,100.0,22.8,73.2,50.0,66.7,100.0,0.6325,4,1.0,0.0052,14,69.1,ok
C2075,100.0,50.0,56.2,75.9,69.1,100.0,0.6891,3.62,0.968,0.0048,12,70.5,100.0,50.0,56.2,75.9,66.7,100.0,0.6805,4,1.0,0.0048,13,70.1,ok
C2076,100.0,16.7,78.3,50.0,75.2,96.6,0.6738,3.26,0.909,0.0062,20,69.3,100.0,16.7,78.3,50.0,66.7,96.6,0.6245,4,1.0,0.0062,16,67.9,ok
C2077,100.0,61.1,64.9,100.0,78.7,100.0,0.6768,3.13,0.874,0.0053,31,80.2,100.0,61.1,64.9,100.0,66.7,100.0,0.6306,4,1.0,0.0053,40,78.1,ok
C2078,100.0,71.8,92.6,73.1,82.9,99.6,0.7332,2.44,0.833,0.007,11,85.6,100.0,71.8,92.6,73.1,66.7,99.6,0.6512,3.61,1.0,0.0067,11,82.8,ok
C2079,100.0,67.5,76.0,53.7,78.8,66.7,0.6969,3.22,0.873,0.0077,7,74.2,100.0,67.5,76.0,62.0,66.7,66.7,0.6643,4,1.0,0.0072,9,73.0,ok
C2080,100.0,86.8,75.6,65.2,80.1,95.9,0.709,3.05,0.861,0.0084,8,82.0,100.0,86.8,75.6,81.8,66.7,95.9,0.6646,3.97,1.0,0.0084,22,81.4,ok
C2081,100.0,66.7,75.4,87.7,95.8,89.3,0.6562,2.51,0.707,0.0059,18,83.0,100.0,66.7,75.4,87.7,78.3,89.3,0.6274,3.63,0.878,0.0073,26,80.0,ok
C2082,100.0,40.0,59.5,37.5,70.0,92.5,0.6936,3.36,0.959,0.0047,9,67.2,100.0,40.0,59.5,50.0,66.7,92.5,0.6732,4,1.0,0.0054,18,67.9,ok
C2083,100.0,68.0,62.9,100.0,77.6,99.7,0.6637,3.35,0.885,0.0063,18,79.4,100.0,68.0,62.9,100.0,66.7,99.7,0.6419,4.0,1.0,0.0063,48,77.5,ok
C2084,100.0,66.7,60.7,41.7,71.3,87.7,0.714,3.41,0.947,0.0063,10,70.3,100.0,66.7,60.7,50.0,66.7,87.7,0.6736,4,1.0,0.0063,35,70.4,ok
C2085,100.0,24.6,70.7,82.7,72.9,100.0,0.6901,3.33,0.931,0.0067,13,72.3,100.0,24.6,70.7,82.7,66.7,100.0,0.6484,4,1.0,0.0067,20,71.3,ok
C2086,100.0,74.8,65.9,12.5,87.5,97.9,0.6939,2.83,0.788,0.0047,3,74.4,100.0,74.8,65.9,20.8,66.7,97.9,0.6508,3.99,1.0,0.0057,5,71.7,ok
C2087,100.0,71.2,98.4,100.0,92.7,95.3,0.6904,2.34,0.737,0.0073,23,92.1,100.0,71.2,98.4,100.0,67.9,95.3,0.6008,3.87,0.98,0.0076,33,87.9,ok
C2088,100.0,42.2,72.1,100.0,75.1,96.6,0.68,3.28,0.91,0.0053,15,77.8,100.0,42.2,72.1,100.0,66.7,96.6,0.6586,4,1.0,0.0064,31,76.4,ok
C2089,100.0,79.7,74.2,53.6,75.6,100.0,0.7088,3.31,0.905,0.0063,16,78.9,100.0,79.7,74.2,53.6,66.7,100.0,0.6832,4,1.0,0.0066,17,77.4,ok
C2090,100.0,70.2,87.6,85.9,83.6,44.6,0.7192,2.64,0.826,0.0054,21,78.6,100.0,70.2,87.6,85.9,66.7,44.6,0.6563,3.77,1.0,0.0065,18,75.7,ok
C2091,100.0,40.0,78.0,29.2,79.6,94.3,0.6668,3.04,0.866,0.0059,7,71.8,100.0,40.0,78.0,37.5,66.7,94.3,0.6297,3.96,1.0,0.0058,9,70.4,ok
C2092,100.0,29.7,59.4,41.7,73.6,96.3,0.7103,3.12,0.924,0.0043,10,66.1,100.0,29.7,59.4,33.3,66.7,96.3,0.6626,3.96,1.0,0.0049,8,64.1,ok
C2093,100.0,66.7,54.4,41.7,78.0,100.0,0.6659,3.1,0.881,0.0059,10,71.5,100.0,66.7,54.4,50.0,66.7,100.0,0.6215,4,1.0,0.0072,12,70.4,ok
C2094,100.0,66.7,80.0,100.0,88.0,100.0,0.712,2.77,0.783,0.005,15,85.9,100.0,66.7,80.0,100.0,67.9,100.0,0.6505,3.87,0.98,0.0052,17,82.4,ok
C2095,100.0,41.6,78.9,84.1,85.3,100.0,0.7141,3.05,0.81,0.005,17,79.6,100.0,41.6,78.9,84.1,66.7,100.0,0.6685,4,1.0,0.005,21,76.4,ok
C2096,100.0,70.4,59.1,99.1,73.3,71.5,0.6603,3.56,0.927,0.0067,20,74.1,100.0,70.4,59.1,99.1,68.2,71.5,0.6491,3.93,0.977,0.0067,25,73.2,ok
C2097,100.0,63.1,74.4,50.0,76.8,100.0,0.6862,3.11,0.893,0.0072,12,76.4,100.0,63.1,74.4,50.0,66.7,100.0,0.6292,4,1.0,0.0072,21,74.7,ok
C2098,100.0,72.6,80.0,70.5,86.3,86.6,0.6811,2.83,0.8,0.0065,7,81.7,100.0,72.6,80.0,91.4,68.7,86.6,0.6377,3.92,0.972,0.0064,22,80.8,ok
C2099,100.0,76.1,78.9,36.4,87.4,84.3,0.7115,2.81,0.789,0.0073,6,78.4,100.0,76.1,78.9,61.4,66.7,84.3,0.6428,3.93,1.0,0.0077,13,77.4,ok
C2100,100.0,67.3,80.0,100.0,80.8,79.9,0.6655,3.11,0.854,0.0067,26,83.0,100.0,67.3,80.0,100.0,66.7,79.9,0.6325,4,1.0,0.0067,24,80.6,ok
C2101,100.0,55.8,61.5,45.8,67.2,79.6,0.7178,3.7,0.987,0.0048,11,65.9,100.0,55.8,61.5,50.0,66.7,79.6,0.6833,4,1.0,0.0048,22,66.2,ok
C2102,100.0,75.2,59.2,29.2,74.9,100.0,0.688,3.36,0.911,0.0066,7,72.1,100.0,75.2,59.2,50.0,66.7,100.0,0.6549,4,1.0,0.0063,27,72.9,ok
C2103,100.0,66.8,80.0,50.0,72.7,100.0,0.7082,3.37,0.933,0.0043,13,77.0,100.0,66.8,80.0,50.0,66.7,100.0,0.6938,4,1.0,0.0043,21,76.0,ok
C2104,100.0,66.7,88.7,20.8,90.4,76.9,0.687,2.68,0.76,0.0073,5,77.0,100.0,66.7,88.7,37.5,66.7,76.9,0.6506,4,1.0,0.0077,9,74.7,ok
C2105,100.0,50.5,88.8,75.0,85.6,100.0,0.6725,2.78,0.807,0.0066,6,82.1,100.0,50.5,88.8,91.7,66.7,100.0,0.6352,4,1.0,0.0066,10,80.6,ok
C2106,100.0,50.0,83.1,100.0,78.4,100.0,0.6804,3.05,0.877,0.005,19,82.1,100.0,50.0,83.1,100.0,66.7,100.0,0.6436,4,1.0,0.0051,19,80.1,ok
C2107,100.0,51.4,59.3,50.0,66.9,100.0,0.6845,3.6,0.99,0.0053,15,69.2,100.0,51.4,59.3,50.0,66.7,100.0,0.6547,4,1.0,0.0054,16,69.2,ok
C2108,100.0,51.4,72.4,100.0,80.2,98.2,0.656,2.95,0.86,0.006,17,78.5,100.0,51.4,72.4,100.0,66.7,98.2,0.6143,3.69,1.0,0.0059,36,76.2,ok
C2109,100.0,40.0,62.3,37.5,82.2,91.6,0.6382,3.18,0.84,0.0054,9,68.7,100.0,40.0,62.3,50.0,66.7,91.6,0.6169,3.99,1.0,0.0054,26,67.4,ok
C2110,100.0,66.0,71.5,45.8,87.1,94.7,0.6935,2.92,0.792,0.0047,11,76.9,100.0,66.0,71.5,50.0,69.5,94.7,0.6467,3.89,0.964,0.0052,13,74.3,ok
C2111,100.0,22.2,71.3,63.6,74.8,100.0,0.6759,3.35,0.912,0.0049,11,70.5,100.0,22.2,71.3,59.4,66.7,100.0,0.643,4,1.0,0.0055,10,68.7,ok
C2112,100.0,27.2,74.5,67.3,85.1,94.9,0.7058,2.77,0.812,0.0057,12,73.6,100.0,27.2,74.5,67.3,66.7,94.9,0.6282,4,1.0,0.0064,13,70.4,ok
C2113,100.0,22.2,71.8,74.5,75.6,91.9,0.6461,3.27,0.905,0.0054,17,70.9,100.0,22.2,71.8,74.5,66.7,91.9,0.6163,4,1.0,0.0055,16,69.4,ok
C2114,100.0,66.7,80.2,16.7,83.4,72.3,0.691,3,0.828,0.0043,4,72.5,100.0,66.7,80.2,41.7,68.5,72.3,0.6399,3.87,0.974,0.0051,10,72.5,ok
C2115,100.0,71.8,66.8,100.0,78.4,100.0,0.6854,2.71,0.877,0.0063,32,81.8,100.0,71.8,66.8,100.0,66.7,100.0,0.6392,3.62,1.0,0.0069,23,79.8,ok
C2116,100.0,22.2,63.3,50.0,100.0,100.0,0.6566,2.36,0.615,0.007,18,72.5,100.0,22.2,63.3,50.0,89.8,100.0,0.6205,3.26,0.766,0.0072,17,70.7,ok
C2117,100.0,46.7,85.0,94.5,76.8,100.0,0.7296,2.56,0.893,0.0051,21,81.4,100.0,46.7,85.0,94.5,66.7,100.0,0.6648,3.52,1.0,0.0054,18,79.7,ok
C2118,100.0,67.7,68.0,62.1,77.8,84.1,0.6759,3.21,0.883,0.0072,10,75.3,100.0,67.7,68.0,70.5,66.7,84.1,0.6429,4,1.0,0.0073,13,74.3,ok
C2119,100.0,42.2,51.8,32.8,69.3,96.2,0.683,3.46,0.966,0.005,7,65.3,100.0,42.2,51.8,53.6,66.7,96.2,0.6528,4,1.0,0.0054,15,67.0,ok
C2120,100.0,43.3,67.5,50.0,70.6,70.5,0.6381,3.6,0.954,0.0057,14,68.1,100.0,43.3,67.5,50.0,66.7,70.5,0.6133,4,1.0,0.0057,27,67.4,ok
C2121,100.0,61.1,56.2,53.1,68.5,99.7,0.663,3.39,0.974,0.0057,11,70.6,100.0,61.1,56.2,57.3,66.7,99.7,0.6562,4,1.0,0.0057,21,70.7,ok
C2122,100.0,68.7,60.0,50.0,74.3,94.7,0.6477,3.5,0.917,0.0063,24,71.2,100.0,68.7,60.0,50.0,66.7,94.7,0.6317,4,1.0,0.0066,27,69.9,ok
C2123,100.0,67.3,94.3,70.4,94.0,99.7,0.6882,2.57,0.725,0.0058,11,87.0,100.0,67.3,94.3,74.5,66.7,99.7,0.6302,3.99,1.0,0.0071,27,82.8,ok
C2124,100.0,71.6,86.6,100.0,100.0,93.4,0.6672,2.46,0.655,0.0066,26,88.5,100.0,71.6,86.6,100.0,66.7,93.4,0.6134,4.0,1.0,0.0068,28,82.8,ok
C2125,100.0,66.7,68.2,50.0,80.7,63.0,0.6755,3,0.855,0.0065,13,71.7,100.0,66.7,68.2,50.0,66.7,63.0,0.6305,3.97,1.0,0.0071,25,69.3,ok
C2126,100.0,50.0,56.5,25.0,74.9,75.9,0.6712,3.41,0.911,0.006,6,64.0,100.0,50.0,56.5,50.0,66.7,75.9,0.6382,4,1.0,0.006,15,65.2,ok
C2127,100.0,71.4,64.4,20.8,76.2,79.0,0.7171,3.3,0.899,0.0058,5,69.9,100.0,71.4,64.4,45.8,66.7,79.0,0.6708,4,1.0,0.0058,11,70.8,ok
C2128,100.0,83.7,85.3,56.4,85.1,98.1,0.7285,2.88,0.812,0.0073,12,83.9,100.0,83.7,85.3,56.4,66.7,98.1,0.6816,4,1.0,0.0073,14,80.8,ok
C2129,100.0,67.8,77.5,100.0,80.7,93.7,0.6729,3.0,0.855,0.0073,21,84.6,100.0,67.8,77.5,100.0,66.7,93.7,0.6206,3.99,1.0,0.0073,34,82.2,ok
C2130,100.0,80.0,68.2,37.5,79.2,92.5,0.6948,3.27,0.869,0.0054,9,75.4,100.0,80.0,68.2,50.0,66.7,92.5,0.6679,4,1.0,0.0056,22,74.6,ok
C2131,100.0,49.4,76.6,75.5,79.4,90.6,0.7408,3.04,0.867,0.0045,12,75.6,100.0,49.4,76.6,71.3,66.7,90.6,0.7006,3.95,1.0,0.0052,11,73.0,ok
C2132,100.0,50.0,82.5,100.0,78.4,97.5,0.6632,3.94,0.877,0.0051,20,83.2,100.0,50.0,82.5,100.0,68.1,97.5,0.6437,5.51,0.978,0.0054,31,81.4,ok
C2133,100.0,66.7,73.4,45.8,80.5,86.6,0.6697,3.19,0.857,0.0051,11,74.9,100.0,66.7,73.4,50.0,67.4,86.6,0.6472,3.96,0.985,0.0054,22,73.1,ok
C2134,95.8,50.2,85.8,32.0,95.7,96.3,0.7366,2.69,0.708,0.0041,3,79.2,100.0,50.2,85.8,69.5,66.7,96.3,0.6592,3.99,1.0,0.0056,21,78.6,ok
C2135,100.0,66.7,76.9,37.3,74.8,92.4,0.6973,3.2,0.912,0.0053,7,75.3,100.0,66.7,76.9,58.2,66.7,92.4,0.6644,4,1.0,0.0059,31,76.1,ok
C2136,100.0,69.6,64.7,100.0,82.8,88.5,0.7104,2.86,0.834,0.0049,27,80.5,100.0,69.6,64.7,100.0,66.7,88.5,0.6616,3.99,1.0,0.0059,42,77.8,ok
C2137,100.0,33.3,59.3,100.0,73.1,100.0,0.6977,3.39,0.929,0.0066,17,73.3,100.0,33.3,59.3,100.0,66.7,100.0,0.6758,4,1.0,0.0066,20,72.2,ok
C2138,100.0,75.8,58.4,77.3,75.9,100.0,0.6884,3.23,0.902,0.0073,13,78.0,100.0,75.8,58.4,77.3,66.7,100.0,0.6402,4,1.0,0.0073,17,76.4,ok
C2139,100.0,62.6,56.5,29.2,72.3,86.3,0.6349,3.44,0.937,0.0077,7,68.1,100.0,62.6,56.5,41.7,66.7,86.3,0.6188,4,1.0,0.0075,10,68.4,ok
C2140,100.0,58.4,85.9,79.5,85.4,82.4,0.6475,3.01,0.809,0.005,14,81.2,100.0,58.4,85.9,79.5,66.7,82.4,0.6143,4,1.0,0.0052,16,78.0,ok
C2141,100.0,66.7,58.4,65.9,73.4,83.1,0.6532,3.38,0.926,0.0067,12,72.9,100.0,66.7,58.4,65.9,66.7,83.1,0.6164,4,1.0,0.0067,14,71.8,ok
C2142,100.0,22.2,73.2,94.0,77.2,91.0,0.691,3.15,0.889,0.0054,11,75.1,100.0,22.2,73.2,98.2,66.7,91.0,0.6344,3.98,1.0,0.0062,20,73.8,ok
C2143,100.0,66.7,71.5,100.0,78.7,95.7,0.7007,3.13,0.874,0.0057,21,81.2,100.0,66.7,71.5,100.0,66.7,95.7,0.655,3.99,1.0,0.0061,44,79.2,ok
C2144,95.8,66.7,66.4,42.1,82.9,90.2,0.7161,2.98,0.833,0.0041,4,74.1,100.0,66.7,66.4,71.3,66.7,90.2,0.6525,4,1.0,0.0048,11,74.8,ok
C2145,100.0,24.4,63.4,25.0,69.4,87.5,0.7069,3.46,0.965,0.0048,6,63.8,100.0,24.4,63.4,50.0,66.7,87.5,0.6648,4,1.0,0.0048,12,65.9,ok
C2146,100.0,41.0,77.7,54.9,75.1,93.7,0.7169,3.34,0.91,0.005,11,74.8,100.0,41.0,77.7,59.1,66.7,93.7,0.6817,4,1.0,0.0051,13,73.8,ok
C2147,100.0,82.8,82.0,82.7,84.2,82.7,0.7012,2.93,0.821,0.0057,15,83.7,100.0,82.8,82.0,82.7,66.7,82.7,0.6487,4,1.0,0.0057,19,80.7,ok
C2148,100.0,73.2,70.7,83.0,81.9,91.0,0.6992,3.11,0.843,0.0043,9,80.1,100.0,73.2,70.7,95.5,69.4,91.0,0.6556,3.84,0.965,0.005,18,79.2,ok
C2149,100.0,70.3,89.6,100.0,98.7,89.0,0.6739,2.57,0.679,0.0077,21,89.8,100.0,70.3,89.6,100.0,66.7,89.0,0.6131,4,1.0,0.0077,19,84.4,ok
C2150,100.0,48.9,74.4,50.3,88.0,92.7,0.72,2.82,0.783,0.005,4,76.6,100.0,48.9,74.4,83.6,68.5,92.7,0.6699,3.88,0.974,0.0055,20,76.7,ok
C2151,100.0,73.2,65.9,47.1,84.7,94.4,0.7002,3.17,0.816,0.0068,10,74.7,100.0,73.2,65.9,47.1,66.7,94.4,0.6603,4,1.0,0.0068,10,71.6,ok
C2152,100.0,66.7,68.1,70.2,81.8,100.0,0.6753,3.1,0.844,0.0063,9,78.7,100.0,66.7,68.1,82.7,66.7,100.0,0.6223,4,1.0,0.0063,22,77.4,ok
C2153,100.0,70.3,85.8,50.0,81.3,99.3,0.6843,2.95,0.849,0.0054,12,80.8,100.0,70.3,85.8,50.0,66.7,99.3,0.643,4,1.0,0.0057,15,78.3,ok
C2154,100.0,50.0,54.4,50.0,69.7,99.1,0.7488,3.87,0.962,0.005,29,64.3,100.0,50.0,54.4,50.0,66.7,99.1,0.7479,4,1.0,0.005,36,63.8,ok
C2155,100.0,52.7,89.2,50.0,85.9,100.0,0.6968,2.75,0.804,0.0046,12,79.7,100.0,52.7,89.2,50.0,66.7,100.0,0.6381,4,1.0,0.006,24,76.5,ok
C2156,100.0,56.1,89.3,33.3,90.5,99.0,0.6954,2.64,0.759,0.0064,8,79.4,100.0,56.1,89.3,50.0,66.7,99.0,0.6543,4,1.0,0.0073,17,77.1,ok
C2157,100.0,34.9,99.7,37.5,84.5,91.3,0.6655,2.75,0.818,0.0055,9,77.1,100.0,34.9,99.7,50.0,66.7,91.3,0.6212,4,1.0,0.0063,12,75.4,ok
C2158,100.0,35.6,74.3,100.0,87.6,100.0,0.6817,2.4,0.787,0.0062,21,79.8,100.0,35.6,74.3,100.0,69.3,100.0,0.6342,3.3,0.966,0.0066,41,76.7,ok
C2159,100.0,25.6,70.9,50.0,74.5,84.8,0.6825,3.27,0.915,0.0064,13,68.8,100.0,25.6,70.9,50.0,66.7,84.8,0.6238,4,1.0,0.0067,18,67.4,ok
C2160,100.0,55.4,75.8,50.6,100.0,72.3,0.7132,2.04,0.663,0.0062,8,76.1,100.0,55.4,75.8,67.3,66.7,72.3,0.6285,3.98,1.0,0.0067,12,72.1,ok
C2161,100.0,52.2,56.0,100.0,91.8,94.7,0.6402,2.71,0.746,0.0067,28,76.5,100.0,52.2,56.0,100.0,74.6,94.7,0.6075,3.59,0.914,0.0072,28,73.6,ok
C2162,100.0,74.5,95.6,100.0,89.9,79.6,0.7041,2.4,0.765,0.0069,25,89.0,100.0,74.5,95.6,100.0,66.7,79.6,0.6258,3.87,0.994,0.0079,34,85.1,ok
C2163,100.0,74.8,85.9,20.8,99.3,98.5,0.7169,2.38,0.673,0.0058,5,81.3,100.0,74.8,85.9,50.0,66.7,98.5,0.644,3.99,1.0,0.0059,12,78.7,ok
C2164,100.0,17.6,53.7,50.0,73.1,99.3,0.7028,3.43,0.929,0.0049,13,64.6,100.0,17.6,53.7,37.5,66.7,99.3,0.6529,4,1.0,0.005,9,62.2,ok
C2165,100.0,66.7,63.2,20.8,69.0,100.0,0.6734,3.61,0.969,0.0063,5,68.9,100.0,66.7,63.2,50.0,66.7,100.0,0.6473,4,1.0,0.0063,33,71.5,ok
C2166,100.0,68.0,46.6,61.4,70.2,67.6,0.6782,3.73,0.957,0.0057,22,65.5,100.0,68.0,46.6,61.4,66.7,67.6,0.6571,4,1.0,0.006,28,64.9,ok
C2167,100.0,39.5,52.1,33.3,66.7,83.2,0.7033,3.48,1.0,0.005,8,62.3,100.0,39.5,52.1,50.0,66.7,83.2,0.6505,4,1.0,0.0054,12,64.0,ok
C2168,100.0,56.9,63.3,50.0,68.9,97.2,0.6622,3.36,0.97,0.0062,13,70.4,100.0,56.9,63.3,45.8,66.7,97.2,0.6175,3.96,1.0,0.0063,11,69.6,ok
C2169,100.0,53.4,69.6,54.8,80.0,90.9,0.6623,3.15,0.862,0.0058,9,73.8,100.0,53.4,69.6,67.3,66.7,90.9,0.6332,4,1.0,0.0061,16,72.8,ok
C2170,100.0,43.3,62.4,50.0,69.8,74.0,0.6807,3.51,0.961,0.005,12,66.1,100.0,43.3,62.4,50.0,66.7,74.0,0.6522,4,1.0,0.0053,19,65.6,ok
C2171,100.0,56.8,72.3,75.9,67.0,100.0,0.8604,3.87,0.989,0.0058,18,75.5,100.0,56.8,72.3,75.9,66.7,100.0,0.8068,4.88,1.0,0.0062,22,75.5,ok
C2172,100.0,23.3,55.0,100.0,69.1,100.0,0.6608,3.47,0.968,0.0048,13,69.6,100.0,23.3,55.0,100.0,66.7,100.0,0.6423,4,1.0,0.0048,17,69.2,ok
C2173,100.0,68.4,56.9,37.5,69.9,96.6,0.6658,3.66,0.96,0.0088,9,69.7,100.0,68.4,56.9,50.0,66.7,96.6,0.636,3.98,1.0,0.0088,33,70.4,ok
C2174,100.0,32.0,58.5,41.5,66.7,98.7,0.7063,3.65,1.0,0.0054,8,63.8,100.0,32.0,58.5,49.8,66.7,98.7,0.659,4,1.0,0.0054,10,64.6,ok
C2175,100.0,48.9,71.2,100.0,69.1,95.0,0.877,4.16,0.968,0.0065,24,76.6,100.0,48.9,71.2,100.0,66.7,95.0,0.7696,5.82,1.0,0.007,49,76.2,ok
C2176,100.0,79.5,76.2,33.3,70.4,91.3,0.6789,3.23,0.955,0.005,8,74.7,100.0,79.5,76.2,45.8,66.7,91.3,0.6579,4,1.0,0.0052,11,75.4,ok
C2177,100.0,22.2,69.0,100.0,82.5,100.0,0.6105,3.08,0.837,0.005,21,75.5,97.8,22.2,69.0,100.0,72.9,100.0,0.5927,3.7,0.931,0.0052,18,73.6,ok
C2178,100.0,44.4,85.6,55.3,92.0,99.6,0.6382,2.65,0.744,0.0051,4,79.4,100.0,44.4,85.6,72.0,66.7,99.6,0.6271,4,1.0,0.0058,8,76.8,ok
C2179,100.0,40.0,53.9,20.8,71.1,99.7,0.6841,3.37,0.949,0.0053,5,65.3,100.0,40.0,53.9,33.3,66.7,99.7,0.6423,4,1.0,0.0061,8,65.8,ok
C2180,100.0,71.4,59.4,46.6,68.5,100.0,0.7054,3.55,0.974,0.0077,9,73.0,100.0,71.4,59.4,54.9,66.7,100.0,0.6705,4,1.0,0.0077,11,73.5,ok
C2181,100.0,66.7,57.4,74.1,73.4,93.2,0.6468,3.57,0.926,0.0067,16,74.0,100.0,66.7,57.4,74.1,66.7,93.2,0.6313,4,1.0,0.0065,28,72.8,ok
C2182,100.0,15.6,39.3,41.7,76.3,88.7,0.6648,3.55,0.898,0.005,10,57.5,100.0,15.6,39.3,50.0,66.7,88.7,0.6554,4,1.0,0.0052,12,56.8,ok
C2183,100.0,38.0,70.1,91.7,72.0,91.5,0.713,3.22,0.94,0.0047,10,75.3,100.0,38.0,70.1,100.0,66.7,91.5,0.6665,4,1.0,0.0056,24,75.3,ok
C2184,100.0,57.9,49.9,37.5,100.0,77.0,0.6157,2.48,0.607,0.0065,9,69.2,100.0,57.9,49.9,45.8,82.5,77.0,0.5997,3.51,0.837,0.0065,11,67.1,ok
C2185,100.0,66.8,45.9,50.0,100.0,71.5,0.6236,2.82,0.636,0.0067,12,66.8,100.0,66.8,45.9,50.0,81.8,71.5,0.6116,3.53,0.844,0.0067,17,63.7,ok
C2186,100.0,48.9,49.4,37.5,68.3,100.0,0.7278,3.83,0.976,0.0043,9,62.9,100.0,48.9,49.4,50.0,66.7,100.0,0.7063,4,1.0,0.0046,12,63.9,ok
C2187,100.0,77.7,53.6,65.9,69.7,100.0,0.7241,3.49,0.962,0.0061,12,73.1,100.0,77.7,53.6,65.9,66.7,100.0,0.6877,4,1.0,0.007,20,72.6,ok
C2188,100.0,64.3,87.5,100.0,80.2,97.5,0.698,4,0.86,0.0046,14,84.7,100.0,64.3,87.5,100.0,66.7,97.5,0.6932,5.78,1.0,0.0049,19,82.4,ok
C2189,100.0,47.1,56.4,87.5,94.2,70.9,0.6562,2.55,0.723,0.007,9,73.0,100.0,47.1,56.4,100.0,77.2,70.9,0.608,3.67,0.889,0.0071,22,71.4,ok
C2190,100.0,74.1,93.3,38.3,78.9,94.0,0.6842,4.57,0.872,0.0046,7,81.3,100.0,74.1,93.3,54.9,66.7,94.0,0.6526,6.84,1.0,0.0051,11,80.9,ok
C2191,100.0,42.2,44.1,77.3,95.6,98.0,0.6393,2.95,0.709,0.007,23,69.9,100.0,42.2,44.1,77.3,85.3,98.0,0.6277,3.43,0.81,0.0068,27,68.1,ok
C2192,100.0,34.5,62.5,80.0,100.0,92.8,0.645,2.43,0.628,0.0057,14,76.4,100.0,34.5,62.5,80.0,81.8,92.8,0.6139,3.53,0.844,0.0066,18,73.3,ok
C2193,100.0,58.3,58.2,41.7,70.4,96.6,0.7188,3.5,0.955,0.0045,10,67.6,100.0,58.3,58.2,50.0,66.7,96.6,0.6789,3.9,1.0,0.0048,24,67.8,ok
C2194,100.0,40.0,66.7,91.7,71.6,70.8,0.6892,3.15,0.944,0.0057,10,71.5,100.0,40.0,66.7,100.0,66.7,70.8,0.6365,4,1.0,0.0057,17,71.5,ok
C2195,100.0,51.1,72.3,93.2,69.5,84.1,0.7111,3.53,0.964,0.0049,16,74.5,100.0,51.1,72.3,93.2,66.7,84.1,0.6687,4,1.0,0.0058,23,74.0,ok
C2196,100.0,36.7,53.0,91.7,68.1,83.0,0.682,3.54,0.978,0.0051,10,68.9,100.0,36.7,53.0,100.0,66.7,83.0,0.6548,4,1.0,0.0058,23,69.5,ok
C2197,100.0,67.3,69.7,100.0,88.9,100.0,0.767,3.45,0.775,0.0047,33,82.5,100.0,67.3,69.7,100.0,67.5,100.0,0.7371,4.95,0.984,0.0051,42,78.8,ok
C2198,100.0,60.0,57.4,50.0,77.7,95.4,0.7488,4.47,0.884,0.0052,18,69.7,100.0,60.0,57.4,50.0,66.7,95.4,0.7269,5.86,1.0,0.0054,14,67.8,ok
C2199,100.0,84.3,81.3,91.7,88.9,89.4,0.8888,3.05,0.775,0.0063,10,84.9,100.0,84.3,81.3,100.0,70.9,89.4,0.8496,4.4,0.951,0.0063,26,82.7,ok
C2200,100.0,47.0,66.2,91.8,82.5,83.8,0.7102,2.48,0.837,0.0064,17,75.3,100.0,47.0,66.2,91.8,66.7,83.8,0.6282,3.72,1.0,0.0068,18,72.6,ok
C2201,100.0,71.0,57.9,61.4,69.3,93.2,0.6658,3.57,0.966,0.0063,14,72.9,100.0,71.0,57.9,61.4,66.7,93.2,0.6377,4,1.0,0.0063,22,72.5,ok
C2202,100.0,40.9,59.6,50.0,75.4,73.1,0.6753,3.48,0.907,0.0073,14,66.7,100.0,40.9,59.6,50.0,66.7,73.1,0.6468,4,1.0,0.0077,20,65.2,ok
C2203,100.0,62.8,51.1,25.0,69.8,77.2,0.6813,3.66,0.961,0.0054,6,62.7,100.0,62.8,51.1,50.0,66.7,77.2,0.6585,4,1.0,0.0054,14,64.7,ok
C2204,100.0,55.6,75.2,45.8,89.8,86.0,0.6816,2.81,0.766,0.0057,11,75.1,100.0,55.6,75.2,50.0,66.7,86.0,0.6241,4,1.0,0.0062,16,71.6,ok
C2205,100.0,77.0,68.5,50.0,77.8,95.9,0.7074,3.17,0.883,0.005,13,75.6,100.0,77.0,68.5,50.0,66.7,95.9,0.6678,4,1.0,0.0059,25,73.7,ok
C2206,100.0,72.5,73.7,97.7,71.6,94.1,0.6362,3.4,0.944,0.0077,13,81.1,100.0,72.5,73.7,97.7,66.7,94.1,0.6221,4,1.0,0.0077,25,80.3,ok
C2207,100.0,59.4,55.3,86.4,67.1,92.8,0.6339,3.44,0.988,0.0054,24,71.9,100.0,59.4,55.3,86.4,66.7,92.8,0.6065,4,1.0,0.0058,31,71.8,ok
C2208,100.0,52.2,52.5,50.0,72.6,79.7,0.6891,3.57,0.934,0.005,13,66.4,100.0,52.2,52.5,50.0,66.7,79.7,0.6715,4,1.0,0.005,16,65.4,ok
C2209,100.0,35.6,61.4,62.0,81.8,95.6,0.6987,2.73,0.844,0.0054,9,71.1,100.0,35.6,61.4,74.5,66.7,95.6,0.633,3.99,1.0,0.0066,21,69.8,ok
C2210,100.0,45.7,62.0,65.9,80.0,86.9,0.6122,2.82,0.862,0.0077,13,72.6,100.0,45.7,62.0,61.7,66.7,86.9,0.599,3.85,1.0,0.0072,11,69.9,ok
C2211,100.0,58.7,86.0,50.0,75.6,100.0,0.7804,4.71,0.905,0.0049,13,78.3,100.0,58.7,86.0,50.0,66.7,100.0,0.7214,6.6,1.0,0.0058,12,76.8,ok
C2212,100.0,31.1,72.4,82.3,100.0,87.9,0.6204,2.6,0.664,0.0061,16,76.7,100.0,31.1,72.4,82.3,81.8,87.9,0.5967,3.53,0.844,0.0059,16,73.6,ok
C2213,100.0,61.2,61.4,60.5,100.0,88.4,0.6436,2.67,0.636,0.0056,29,75.6,100.0,61.2,61.4,60.5,88.2,88.4,0.6299,3.3,0.781,0.0056,29,73.6,ok
C2214,100.0,40.0,62.8,20.8,66.7,100.0,0.6998,3.69,0.992,0.0077,5,65.7,100.0,40.0,62.8,50.0,66.7,100.0,0.6596,4,1.0,0.0077,32,68.7,ok
C2215,100.0,55.6,77.4,37.5,88.5,100.0,0.6605,2.93,0.778,0.0052,9,76.1,91.7,55.6,77.4,50.0,67.3,100.0,0.5854,4.59,0.986,0.0052,22,72.7,ok
C2216,100.0,48.4,54.7,100.0,69.2,100.0,0.6761,3.62,0.967,0.0074,13,73.1,100.0,48.4,54.7,100.0,66.7,100.0,0.6541,4,1.0,0.0074,16,72.6,ok
C2217,89.6,54.2,86.5,44.4,88.5,97.5,0.6943,3.54,0.778,0.0038,10,76.7,100.0,54.2,86.5,52.7,66.8,97.5,0.6618,6.28,0.991,0.0048,14,75.0,ok
C2218,100.0,45.3,73.7,80.5,94.7,100.0,0.6277,2.53,0.718,0.0062,14,79.9,100.0,45.3,73.7,80.5,78.6,100.0,0.6082,3.62,0.875,0.0063,15,77.1,ok
C2219,98.4,100.0,55.0,100.0,66.7,75.6,0.6674,2.21,1.0,0.0105,20,76.7,100.0,100.0,55.0,100.0,89.3,75.6,0.6104,2.66,0.771,0.009,14,80.7,ok
C2220,100.0,100.0,100.0,100.0,95.1,83.3,0.6421,2.73,0.714,0.0075,24,91.1,100.0,100.0,100.0,100.0,78.2,83.3,0.6403,3.24,0.879,0.0074,25,88.2,ok
C2221,87.5,99.3,100.0,100.0,72.5,100.0,0.7401,2.25,0.935,0.0037,18,89.1,100.0,99.3,100.0,100.0,70.1,100.0,0.6778,3.95,0.958,0.0053,49,90.2,ok
C2222,18.8,88.9,92.3,50.5,87.4,33.3,0.4533,3.68,0.789,0.0124,1,64.4,50.0,88.9,92.3,79.7,73.1,33.3,0.5194,2.88,0.929,0.0101,8,68.7,ok
C2223,50.0,93.4,29.4,25.0,71.2,0.0,0.4009,4.58,0.948,0.0091,6,47.3,50.0,93.4,29.4,20.8,74.3,0.0,0.3958,4.69,0.917,0.0094,5,47.4,ok
C2224,85.2,100.0,100.0,100.0,57.4,98.0,0.5776,1.19,0.159,0.0056,12,86.8,100.0,100.0,100.0,100.0,68.4,98.0,0.7006,3.2,0.975,0.0057,26,90.4,ok
C2225,100.0,83.3,100.0,100.0,67.8,91.4,0.6111,1.29,0.205,0.0097,37,89.3,60.0,83.3,100.0,100.0,77.7,91.4,0.5476,3.64,0.884,0.0088,34,86.3,ok
C2226,100.0,100.0,100.0,100.0,95.5,79.4,0.6094,1.65,0.439,0.0085,21,94.9,69.5,100.0,100.0,100.0,72.1,79.4,0.5589,3.68,0.939,0.0077,36,87.3,ok
C2227,62.2,100.0,100.0,100.0,78.3,68.9,0.5502,2.96,0.878,0.007,30,85.8,61.5,100.0,100.0,100.0,71.2,68.9,0.5494,4.04,0.948,0.0066,59,84.5,ok
HACK:examples/hack_hillclimb.abc,100.0,100.0,89.4,100.0,100.0,100.0,0.6021,2.8,0.663,0.0087,40,94.0,71.8,100.0,89.4,100.0,66.7,100.0,0.5617,4.41,1.0,0.0079,65,85.0,ok
HACK:examples/hack_hillclimb_staccato.abc,100.0,100.0,100.0,100.0,100.0,100.0,0.5987,2.68,0.598,0.0098,43,97.2,83.2,100.0,100.0,100.0,67.3,100.0,0.5753,4.2,0.986,0.0083,49,89.7,ok
HACK:experiments/abc_route/hack_pieces/climb_s1_st0.abc,100.0,100.0,89.4,100.0,100.0,100.0,0.6273,1.74,0.5,0.0104,12,93.7,100.0,100.0,89.4,87.5,66.7,100.0,0.607,2.62,1.0,0.0078,9,86.8,ok
HACK:experiments/abc_route/hack_pieces/climb_s1_st1.abc,100.0,100.0,99.6,100.0,100.0,97.5,0.6151,1.9,0.651,0.0096,13,96.5,87.0,100.0,99.6,100.0,81.5,97.5,0.5798,2.47,0.847,0.0082,16,91.8,ok
HACK:experiments/abc_route/hack_pieces/climb_s2_st0.abc,100.0,100.0,87.2,100.0,100.0,99.7,0.6324,1.76,0.56,0.0091,12,93.0,100.0,100.0,87.2,100.0,66.7,99.7,0.644,2.65,1.0,0.0072,16,87.4,ok
HACK:experiments/abc_route/hack_pieces/climb_s2_st1.abc,100.0,99.9,100.0,100.0,100.0,83.3,0.639,1.77,0.557,0.0073,12,95.2,100.0,99.9,100.0,100.0,78.6,83.3,0.5958,2.47,0.875,0.0061,12,91.5,ok
HACK:experiments/abc_route/hack_pieces/climb_s3_st0.abc,100.0,100.0,89.4,100.0,100.0,83.2,0.663,1.76,0.524,0.0101,12,91.3,100.0,100.0,89.4,95.8,66.7,83.2,0.6382,2.61,1.0,0.0067,11,85.2,ok
HACK:experiments/abc_route/hack_pieces/climb_s3_st1.abc,100.0,100.0,99.0,100.0,100.0,83.0,0.6185,1.8,0.58,0.0096,13,94.9,96.5,100.0,99.0,100.0,79.6,83.0,0.5911,2.43,0.866,0.009,18,91.0,ok
